tree
version=v4
num_class=1
num_tree_per_iteration=1
label_index=0
max_feature_idx=13
objective=binary sigmoid:1
feature_names=Month DayOfWeek CRSDepTime dep_hour_raw Distance CRSElapsedTime origin_hourly_volume dest_hourly_volume UniqueCarrier_freq Origin_freq Dest_freq route_freq dep_hour_bin_freq distance_bin_freq
feature_infos=[1:9] [1:7] [1:2359] [0:23] [21:4502] [15:575] [1:348] [1:422] [0.79183819661640786:0.91433013501415805] [0.5:0.98379052369077302] [0.5:0.97142857142857142] [0:1] [0.80377121474329782:0.91559358571082905] [0.78948064803834128:0.87154817677598873]
tree_sizes=5265 5542 5531 5520 5537 5550 5539 5524 5534 5541 5525 5558 5548 5528 5529 5531 5533 5535 5535 5529 5537 5565 5546 5553 5523 5518 5535 5539 5534 5525 5523 5552 5544 5507 5553 5502 5511 5539 5527 5564 5547 5518 5522 5522 5529 5526 5523 5536 5556 5546 5453 5481 5548 5536 5553 5545 5515 5452 5509 5532 5474 5556 5524 5508 5543 5537 5527 5455 5498 5478 5523 5518 5521 5491 5520 5525 5474 5540 5511 5539 5545 5481 5514 5550 5504 5492 5469 5528 5392 5489 5478 5419 5528 5517 5485 5471 5476 5483 5493 5506

Tree=0
num_leaves=49
num_cat=0
split_feature=11 12 11 0 0 11 12 11 0 11 0 2 11 2 11 2 1 11 2 11 1 3 1 11 10 1 0 2 11 1 0 2 1 5 2 1 4 11 0 10 11 1 1 1 11 11 2 2
split_gain=72723.8 15504.9 12407.6 8927.83 8121.75 7967.08 4095.1 3597.67 2886.94 2311.28 1821.98 1806.65 1572.99 1316.72 1149.71 1119.58 976.429 817.784 685.375 659.631 634.792 559.104 553.24 526.884 503.69 492.26 557.305 485.004 482.301 477.217 444.592 442.025 441.624 433.339 419.082 418.476 380.147 374.347 387.668 354.206 348.96 334.296 328.297 316.339 300.714 290.084 283.175 274.637
threshold=0.82919129244978251 0.83000232769989923 0.89277027289149136 3.5000000000000004 3.5000000000000004 0.757709760617853 0.83000232769989923 0.7354861408554122 3.5000000000000004 0.74471505046562214 3.5000000000000004 1245.5000000000002 0.67772180980915453 1450.5000000000002 0.93066287900928601 820.50000000000011 5.5000000000000009 0.85958698599629002 815.50000000000011 0.92189095683082878 5.5000000000000009 7.5000000000000009 5.5000000000000009 0.80358485638132249 0.80740994692863011 5.5000000000000009 2.5000000000000004 1015.5000000000001 0.67772180980915453 5.5000000000000009 3.5000000000000004 1410.5000000000002 6.5000000000000009 103.50000000000001 800.50000000000011 5.5000000000000009 843.50000000000011 0.86369196554546213 2.5000000000000004 0.8034400510947084 0.92618626640785673 6.5000000000000009 2.5000000000000004 6.5000000000000009 0.80719807557876566 0.78735248981612138 815.50000000000011 1240.5000000000002
decision_type=2 2 2 2 2 2 2 2 2 2 2 2 2 2 2 2 2 2 2 2 2 2 2 2 2 2 2 2 2 2 2 2 2 2 2 2 2 2 2 2 2 2 2 2 2 2 2 2
left_child=1 5 3 11 9 12 17 18 14 24 25 34 35 40 31 -9 30 -5 -6 -15 45 -11 37 47 46 26 44 -8 -20 39 -14 -4 -24 -32 -2 -1 -26 38 -13 -23 -10 -18 -28 -27 -7 -12 -3 -17
right_child=2 4 8 6 7 10 27 15 13 21 20 22 16 19 -16 23 41 -19 28 -21 -22 29 32 -25 36 43 42 -29 -30 -31 33 -33 -34 -35 -36 -37 -38 -39 -40 -41 -42 -43 -44 -45 -46 -47 -48 -49
leaf_value=1.4221124768046391 1.7174378796131322 1.5683298133531696 1.7369261736304447 1.6791899370340304 1.6850249236817947 1.555358467009949 1.7658239809518166 1.7365164075703081 1.7864594047612907 1.6662503877185115 1.5939320670526627 1.6323585536938046 1.4787228955862548 1.743582924020082 1.7691559989242494 1.6879654019249826 1.613423430469543 1.7167330394045688 1.5690752478858472 1.7825067690671235 1.6615411139263894 1.5606745634285764 1.7090360086166947 1.7113511163502946 1.6135798971157684 1.6545760283719317 1.5561158778696038 1.7425974352497244 1.629028296768551 1.647927828715205 1.4895383741069257 1.7008768839278694 1.643434384529779 1.5483030505382549 1.6794845787817219 1.5086322208245353 1.5344918937137566 1.6494026109693991 1.5789831259719493 1.6117221299224664 1.8090885328019943 1.5474346420049341 1.47408042072026 1.5744592169106604 1.616930095746391 1.6274667983230011 1.4779025571967386 1.6567115097946894
leaf_weight=2948.5694597363472 6615.7970102727413 673.29951739311218 11244.075721636415 14871.581746906042 2268.1908586323261 3344.342676833272 27083.787713080645 10402.05804246664 23713.619490116835 3495.4942234754562 5723.8324626982212 5578.0557759106159 3906.0810787081718 14304.599579319358 11316.832970887423 13080.573568046093 2158.2028728276491 20426.433859542012 2891.6746017634869 11772.778399527073 6289.7658771425486 2748.2576095461845 2788.5035113841295 11081.387890428305 1547.4352615475655 1346.3368465006351 1301.7648379504681 26269.168709754944 6384.9402248114347 3944.8849449753761 2806.0701265186071 9151.2888260632753 3351.5528546869755 5528.2400016486645 12410.813592508435 1153.6284565925598 2159.5138142555952 8086.9354807138443 3162.7772890627384 7568.7203342467546 17617.217473596334 2410.5590977072716 1629.1069125086069 1599.4796362370253 1815.1295011341572 11539.955201923847 2166.4618038237095 6122.2275626510382
leaf_count=22492 50466 5136 85771 113442 17302 25511 206598 79348 180890 26664 43662 42550 29796 109117 86326 99780 16463 155815 22058 89804 47979 20964 21271 84530 11804 10270 9930 200384 48705 30092 21405 69807 25566 42170 94671 8800 16473 61688 24126 57735 134386 18388 12427 12201 13846 88028 16526 46701
internal_value=1.69444 1.62241 1.73584 1.71118 1.65795 1.57341 1.7331 1.68502 1.76833 1.59979 1.60928 1.66493 1.51406 1.78258 1.73802 1.70204 1.53056 1.70092 1.62501 1.76116 1.62842 1.6226 1.64194 1.6902 1.53794 1.56845 1.55293 1.75439 1.61034 1.6119 1.51263 1.72075 1.67323 1.52852 1.69268 1.44644 1.56751 1.63052 1.61305 1.59812 1.79611 1.57861 1.51052 1.61108 1.57702 1.61635 1.49934 1.678
internal_weight=361802 132036 229766 130645 76535.1 55501.1 88651 52231.1 99120.4 24304.1 34589.7 41994.4 20911.4 67408.2 31712.2 40686.2 16809.2 35298 11544.8 26077.4 23553.6 17757.4 22967.8 30284.2 6546.71 11036.2 8090.34 53353 9276.61 14261.9 12240.4 20395.4 6140.06 8334.31 19026.6 4102.2 3706.95 16827.8 8740.83 10317 41330.8 4568.76 2930.87 2945.82 5159.47 17263.8 2839.76 19202.8
internal_count=2759864 1007186 1752678 996577 583818 423368 676239 398424 756101 185394 263854 320338 159514 514197 241904 310359 128222 269257 88065 198921 179669 135455 175201 231011 49939 84185 61714 406982 70763 108791 93371 155578 46837 63575 145137 31292 28277 128364 66676 78699 315276 34851 22357 22471 39357 131690 21662 146481
is_linear=0
shrinkage=1


Tree=1
num_leaves=49
num_cat=0
split_feature=9 0 12 10 10 2 0 9 9 2 2 4 4 2 2 0 2 10 2 4 8 10 8 10 10 10 10 9 4 2 10 8 8 0 10 10 9 9 10 8 10 10 2 4 4 2 4 10
split_gain=25006.2 12474.2 10634.9 6609.25 6380.11 4718.49 3324.81 3229.33 2679.98 1668.95 1630.29 1519.1 1485.42 1425.82 1351.42 1341.58 1108.68 1008.33 958.595 873.661 789.481 709.469 657.048 590.447 585.028 538.134 534.697 534.2 520.61 505.47 505.072 498.456 460.259 457.408 809.148 577.651 423.765 414.664 408.825 396.23 395.254 382.772 355.906 347.945 347.376 334.95 331.97 307.062
threshold=0.82852241901918278 3.5000000000000004 0.83000232769989923 0.82412929233864862 0.81708953688463282 1500.5000000000002 4.5000000000000009 0.76645112812423111 0.85881408523073288 1179.5000000000002 1500.5000000000002 803.00000000000011 570.00000000000011 1640.5000000000002 755.50000000000011 3.5000000000000004 815.50000000000011 0.84547624853687875 2110.5000000000005 1328.5000000000002 0.84698799222000154 0.8034400510947084 0.80235441454681389 0.80740994692863011 0.88428741174235859 0.84589801993562974 0.87432366318277344 0.86613831399738361 914.50000000000011 844.50000000000011 0.84589801993562974 0.80235441454681389 0.84698799222000154 2.5000000000000004 0.81708953688463282 0.82326400988857973 0.73796475997026378 0.85797757626149773 0.86681125993101704 0.80235441454681389 0.77887141370179902 0.7836894369319739 835.50000000000011 342.50000000000006 400.50000000000006 810.50000000000011 986.50000000000011 0.84589801993562974
decision_type=2 2 2 2 2 2 2 2 2 2 2 2 2 2 2 2 2 2 2 2 2 2 2 2 2 2 2 2 2 2 2 2 2 2 2 2 2 2 2 2 2 2 2 2 2 2 2 2
left_child=2 3 7 21 9 11 12 13 46 40 17 26 41 31 -8 32 -14 -5 22 25 23 29 44 -16 37 -17 -6 -11 -19 -2 -18 -1 47 35 -35 -23 -24 -12 -10 -31 -3 -4 -37 -25 -15 -43 -7 -9
right_child=1 4 6 10 5 8 14 15 38 27 24 -13 16 18 20 19 30 28 -20 -21 -22 33 36 43 -26 -27 -28 -29 -30 39 -32 -33 -34 34 -36 42 -38 -39 -40 -41 -42 45 -44 -45 -46 -47 -48 -49
leaf_value=-0.11927770817002382 -0.046112373524897721 7.0096614314323953e-05 -0.089170802556235482 -0.0082848205712276312 0.073688105582386115 -0.0029450081345641379 0.065423436580981181 -0.13610497155282328 0.034373465897780613 -0.04212135500164748 -0.05182517370484227 0.044472359599538366 -0.0089691593935944114 -0.16423984798464519 -0.048007959425377278 -0.067519234456794364 -0.10425405712034398 0.043443907563098245 -0.045102434499297704 -0.10901476060178228 0.050822926043223159 -0.0099953653663125523 -0.070310854086457278 0.034039533713757703 0.018955468095718363 -0.028472074330738024 0.09806206762675726 -0.005329719591637647 -0.0046780527546894301 -0.14060543284281801 -0.055681575307793156 -0.018511902813851882 -0.044682562299683509 -0.12042112599647103 0.0031910615422504076 0.025077482384018863 -0.16587993196744177 -0.01536989719161444 0.061954772576596914 -0.088075694245032823 0.039164020743789024 0.045045052907981338 -0.11678386173556102 -0.0068459665656680066 -0.23072408615942802 -0.013296130594756045 -0.045290779572047975 -0.09439867596872982
leaf_weight=1494.839043289423 2843.9761596098542 5614.5841928645968 803.09839874505997 11805.770797468722 33693.660828046501 16416.223783299327 5675.5762745738029 5185.502697981894 17384.441882528365 11103.998887248337 7534.4810902997851 20348.37970983237 3666.3360756710172 1789.3524356931448 4454.0275650173426 9721.0405103713274 7877.6998413950205 19668.689135164022 858.01242761313915 3933.9285902678967 3941.883778706193 5190.7396534755826 969.22292570769787 3829.788932852447 4574.0417892411351 11344.892947293818 22110.157368831336 12379.899385258555 4015.3906971514225 3083.4856559336185 5319.6044624298811 1419.7011208385229 1587.9639605954289 2613.0109469145536 1123.0503144487739 321.06548231095076 2373.4689361304045 11997.374596968293 14721.579479537904 6887.1342610642314 12109.363684438169 1832.7246538847685 1433.6140718311071 15926.978786751628 3344.503224670887 7170.6355263516307 3297.5950255915523 5289.3262694105506
leaf_count=10315 21122 43530 5752 89724 270426 126093 44615 35745 135097 81898 55109 161747 27304 12480 32858 69826 56163 153332 5942 27375 30390 38399 6661 29804 35401 84527 180306 93525 30610 21843 39137 9928 11404 19048 8321 2478 16511 90747 117214 48825 95075 14129 10576 120746 22694 53433 24121 37558
internal_value=0.000150147 0.0212664 -0.0483612 -0.0173771 0.040246 0.053667 -0.0141428 -0.0903423 0.0253173 -0.00143303 0.00419024 0.0729582 -0.0462979 -0.144556 0.0112082 -0.0724249 -0.068216 0.0207916 -0.167774 -0.0563294 0.000278409 -0.0720809 -0.180191 -0.007951 -0.0202511 -0.0464907 0.0833454 -0.0227261 0.0352853 -0.0914025 -0.0846753 -0.0701937 -0.105782 -0.0489008 -0.0832636 -0.0304164 -0.138169 -0.0294326 0.0470203 -0.104321 0.0267799 -0.00860652 -0.0908265 0.00107956 -0.207552 -0.0014202 -0.0100283 -0.115045
internal_weight=362082 252272 109810 83091.8 169180 127972 60498.4 49311.8 51819.8 41207.8 59595.7 76152.2 26670.1 12249.1 33828.3 37062.7 16863.6 35489.9 9334.56 24999.9 28152.7 23496.1 8476.55 24210.8 24105.9 21065.9 55803.8 23483.9 23684.1 12814.6 13197.3 2914.54 12062.8 10681.5 3736.06 6945.42 3342.69 19531.9 32106 9970.62 17723.9 9806.46 1754.68 19756.8 5133.86 9003.36 19713.8 10474.8
internal_count=2759864 1954567 805297 625535 1329032 1015004 454331 350966 402525 314028 454923 612479 195918 84531 258413 266435 122604 273666 64288 181728 213798 170612 58346 183408 181257 154353 450732 175423 183942 91790 95300 20243 84707 78822 27369 51453 23172 145856 252311 70668 138605 73314 13054 150550 35174 67562 150214 73303
is_linear=0
shrinkage=0.12179


Tree=2
num_leaves=49
num_cat=0
split_feature=11 11 11 0 2 2 0 2 0 0 0 11 2 2 11 8 11 1 2 2 11 1 11 0 1 8 11 0 11 2 6 2 2 2 1 2 1 4 4 11 1 4 1 0 10 11 11 4
split_gain=45847.6 8691.72 8084.79 5484.94 4299.58 3438.03 2652.99 2509.32 1671.4 1497.76 1292.15 1230.45 901.405 759.4 702.692 608.364 560.083 480.291 495.783 496.444 475.607 450.05 431.334 422.353 449.353 408.91 403.782 393.89 383.834 313.98 312.218 311.638 316.162 308.023 303.874 300.44 293.08 272.558 274.255 272.437 268.135 265.654 239.228 249.498 232.707 230.798 212.215 211.555
threshold=0.83952497675082161 0.76080409465173215 0.90242849319684926 3.5000000000000004 1250.5000000000002 1235.5000000000002 4.5000000000000009 1440.5000000000002 3.5000000000000004 4.5000000000000009 3.5000000000000004 0.7155701707119303 1245.5000000000002 1445.5000000000002 0.93648946126570276 0.80235441454681389 0.87394914940428703 5.5000000000000009 1635.5000000000002 2179.5000000000005 0.69471173077094028 5.5000000000000009 0.9422649572649574 2.5000000000000004 5.5000000000000009 0.82029770595515661 0.8710914821735275 3.5000000000000004 0.79728408470546219 1215.5000000000002 145.50000000000003 2140.5000000000005 1519.5000000000002 710.50000000000011 5.5000000000000009 740.50000000000011 6.5000000000000009 672.50000000000011 400.50000000000006 0.8045951883291389 2.5000000000000004 744.50000000000011 5.5000000000000009 1.5000000000000002 0.82412929233864862 0.86052481637965139 0.93382983695801614 1450.0000000000002
decision_type=2 2 2 2 2 2 2 2 2 2 2 2 2 2 2 2 2 2 2 2 2 2 2 2 2 2 2 2 2 2 2 2 2 2 2 2 2 2 2 2 2 2 2 2 2 2 2 2
left_child=1 5 3 12 6 9 21 26 14 36 23 15 45 46 29 30 34 18 -12 -20 -11 33 -15 39 40 -14 35 -13 -8 -4 -7 32 -29 -3 44 -5 41 38 -17 -6 -25 -1 -27 -44 -9 -2 -10 -23
right_child=2 4 8 7 10 11 28 16 13 20 17 27 25 22 -16 37 -18 -19 19 -21 -22 47 -24 24 -26 42 -28 31 -30 -31 -32 -33 -34 -35 -36 -37 -38 -39 -40 -41 -42 -43 43 -45 -46 -47 -48 -49
leaf_value=-0.066817067328953109 -0.014068720503997502 -0.0064117360271855259 0.050062465565482682 0.071150468309776047 -0.080113666110998988 -0.14231969398004918 0.0077902000075251963 0.018197737353717273 0.087971724319995073 -0.063148085210103774 -0.025598818597911063 -0.11662088093192292 -0.056089987824042863 0.054745469342508811 0.074523275982249157 -0.14550073013000203 0.030813563318065659 -0.014161942337826099 -0.063950635425786967 0.019223109007668281 -0.0084071484517327308 0.007329802731242647 0.096814040469603888 -0.08482968730843736 -0.040762082667869806 -0.028817134877263648 0.067843293209129629 -0.051540504665453991 0.039237175381373696 0.016136993230419373 -0.19487240554728241 0.0020393244734744176 -0.095968329996948765 -0.051603128355776094 0.025676773043769488 0.038375037480025166 -0.032389341676041045 -0.12689738286259727 -0.035680418826395173 -0.044395101074273836 -0.13987389058876873 -0.11056876773151648 -0.032018379006494818 0.02523643854508887 -0.01701121752756472 0.014466593403591016 0.10913564745705821 -0.066279892226482201
leaf_weight=3346.120538584888 6215.9351282417774 2751.2430618107319 7068.2795402854681 5313.6678645610809 6208.3742507100105 3837.0176202058792 9186.6884837448597 3718.295759215951 18024.033512875438 3155.6610882878304 11710.950898788869 6221.9122417271137 6522.6365251988173 14556.914517745376 8047.0613644421101 491.15868262946606 17055.554609939456 10334.704233974218 15588.290311560035 1142.4452106356621 9269.5225415155292 4657.0668139085174 4809.485205180943 2318.4820195883512 1510.4416261315346 13554.287365570664 24027.559496000409 3284.3311618715525 15421.552187554538 9464.7810020521283 2978.4488431960344 664.29892309010029 8589.2508918792009 11972.084868915379 5359.5833629667759 18917.198663271964 1332.2453625351191 6226.2179232090712 1076.7088484913111 6466.3801241517067 3025.7555279582739 5349.2863636314869 1848.4986812472343 2900.0491281971335 11085.385891027749 12990.680710956454 11518.657209098339 661.37370653450489
leaf_count=23466 46748 20861 56737 44346 41437 24282 71230 28162 155389 22589 86633 39555 46302 119673 65693 3193 135264 76034 110298 8339 70138 34325 40531 15367 10397 98369 201297 23403 123038 73228 18317 4455 56349 86114 40862 154775 9109 39901 7215 45036 19442 35888 13719 21507 84692 99921 101396 4842
internal_value=0.000306236 -0.0487168 0.0386502 0.0203414 -0.0277348 -0.0874149 0.000706083 0.0383304 0.0709156 -0.0505681 -0.0495145 -0.112208 -0.0145796 0.0839364 0.0450072 -0.138709 0.0145692 -0.0366477 -0.0448182 -0.0582712 -0.0223099 -0.0321897 0.0651929 -0.0750621 -0.0994166 -0.0299068 0.0566559 -0.0915694 0.0274975 0.0306409 -0.165286 -0.0791376 -0.0836792 -0.0431585 0.00082851 0.0455625 -0.0855826 -0.115469 -0.0700833 -0.0618908 -0.115994 -0.0937325 -0.0205758 0.00294848 -0.00816765 0.00523156 0.0962235 -0.00182392
internal_weight=361777 158778 202999 129509 102956 55822.2 44650 85477.2 73489.2 22452.8 58305.8 33369.3 44032.1 48909.1 24580.1 14609.6 37218.8 38776.4 28441.7 16730.7 12425.2 20041.8 19366.4 19529.4 6854.68 24825.5 48258.4 18759.8 24608.2 16533.1 6815.47 12537.9 11873.6 14723.3 20163.3 24230.9 10027.7 7794.09 1567.87 12674.8 5344.24 8695.41 18302.8 4748.55 14803.7 19206.6 29542.7 5318.44
internal_count=2759864 1131253 1628611 1015964 753393 377860 340410 689398 612647 161190 412983 216670 326566 416989 195658 92908 288980 281304 205270 118637 92727 146142 160204 131679 45206 179897 400418 123762 194268 129965 42599 84207 79752 106975 153716 199121 68463 50309 10408 86473 34809 59354 133595 35226 112854 146669 256785 39167
is_linear=0
shrinkage=0.12179


Tree=3
num_leaves=49
num_cat=0
split_feature=11 11 11 0 12 2 0 2 0 11 0 2 0 2 2 1 9 11 11 11 2 11 1 11 1 2 11 1 8 2 2 1 0 1 7 1 9 0 2 1 1 11 2 2 11 11 2 1
split_gain=35276.5 7265.85 6087.3 4415.81 3071.39 2769.85 2251.59 2168.72 1412.63 1166.7 1014.72 756.446 733.344 533.798 526.556 458.954 424.658 416.529 414.218 413.911 406.215 393.093 380.823 353.166 322.557 302.93 291.654 272.473 270.926 267.83 339.248 264.461 255.065 246.3 246.242 239.659 237.714 231.63 229.48 225.148 222.139 216.606 216.382 212.69 208.51 206.401 188.255 175.169
threshold=0.84712049084518737 0.77936059711658545 0.91248760338149981 3.5000000000000004 0.83000232769989923 1235.5000000000002 4.5000000000000009 1529.5000000000002 4.5000000000000009 0.72079426309587369 3.5000000000000004 1079.5000000000002 3.5000000000000004 820.50000000000011 1445.5000000000002 5.5000000000000009 0.73796475997026378 0.69471173077094028 0.65805280023219248 0.88309288301598643 1045.5000000000002 0.94390092879256982 5.5000000000000009 0.88951205782269971 5.5000000000000009 710.50000000000011 0.9422649572649574 6.5000000000000009 0.84698799222000154 1550.5000000000002 1950.5000000000002 5.5000000000000009 5.5000000000000009 5.5000000000000009 74.500000000000014 5.5000000000000009 0.84858872484371817 2.5000000000000004 1235.5000000000002 3.5000000000000004 3.5000000000000004 0.70740724014386736 955.50000000000011 830.50000000000011 0.87291491290150369 0.81698138685972421 1735.5000000000002 6.5000000000000009
decision_type=2 2 2 2 2 2 2 2 2 2 2 2 2 2 2 2 2 2 2 2 2 2 2 2 2 2 2 2 2 2 2 2 2 2 2 2 2 2 2 2 2 2 2 2 2 2 2 2
left_child=1 5 3 11 12 8 22 20 16 18 21 -2 35 -8 -12 29 42 47 -7 33 44 38 25 34 40 -6 -16 41 -22 -11 -31 39 -19 36 46 37 -9 -3 -4 -20 -14 -18 -1 -34 -5 -15 -13 -10
right_child=2 4 10 7 6 9 13 19 17 15 14 23 24 45 26 -17 27 32 31 -21 28 -23 -24 -25 -26 -27 -28 -29 -30 30 -32 -33 43 -35 -36 -37 -38 -39 -40 -41 -42 -43 -44 -45 -46 -47 -48 -49
leaf_value=0.021331544304750059 0.01556602714326117 -0.058938787322029847 0.055631705485508151 0.053360460319583108 0.0033251721516464857 -0.14632681340843268 0.050512494462619913 -0.020350029502600391 -0.06432465536787961 -0.05880855768221134 0.095926977299877952 -0.0030275816149510511 -0.027379069923930618 0.0019267229004996337 0.054337077355877991 -0.043804846037007156 -0.11516170959542708 0.02909350678639689 -0.095712878451403166 0.031891086289182705 0.029674530190813113 0.076001684688220869 -3.8325575836886126e-05 0.0021604933922616002 -0.0079827143622444186 -0.039339215362404464 0.091740276003499252 -0.02756944960222104 0.05559940410942852 -0.10040296430929446 -0.058765614020066179 -0.073055867071477126 0.010547548261192011 0.027327331540112229 -0.042323688227175596 -0.037031740952260861 0.011138946287604262 -0.095777137847240831 0.023086380161331167 -0.13212810792654806 -0.052921761283013784 -0.073227227394969188 -0.053563694655402824 -0.025331680309702117 0.075331419801173055 0.024926118806777042 -0.033181377817462936 0.017066453307365729
leaf_weight=1073.0014230310917 14357.111226886511 6645.1810766756535 5720.3141352757812 10939.109877921641 2893.2054014801979 3592.6392868459225 8148.0624838843942 6874.5675951987505 2833.4870248436928 6648.631925418973 21647.660317994654 7229.6489319354296 12498.848925203085 10763.341595254838 9988.5782792791724 7480.5405753403902 2378.1895008385181 2657.0107977613807 6348.6735587865114 13556.576720312238 10507.56195602566 5566.67510702461 7017.7337376475334 8803.9394034594297 7304.6124485805631 16816.000455789268 4478.7370009049773 1512.1632902100682 13873.695182412863 10099.342802613974 4073.08678381145 3907.8241103887558 3733.6156776994467 5013.1330469176173 8887.2148348242044 3700.27532120049 7366.3286362141371 4089.9132389426231 7333.3231012448668 4174.2286503463984 8474.3722460567951 7883.7343688607216 1225.8886817097664 7131.810356579721 15464.140939310193 12519.657432056963 5338.8954663872719 455.22703021764755
leaf_count=7298 111922 43579 48068 94508 22026 20274 68167 51784 19467 44099 203329 52478 87168 82730 86025 49406 14847 20218 37610 111123 88326 47926 51520 67283 53105 117778 40531 10297 120080 62465 25350 23866 29350 39311 62941 24783 57898 24821 58332 24752 59106 52282 8150 53309 138021 101478 37555 3122
internal_value=0.000436928 -0.0381498 0.0379971 0.0234817 -0.0166271 -0.0662685 0.00158545 0.0399941 -0.0380168 -0.0851034 0.071998 -0.00745629 -0.0414252 0.0236831 0.083905 -0.0696795 -0.0664852 -0.0141854 -0.109323 0.015589 0.0557616 0.048904 -0.0244015 -0.0183795 -0.0300234 -0.0330763 0.0659162 -0.0758335 0.0444266 -0.0789757 -0.0884366 -0.100111 -0.00473128 0.00411088 -0.0268077 -0.0637605 -0.00406186 -0.0729737 0.0373483 -0.110158 -0.0376998 -0.0829455 -0.0186065 -0.0130027 0.0662286 0.0142939 -0.0158364 -0.0530584
internal_weight=361028 178080 182947 128212 100871 77209.1 58158 83595.1 30884.1 46325 54735.3 44616.8 42713.2 31431.1 36115 28301.6 14073 16811.2 18023.4 32810.6 50784.5 18620.3 26726.9 30259.7 28277.8 19709.2 14467.3 11774.1 24381.3 20821.1 14172.4 14430.7 13522.4 19254 21455.8 14435.4 14240.9 10735.1 13053.6 10522.9 20973.2 10261.9 2298.89 10865.4 26403.3 23283 12568.5 3288.71
internal_count=2759864 1242423 1517441 1033230 736261 506162 443699 701051 218340 287822 484211 332179 292562 252375 329885 181320 92874 125466 106502 260116 440935 154326 191324 220257 199379 139804 126556 77426 208406 131914 87815 86228 102877 148993 152974 93183 109682 68400 106400 62362 146274 67129 15448 82659 232529 184208 90033 22589
is_linear=0
shrinkage=0.12179


Tree=4
num_leaves=49
num_cat=0
split_feature=11 11 11 0 2 2 0 2 0 0 0 11 2 2 11 11 11 11 2 0 11 6 11 9 11 1 1 0 1 1 1 0 2 2 11 1 1 1 2 4 1 0 1 2 2 2 12 7
split_gain=27368.9 5362.15 5097.77 3587.85 2630.23 1865.89 1832.44 1670.45 899.54 858.679 755.511 708.721 588.455 424.537 393.29 362.589 352.978 346.759 338.899 332.113 318.381 278.747 249.531 248.29 244.487 243.399 312.866 224.88 230.913 211.747 209.519 250.038 209.242 201.589 197.996 194.946 225.393 193.47 192.371 186.959 185.416 215.88 182.337 181.489 243.769 176.174 166.042 162.96
threshold=0.84881292378232409 0.7739935587761676 0.91470375163982032 3.5000000000000004 1245.5000000000002 1435.5000000000002 3.5000000000000004 1230.5000000000002 3.5000000000000004 3.5000000000000004 3.5000000000000004 0.7155701707119303 1245.5000000000002 1445.5000000000002 0.82038159910936936 0.88309288301598643 0.88433629246803291 0.68737416107382565 700.50000000000011 3.5000000000000004 0.94723369858092343 72.500000000000014 0.95413251366120233 0.73796475997026378 0.65805280023219248 5.5000000000000009 6.5000000000000009 2.5000000000000004 5.5000000000000009 5.5000000000000009 3.5000000000000004 1.5000000000000002 645.50000000000011 2115.5000000000005 0.87812637090497425 5.5000000000000009 3.5000000000000004 6.5000000000000009 1205.5000000000002 1039.0000000000002 6.5000000000000009 4.5000000000000009 2.5000000000000004 2155.5000000000005 1635.5000000000002 715.50000000000011 0.83000232769989923 74.500000000000014
decision_type=2 2 2 2 2 2 2 2 2 2 2 2 2 2 2 2 2 2 2 2 2 2 2 2 2 2 2 2 2 2 2 2 2 2 2 2 2 2 2 2 2 2 2 2 2 2 2 2
left_child=1 7 3 12 6 16 29 8 23 20 27 24 34 -11 46 35 39 -10 -8 -13 38 -21 -15 -1 -9 30 -27 -6 42 -3 47 -32 -19 -23 -2 36 -7 -34 -4 -5 41 -20 -29 44 -16 -25 -12 -14
right_child=2 4 9 5 10 15 18 11 17 13 14 19 25 22 43 -17 -18 32 40 21 -22 33 -24 45 -26 26 -28 28 -30 -31 31 -33 37 -35 -36 -37 -38 -39 -40 -41 -42 -43 -44 -45 -46 -47 -48 -49
leaf_value=-0.021074559944779147 -0.0024492963315902293 -0.034118852231085357 0.054638604027309835 0.049574839479538745 -0.040273732101731061 0.011702019192889535 0.052871550425353235 -0.11878025728817386 -0.052346535186007619 0.092021614334262258 -0.038101999236009806 -0.079192716923073905 -0.0029267470518569596 0.055633345709929387 0.0044014990128072818 0.030887103921030119 0.066674986380596518 0.039455538548347852 -0.011663501380304581 -0.026575652999321294 0.073587481815784547 -0.063902145666667104 0.10043410766536691 -0.031970858943684365 -0.084047738909928643 0.032039693665595628 -0.020924471327666273 -0.052529314598290723 -0.025534449610258095 -0.0027910866461876155 -0.010550972440580661 -0.057261916275145763 -0.020187309975592628 -0.001154986320127868 0.02226542168143503 0.02651665931852016 -0.018246533247240199 0.022672112427264898 0.023448258964209948 0.022179609129874201 0.044912164378672209 0.020049188025636329 -0.094232198867162706 0.044586584289449394 -0.024144464230940063 -0.080571299114509831 -0.014578146998994554 -0.032519474131975472
leaf_weight=1653.6435829102993 9072.8160649687052 12286.829172424972 4908.7842975631356 21146.925016410649 14393.298993930221 9200.3403517603874 5137.1467639058828 3900.0829883813858 3601.3517795801163 18823.728687569499 17736.350319936872 9343.449914470315 7163.4129693806171 10697.42521905899 8065.0757412910461 15996.472755491734 19058.32072018832 1160.8973807021976 3873.1767557933927 5034.7708126753569 4605.2067486569285 12701.435173869133 2228.1505967080593 1317.1655956059694 13114.458098292351 2963.3253546431661 3744.9669789671898 2724.0166953653097 1677.8265566676855 4327.2940813004971 2647.7372189387679 4747.5679775625467 11641.838820159435 807.74603445827961 10228.445678286254 5362.3488553985953 6266.0943739339709 1804.3490842282772 7287.3225592970848 4477.3657587245107 3419.5230130851269 17892.889206513762 3624.0625838041306 905.29485600441694 9864.3418953642249 6911.3485250025988 5941.5558099299669 4490.2945948690176
leaf_count=10843 69364 84367 43193 189303 92971 71237 44180 20456 23589 190607 119640 53996 51288 97478 61543 135144 179632 9143 28923 32427 41965 78236 21628 8504 73823 22034 26960 16495 11189 31439 18806 33565 85601 5151 81923 43097 48506 13407 59560 39555 27856 147092 20910 6801 69564 41790 43898 31185
internal_value=0.000515485 -0.0321691 0.0350187 0.0221489 -0.0154142 0.0373949 0.0065505 -0.0578477 -0.0345539 0.0685692 -0.0312916 -0.0724203 -0.00543021 0.0803515 -0.0217515 0.0170971 0.0541234 -0.0184982 0.0243629 -0.0604688 0.0463041 -0.0510347 0.0633562 -0.0641375 -0.0920091 -0.0174784 0.00247195 -0.0493821 -0.0657168 -0.0259593 -0.0245041 -0.040538 -0.010153 -0.0601503 0.0106479 0.00650636 -0.000431382 -0.014436 0.036002 0.044788 0.018548 0.0144061 -0.0763371 -0.00861743 -0.0113038 -0.0727917 -0.0321991 -0.0143291
internal_weight=359978 184861 175117 126566 111869 81507.9 46936.9 72992.5 28090.6 48550.6 64931.8 44901.9 45058.6 31749.3 42512.6 36825.3 44682.6 18208.4 30322.7 27887.4 16801.3 18544 12925.6 9882.16 17014.5 25757.3 6708.29 22419.2 8025.91 16614.1 19049 7395.31 14607.1 13509.2 19301.3 20828.8 15466.4 13446.2 12196.1 25624.3 25185.6 21766.1 6348.08 18834.7 17929.4 8228.51 23677.9 11653.7
internal_count=2759864 1263834 1496030 1041599 806868 706474 363857 456966 192877 454431 443011 264089 335125 309713 301446 297984 408490 131740 248051 169810 144718 115814 119106 61137 94279 183838 48994 141565 48594 115806 134844 52371 108151 83387 151287 162840 119743 99008 102753 228858 203871 176015 37405 137908 131107 50294 163538 82473
is_linear=0
shrinkage=0.12179


Tree=5
num_leaves=49
num_cat=0
split_feature=11 11 11 2 2 2 11 8 2 11 1 11 2 2 2 2 2 1 1 1 1 8 8 1 13 1 11 2 11 10 8 11 6 2 8 11 6 1 2 7 7 7 1 7 10 13 8 7
split_gain=21407.3 4822.3 3596.59 1998.06 1805.23 1469.91 646.364 625.384 494.971 487.781 454.911 434.269 432.316 372.719 370.101 364.528 447.023 362.438 353.084 645.426 486.974 419.885 316.373 298.638 277.198 266.988 250.467 238.743 234.036 228.379 211.815 208.211 202.023 201.597 250.82 201.003 198.644 194.385 189.713 189.695 186.477 183.058 179.716 178.764 153.389 181.412 153.021 151.797
threshold=0.85781265569991383 0.78892554578038465 0.92081733921113529 1245.5000000000002 1510.5000000000002 1519.5000000000002 0.68737416107382565 0.80235441454681389 750.50000000000011 0.9494630246842638 5.5000000000000009 0.88652410410237403 715.50000000000011 1205.5000000000002 1920.5000000000002 1635.5000000000002 2130.5000000000005 5.5000000000000009 5.5000000000000009 3.5000000000000004 6.5000000000000009 0.90286652329037753 0.84698799222000154 4.5000000000000009 0.85034967387616767 6.5000000000000009 0.87812637090497425 1055.5000000000002 0.80719807557876566 0.78196678439231604 0.80235441454681389 0.75593552036047618 39.500000000000007 1045.5000000000002 0.90286652329037753 0.60832460550202494 91.500000000000014 6.5000000000000009 2130.5000000000005 111.50000000000001 55.500000000000007 63.500000000000007 2.5000000000000004 73.500000000000014 0.78196678439231604 0.80270720900287384 0.80235441454681389 48.500000000000007
decision_type=2 2 2 2 2 2 2 2 2 2 2 2 2 2 2 2 2 2 2 2 2 2 2 2 2 2 2 2 2 2 2 2 2 2 2 2 2 2 2 2 2 2 2 2 2 2 2 2
left_child=1 5 4 8 11 6 35 14 44 13 15 27 29 -4 36 40 42 31 19 26 -20 -21 -12 -23 30 28 -6 37 -10 -8 -14 47 -16 34 -13 -1 41 -2 -34 -26 -5 -7 -17 -38 -3 -46 -42 -9
right_child=2 3 9 10 18 7 12 17 25 -11 22 33 24 -15 32 16 -18 -19 20 21 -22 23 -24 -25 39 -27 -28 -29 -30 -31 -32 -33 38 -35 -36 -37 43 -39 -40 -41 46 -43 -44 -45 45 -47 -48 -49
leaf_value=-0.11296771374539888 0.032885162788592062 -0.0047057824097285752 0.076462806627819013 4.8340606341882351e-05 -0.0031127948492568453 -0.02306522040556435 -0.027788004186617206 -0.047933362703971652 -0.019239120729028527 0.088452734052103119 -0.015340812997627648 0.050687664109920039 -0.054798902836150985 0.046376232568029939 0.0019217213284879638 -0.029091207389164483 0.0076756941736506375 -0.027308685321555448 0.051908408825793922 -0.010868137224140368 0.0031754209579152519 -0.024215923642433832 0.020751425818097823 -0.11855750531655178 0.0011828951448228768 0.03113187039798291 0.024070955587726973 0.017292194426813224 0.0057660141395481663 0.028406558016672006 -0.029974849481127532 -0.044398628746972438 -0.079937233455620912 0.037763051735174268 0.091541088769197282 -0.055876421641280254 -0.093795322217524582 0.070360898131580266 -0.017455192338437037 -0.037361297914839012 -0.051630785504910882 -0.088884825423290445 -0.049990249426079977 -0.13600354018746344 -0.0099361150839644072 0.042203527840457916 -0.017675074409776566 -0.077985047407426941
leaf_weight=1057.825047954917 16398.255938068032 1483.1948021873832 10318.916216120124 7581.8037028461695 7950.1460897326469 865.06642261147499 1634.3193236067891 3476.7755390554667 7382.321528762579 12024.347575359046 11867.235240861773 14283.086668349802 6565.5921818688512 14964.217824868858 777.06250670552254 10138.931388095021 3048.7789781615138 6970.4876644164324 5432.6976035758853 12459.320649586618 6909.8898781910539 1001.4081675186753 5172.5951715558767 989.42767499387264 6047.9741564914584 4586.7806344032288 13675.803717754781 15911.643533870578 22392.302538603544 3121.7701542750001 22814.85018491745 8172.1321727931499 3182.8093492090702 15270.050196155906 2641.294295296073 6761.1352375596762 4460.0589770227671 2346.7724092155695 931.81102299690247 2757.3813107162714 2417.0540732890368 2275.1511175185442 15332.723790541291 2233.7840231060982 1099.3213778734207 9935.681107096374 10608.86590538919 8812.2369450330734
leaf_count=6270 145669 11973 106276 53566 58959 4900 12057 19172 54330 125282 84230 135363 43027 140443 4385 66645 21167 42242 44380 96168 55172 8184 37878 8056 41023 37103 110941 132969 177151 23872 152150 48977 17268 139638 25801 40147 23344 20799 5503 18934 16852 12786 99485 11821 9113 84022 74563 47943
internal_value=0.000815591 -0.0247979 0.0353915 -0.00790283 0.0247537 -0.045353 -0.0313933 -0.0621617 0.0113332 0.0682593 -0.0215315 0.0377247 -0.0255289 0.0586556 -0.0824075 -0.0274787 -0.0363963 -0.0512934 0.00684494 0.000761689 0.0246257 -0.0191668 -0.00438469 -0.0711028 -0.0298416 0.00377982 0.0140776 0.0282638 -0.00043376 0.00909661 -0.0355222 -0.0594643 -0.0550315 0.0479091 0.0570634 -0.0636003 -0.0960249 0.0375769 -0.0657873 -0.0108871 -0.0151371 -0.0707529 -0.0416714 -0.107881 0.0320668 0.0370093 -0.0239758 -0.0694829
internal_weight=358543 205966 152577 113048 115270 92918.2 50760.8 42157.4 46879.6 37307.5 66168 66851.1 42941.9 25283.1 14725.7 49128.2 28520.4 27431.6 48418.7 36076.1 12342.6 14450.2 17039.8 1990.84 38185.8 34361.4 21625.9 34656.7 29774.6 4756.09 29380.4 20461.1 4891.68 32194.4 16924.4 7818.96 9834.06 18745 4114.62 8805.36 20607.7 3140.22 25471.7 6693.84 12518.2 11035 13025.9 12289
internal_count=2757999 1403899 1354100 828078 982099 575821 337480 238341 373692 372001 454386 600239 291063 246719 80007 332278 187297 158334 381860 282308 99552 112408 122108 16240 255134 268584 169900 299437 231481 35929 195177 116092 27156 300802 161164 46417 52851 166468 22771 59957 144981 17686 166130 35165 105108 93135 91415 67115
is_linear=0
shrinkage=0.12179


Tree=6
num_leaves=49
num_cat=0
split_feature=11 11 0 0 11 2 0 2 11 2 9 11 11 0 1 2 2 0 2 2 10 2 2 2 11 1 2 9 12 9 4 0 1 1 0 1 1 9 11 11 12 7 9 11 2 2 1 1
split_gain=16820.2 4073.93 3123.81 1925.91 1590.83 1463.3 1319.68 1436.79 1113.04 1103.85 856.409 508.125 321.138 298.633 296.623 294.324 280.4 271.356 263.812 261.176 323.82 257.856 251.133 246.751 236.442 229.343 225.716 237.06 197.606 201.472 179.808 178.498 207.803 174.306 170.463 206.421 179.158 159.228 158.242 156.66 142.908 142.212 137.15 135.816 134.985 134.295 141.618 131.881
threshold=0.86266977553266777 0.80045632281015233 3.5000000000000004 3.5000000000000004 0.92081733921113529 1240.5000000000002 3.5000000000000004 1519.5000000000002 0.9192018507807983 1240.5000000000002 0.76645112812423111 0.72611518277234899 0.71174194272388014 2.5000000000000004 5.5000000000000009 1545.5000000000002 1445.5000000000002 5.5000000000000009 710.50000000000011 1945.5000000000002 0.77089915842315093 2155.5000000000005 830.50000000000011 1630.5000000000002 0.94390092879256982 5.5000000000000009 1635.5000000000002 0.76645112812423111 0.83000232769989923 0.79913480369519829 936.50000000000011 1.5000000000000002 2.5000000000000004 5.5000000000000009 4.5000000000000009 6.5000000000000009 3.5000000000000004 0.85881408523073288 0.95558254798487596 0.60832460550202494 0.89662552395656048 51.500000000000007 0.85905487419694626 0.69471173077094028 1035.5000000000002 845.50000000000011 6.5000000000000009 6.5000000000000009
decision_type=2 2 2 2 2 2 2 2 2 2 2 2 2 2 2 2 2 2 2 2 2 2 2 2 2 2 2 2 2 2 2 2 2 2 2 2 2 2 2 2 2 2 2 2 2 2 2 2
left_child=1 6 8 13 9 34 12 11 15 30 17 18 -1 28 -15 41 -6 -9 -8 20 -12 26 -13 -11 44 31 -7 -28 -3 -30 -4 -14 -33 -19 35 36 -5 -25 -18 -20 42 -2 -36 -21 -10 -27 -47 -24
right_child=2 3 4 5 16 21 7 10 24 23 19 22 25 14 -16 -17 38 33 39 43 -22 -23 47 37 -26 45 27 -29 29 -31 -32 32 -34 -35 40 -37 -38 -39 -40 -41 -42 -43 -44 -45 -46 46 -48 -49
leaf_value=-0.074369503583840105 0.018739936011501333 -0.029766134570364387 0.062079219397800332 0.02701555105434475 0.086935224322556015 0.0027391734073787984 0.023781154102674718 -0.047454593182318178 0.050201455710750673 0.036337852791456987 -0.096729007529696223 0.020008584425340543 -0.038826655980314678 -0.048587175092901239 -0.0045595567593501411 -0.015561323443100778 0.052028981640422883 -0.10662315020436706 -0.095293531813977969 -0.052559157324293913 -0.036661815930089971 0.039608344818817316 -0.011805222177665975 0.0029429280944007442 0.061544939661739545 0.0075475018482433417 -0.072366588804342213 -0.012873995323484969 0.016051599410794763 -0.016434397095188642 0.03716000819193515 -0.045204089544158159 -0.074638116022095899 -0.057431446129734429 0.038514297384660168 0.078993527153138315 -0.022879090719859465 0.024539366225049909 0.092646023643231518 -0.032898409259309244 0.059464962105366108 -0.0011232852946982199 0.017396214549499679 -0.0049175733787635316 0.017885151417836059 -0.018235355088865576 -0.054421520413190351 0.016728458318947995
leaf_weight=9224.5137088894844 9223.9692755937576 10535.36739923805 21674.358782209456 2016.6069725006819 13558.759617820382 17767.715574778616 1196.7377758547664 2736.6540686786175 2767.5639059990644 15894.333352215588 1441.2566020339727 6243.6305811703205 7087.7250131070614 10863.419741414487 2869.2166067808867 13628.098485149443 7661.7464639171958 4222.2137354314327 630.45279933512211 1063.8406256735325 17436.480193078518 1799.5144389420748 17595.945439308882 8174.0903217121959 4686.5162411779165 1185.0193071067333 1041.8676073402166 21385.890517510474 3843.8489705398679 10753.557530224323 5356.4060405939817 6099.3012836426497 8537.9129454642534 1430.4035800695419 13011.90607547015 563.84377931058407 2267.9573305472732 13308.019426748157 1747.1848236247897 11204.771726720035 3036.2111818343401 12717.683119118214 7023.8042325600982 5356.4374573379755 6239.3926332592964 3081.791172593832 3345.7706059813499 2782.5766865164042
leaf_count=48529 74990 67299 220884 16363 157573 136383 8858 14284 26846 146348 8238 50586 40870 68417 20238 97713 76765 21650 3544 5468 102128 13751 124353 66131 47962 8056 6398 148763 26794 76351 52267 35064 48407 7765 114418 4908 18581 115010 19683 70410 28753 101323 62343 33071 54357 18729 20069 20308
internal_value=0.000797708 -0.0199943 0.0343788 -0.00321098 0.0482061 0.00887127 -0.0363092 -0.026719 0.0098544 0.0383927 -0.0452136 -0.0110074 -0.0545489 -0.0249459 -0.0393883 -0.00150409 0.0757253 -0.0789345 -0.030712 -0.0340311 -0.0412478 -0.00549527 -0.00136163 0.0248336 0.0393589 -0.0483168 -0.00751451 -0.0156377 -0.0170544 -0.00788005 0.0571412 -0.0546911 -0.062373 -0.0941751 0.03048 0.00972091 0.000604717 0.0163218 0.0595713 -0.0362221 0.0348424 0.00722694 0.0311111 -0.0128118 0.027815 -0.0301259 -0.0370715 -0.0079091
internal_weight=357322 220684 136638 108781 87374.9 69915.3 111903 73341.4 49263.2 64407.2 33687.3 39654.1 38562 38865.4 13732.6 35569.8 22967.7 8389.27 13032 25298 18877.7 41995 26622.2 37376.4 13693.5 29337.5 40195.5 22427.8 25132.8 14597.4 27030.8 21724.9 14637.2 5652.62 27920.3 4848.41 4284.56 21482.1 9408.93 11835.2 23071.9 21941.7 20035.7 6420.28 9006.96 7612.58 6427.56 20378.5
internal_count=2757999 1500147 1257852 809760 854661 550661 690387 470663 403191 600640 192604 278059 219724 259099 88655 274026 254021 43699 82812 148905 110366 305295 195247 327489 129165 171195 291544 155161 170444 103145 273151 124341 83471 29415 245366 39852 34944 181141 96448 73954 205514 176313 176761 38539 81203 46854 38798 144661
is_linear=0
shrinkage=0.12179


Tree=7
num_leaves=49
num_cat=0
split_feature=8 3 0 12 0 9 9 12 9 4 8 4 1 7 0 1 1 6 8 6 9 7 7 8 1 1 4 1 1 3 8 0 1 1 1 3 12 1 4 7 8 3 0 3 1 3 6 9
split_gain=5190.06 3134.62 2402.33 2053.17 1960.96 1675.49 1043.25 966.347 825.241 803.051 716.517 506.408 489.272 440.223 420.449 418.024 538.864 395.394 395.135 389.141 316.363 311.2 304.011 299.215 281.562 501.331 275.242 261.702 257.323 248.853 246.498 241.71 241.091 233.372 228.748 225.695 224.683 212.834 207.254 203.631 200.333 450.062 286.483 193.69 187.142 176.805 174.485 174.146
threshold=0.84698799222000154 7.5000000000000009 3.5000000000000004 0.83000232769989923 3.5000000000000004 0.84761232767851069 0.85110036267381706 0.83000232769989923 0.76645112812423111 665.50000000000011 0.82029770595515661 1010.0000000000001 5.5000000000000009 81.500000000000014 4.5000000000000009 5.5000000000000009 4.5000000000000009 113.50000000000001 0.90286652329037753 92.500000000000014 0.88629392050254319 112.50000000000001 65.500000000000014 0.80235441454681389 3.5000000000000004 5.5000000000000009 475.50000000000006 1.5000000000000002 5.5000000000000009 16.500000000000004 0.87366003285681904 4.5000000000000009 6.5000000000000009 5.5000000000000009 6.5000000000000009 4.5000000000000009 0.86640578605357998 6.5000000000000009 850.50000000000011 45.500000000000007 0.90286652329037753 11.500000000000002 1.5000000000000002 15.500000000000002 6.5000000000000009 9.5000000000000018 87.500000000000014 0.79225961247450971
decision_type=2 2 2 2 2 2 2 2 2 2 2 2 2 2 2 2 2 2 2 2 2 2 2 2 2 2 2 2 2 2 2 2 2 2 2 2 2 2 2 2 2 2 2 2 2 2 2 2
left_child=1 14 11 6 10 7 12 8 33 18 13 15 29 46 21 16 20 -9 35 -12 43 -1 -7 -15 30 -26 -19 47 -25 -4 -8 -24 -27 -6 -14 -5 -33 -37 -29 -10 42 -42 -18 -2 -11 -20 -3 -21
right_child=2 4 3 9 5 22 24 17 39 44 19 -13 34 23 -16 -17 40 26 45 27 -22 -23 31 28 25 32 -28 38 -30 -31 -32 36 -34 -35 -36 37 -38 -39 -40 -41 41 -43 -44 -45 -46 -47 -48 -49
leaf_value=0.033724457654689496 0.0066924597141417548 -0.018132524527946624 0.0058999002333664733 -0.090978333844088377 -0.074223858715356861 0.024542433420304353 0.019083839998401072 0.013976138953086864 -0.01069445434867603 0.019286758953615098 -0.0060430833986865155 -0.030940710824342993 0.053783889301481161 -0.073127789003179594 0.045850414602561451 0.023216847457106792 0.011489804751347027 0.0094470023756381936 0.1015066850729902 -0.03694883185654884 0.031020845648531963 -0.0060642718133916852 -0.02072432292530238 -0.053540432390081549 -0.0055450055277499457 0.07391462832292707 -0.021470379637322328 -0.010139811130130474 -0.0014984346134033248 -0.028017248378986257 0.060186069773464343 0.0020053647719578014 0.021901503572922598 -0.030824867909437434 0.002127015951177418 0.046855059098371545 0.02860620336053675 0.080275061493552929 -0.044408015349180575 -0.030916295521942097 0.019429132395731463 -0.12839648035337367 -0.04646612789317766 -0.01687239799805609 0.057634923727793691 0.065255064590352657 -0.040922428171409772 -0.11077490354286113
leaf_weight=5747.727370634675 12784.046991631389 7837.2964182123542 4402.761362567544 167.11227944493294 7084.5520896613598 15648.574473552406 3378.3795118629932 11976.281830824912 13372.422064624727 13971.375122837722 15824.331716232002 7859.6055919751525 2212.8923838064075 9551.435639642179 12244.913433879614 10975.976922914386 2038.7768745571375 5762.7290403544903 3498.9293537586927 886.93487784266472 5054.8293507993221 5917.4674569740891 5032.2618402466178 5732.4893840402365 6501.1257499307394 2357.2990825325251 16499.586006015539 5221.8026014938951 1868.6439941897988 11830.840349450707 6022.0033560395241 19367.907419651747 3009.220013037324 2481.6331979557872 2988.9592789039016 22719.325760439038 6223.0715685486794 3228.1005086153746 5249.568327434361 16500.040729135275 468.30914082378149 878.64783957600594 3333.7403222769499 8690.8177488818765 2182.4197203218937 4644.3235732838511 13682.459871247411 1017.7778424546123
leaf_count=47829 98624 52367 31638 1831 36353 139795 28680 91853 86005 127845 109201 52577 16710 57255 118715 87615 15230 46008 41336 5030 45510 45104 40220 34031 57598 22068 115256 32681 12008 81406 56886 152990 27699 13577 22248 230893 56540 33215 30110 101178 4397 6869 24316 58758 20469 53058 80171 6246
internal_value=0.000774488 -0.0114331 0.0184917 0.030208 -0.0167471 -0.00743047 0.0105587 -0.0188376 -0.0318335 0.0468528 -0.0334582 -0.00245417 -0.00840272 -0.0442235 0.0300872 0.00260841 -0.0041947 -0.00386785 0.0574082 -0.0186953 0.00360829 0.0135406 0.0107327 -0.0587781 0.0296694 0.0171977 -0.0134672 -0.0348726 -0.0407466 -0.0188185 0.0454144 0.0036759 0.0447488 -0.0629654 0.0241021 0.0501042 0.00847401 0.0510128 -0.0273193 -0.021864 -0.0350023 -0.0770006 -0.0244729 -0.00284417 0.0244677 0.0808314 -0.0326226 -0.0763976
internal_weight=355932 210732 145200 93115.1 186822 119949 42703.5 73677.2 39438.6 50411.6 66872.7 52084.8 21435.5 38672.3 23910.1 44225.1 33249.2 34238.6 34257.8 28200.4 26529.7 11665.2 46271.8 17152.6 21268 11867.6 22262.3 12376.1 7601.13 16233.6 9400.38 30623.2 5366.52 9566.19 5201.85 26114.5 25591 25947.4 10471.4 29872.5 6719.47 1346.96 5372.52 21474.9 16153.8 8143.25 21519.8 1904.71
internal_count=2757999 1510523 1247476 853580 1298875 879775 344933 490230 237113 508647 419100 393896 152002 235832 211648 341319 253704 253117 360333 183268 202892 92933 389545 103294 192931 107365 161264 74067 46039 113044 85566 249750 49767 49930 38958 265939 209530 264108 62791 187183 50812 11266 39546 157382 148314 94394 132538 11276
is_linear=0
shrinkage=0.12179


Tree=8
num_leaves=49
num_cat=0
split_feature=11 11 0 0 11 2 2 2 11 0 11 0 11 8 9 0 2 8 9 8 11 4 2 2 2 4 11 11 2 8 0 10 6 7 2 10 9 11 2 0 2 4 2 9 6 5 11 2
split_gain=11738 3068.9 1967.16 1314.4 1157.78 1047.36 806.322 767.675 762.407 629.616 483.265 326.529 277.395 248.674 233.604 227.525 226.779 216.277 237.997 211.045 207.367 198.371 197.927 195.242 193.59 193.503 188.039 184.42 182.546 175.601 172.918 170.321 183.094 164.81 159.496 156.018 154.591 142.768 139.958 139.875 135.691 134.814 137.632 128.402 185.757 127.158 125.854 123.435
threshold=0.870355363467195 0.80165571975916816 3.5000000000000004 3.5000000000000004 0.92887469798293332 1240.5000000000002 1235.5000000000002 1150.5000000000002 0.93066287900928601 4.5000000000000009 0.72353943144424959 5.5000000000000009 0.73849910742564295 0.82029770595515661 0.73796475997026378 3.5000000000000004 1045.5000000000002 0.80235441454681389 0.73796475997026378 0.88637416310275396 0.95558254798487596 1189.5000000000002 1630.5000000000002 710.50000000000011 2155.5000000000005 762.50000000000011 0.89427270498809219 0.83929131916420063 715.50000000000011 0.90286652329037753 2.5000000000000004 0.77089915842315093 59.500000000000007 44.500000000000007 1279.5000000000002 0.80374404239962316 0.73796475997026378 0.96510097165629349 645.50000000000011 8.5000000000000018 700.50000000000011 943.50000000000011 955.50000000000011 0.79225961247450971 266.50000000000006 168.50000000000003 0.74902131065192046 1700.5000000000002
decision_type=2 2 2 2 2 2 2 2 2 2 2 2 2 2 2 2 2 2 2 2 2 2 2 2 2 2 2 2 2 2 2 2 2 2 2 2 2 2 2 2 2 2 2 2 2 2 2 2
left_child=1 6 8 13 7 21 9 29 16 14 17 -11 25 28 41 -12 19 33 -19 -2 34 23 -9 -5 27 -13 -18 -7 -3 -4 43 39 -33 -8 -6 -29 -35 47 -16 -17 -14 42 -1 -15 -45 -23 -40 -10
right_child=2 3 4 5 20 24 10 22 37 11 15 12 40 30 38 31 26 18 -20 -21 -22 45 -24 -25 -26 -27 -28 35 -30 -31 -32 32 -34 36 -36 -37 -38 -39 46 -41 -42 -43 -44 44 -46 -47 -48 -49
leaf_value=0.049083872034654343 0.011535115783170277 0.0090161587204599606 0.051047283400171839 0.051745743558840762 0.080365224712974095 -0.01258902831273285 -0.04724133197888155 0.035436147284311416 0.048098074209913168 0.027167623030782684 -0.041576234901905942 -9.1730949226946669e-05 0.036206864045685919 0.021822815462241685 -0.00065151632328270008 -0.04227046798410105 -0.012902381260719834 0.008157498581343103 -0.046848267052163543 0.058668481918743319 0.09607462180204579 -0.23681663854331023 0.017555599071053873 0.02497385454019025 0.035373168609478152 -0.042129241372321657 0.0082911826309240485 0.031341335712384732 -0.033981998060992509 0.083917927517109012 -0.023808727797603194 -0.0035485472590999628 -0.026640307038810533 -0.10716819433900603 0.051932033870515829 -0.00054235322575723461 -0.064324523755778129 0.086007406185948626 -0.050963941088526386 -0.12156707287947308 -0.0026959595758761765 -0.058985427530663367 -0.011939768518428479 -0.0070971411382391913 -0.21598290480419016 0.0044368011203975667 -0.029937024040713963 0.012244507581861831
leaf_weight=974.02586931735277 8676.6617062091827 1624.455753698945 17200.4495402053 5025.0854596719146 5415.3242184519768 21999.803849972785 4210.8911845386028 17432.010768257082 5437.4524867460132 4527.3757209777832 16904.862747997046 2454.0888924449682 1535.7180519625545 2490.2501616999507 1529.5059031322598 2078.8916481882334 12367.520275302231 1297.6172662079334 11568.581881940365 1682.2934621721506 4365.770180746913 32.637562610208988 19403.913532026112 20622.147430948913 1870.6337474659085 4802.8251418098807 12471.130440331995 2560.6510188058019 14874.366074822843 2803.5603900104761 9989.805442482233 6521.9443253949285 23246.989977046847 1917.3461512327194 6366.7099180221558 20511.169586025178 3584.7953047454357 1086.0085346400738 7482.0734181255102 392.20114308595657 9921.7134814560413 440.68045622110367 1253.9814695268869 15691.35902197659 63.401488080620766 4554.2664732560515 9690.620745792985 1929.759248919785
leaf_count=6454 74700 12429 190823 50834 70933 150789 20308 175154 55959 34160 90916 17088 13985 16445 10547 12381 87544 6957 59374 15588 56786 290 171913 188303 14820 31581 99901 19755 92857 34252 64727 41452 138738 8647 71540 160422 17732 11833 41155 2331 76120 2420 7599 107905 394 41484 61159 18515
internal_value=0.00073576 -0.0147621 0.0323918 -0.0012592 0.0446233 0.00836865 -0.0289119 0.0364475 0.0119397 -0.0160558 -0.0369084 -0.00218192 -0.00928216 -0.0178696 -0.0311441 -0.0301322 0.00405181 -0.0516572 -0.0413007 0.0191896 0.0734019 0.0260473 0.0260173 0.0302193 -0.00301766 -0.0279133 -0.0022614 -0.00461102 -0.0297484 0.0556541 -0.0109283 -0.0241316 -0.0215812 -0.0653758 0.0650007 0.00299629 -0.0792544 0.0447835 -0.0359541 -0.0548561 0.00251845 0.00256418 0.0147382 -0.00387575 -0.00793775 0.00272019 -0.0390984 0.0387066
internal_weight=354885 238247 116639 121910 72987.7 77176.4 116337 56839.9 43650.8 44612.6 71724.1 23241.7 18714.3 44733.6 21370.9 49144.9 35197.6 22579.2 12866.2 10359 16147.8 30234.1 36835.9 25647.2 46942.3 7256.91 24838.7 45071.6 16498.8 20004 28234.8 32240 29768.9 9713.03 11782 23071.8 5502.14 8453.22 18702.2 2471.09 11457.4 2668.69 2228.01 18245 15754.8 4586.9 17172.7 7367.21
internal_count=2757999 1622558 1135441 921454 771401 626697 701104 572142 364040 302268 398836 172934 138774 294757 129334 285818 277733 113018 66331 90288 199259 280911 347067 239137 345786 48669 187445 330966 105286 225075 189471 194902 180190 46687 142473 180177 26379 86307 112861 14712 90105 16473 14053 124744 108299 41774 102314 74474
is_linear=0
shrinkage=0.12179


Tree=9
num_leaves=49
num_cat=0
split_feature=11 11 0 11 0 3 11 12 11 0 3 7 3 0 11 3 11 9 8 0 9 12 9 8 3 8 3 9 11 3 7 3 0 3 8 6 3 8 9 11 7 3 0 10 6 3 11 9
split_gain=9241.26 2391.02 1639.17 1005.77 974.144 732.267 682.693 654.826 614.717 555.163 515.847 275.345 238.59 235.273 222.919 199.791 198.019 190.726 190.44 177.55 177.415 175.742 175.651 167.355 164.476 166.662 151.231 201.63 149.62 147.915 145.891 139.146 133.247 132.4 129.978 131.64 129.571 129.074 174.776 127.683 127.633 121.698 117.152 112.454 99.5816 98.4759 96.4301 93.824
threshold=0.8710914821735275 0.81040378428758986 3.5000000000000004 0.92887469798293332 4.5000000000000009 11.500000000000002 0.72611518277234899 0.83000232769989923 0.93066287900928601 4.5000000000000009 12.500000000000002 55.500000000000007 7.5000000000000009 5.5000000000000009 0.60832460550202494 11.500000000000002 0.95558254798487596 0.73796475997026378 0.80235441454681389 5.5000000000000009 0.85965129775527949 0.86640578605357998 0.73796475997026378 0.88637416310275396 10.500000000000002 0.90286652329037753 15.500000000000002 0.86111906129716009 0.89427270498809219 12.500000000000002 35.500000000000007 21.500000000000004 5.5000000000000009 6.5000000000000009 0.80235441454681389 72.500000000000014 6.5000000000000009 0.80235441454681389 0.73796475997026378 0.96510097165629349 40.500000000000007 17.500000000000004 4.5000000000000009 0.8421513316613739 134.50000000000003 16.500000000000004 0.90321186606072446 0.86613831399738361
decision_type=2 2 2 2 2 2 2 2 2 2 2 2 2 2 2 2 2 2 2 2 2 2 2 2 2 2 2 2 2 2 2 2 2 2 2 2 2 2 2 2 2 2 2 2 2 2 2 2
left_child=1 6 8 7 12 20 14 46 21 11 32 -8 43 -12 -1 17 29 44 33 -7 -6 28 -20 -23 25 42 -21 -28 47 -5 41 -15 -11 -13 -32 -36 -34 40 -39 45 -17 -14 -9 -3 -16 -10 -4 -2
right_child=2 4 3 16 5 19 9 24 39 10 13 18 30 31 15 37 -18 -19 22 26 -22 23 -24 -25 -26 -27 27 -29 -30 -31 34 -33 36 -35 35 -37 -38 38 -40 -41 -42 -43 -44 -45 -46 -47 -48 -49
leaf_value=-0.073551864218671284 0.00055692858652832639 -0.0051045750058340217 0.013066499161001563 0.075845687276594617 0.040219680458120285 0.018160836780154687 -0.016510988141572272 0.023962627975446245 0.043986804068169662 0.0276479670916298 0.0025372181539868388 0.017100735408986462 0.0045224323099456384 -0.026156332167145399 0.053223942941600266 -0.036372121667178355 0.091952007603561495 -0.029708834529395236 0.034767451691198929 0.0084526523952667722 0.016878824810724568 0.010228053394799052 -0.03268013378953577 0.052615300096219127 0.035685340378760838 0.085553052967332607 -0.017432330795357769 0.0104080317849609 0.0074570894907250067 0.047690305130762986 -0.035528072288899849 0.024277310630730683 0.037356603715658424 -0.060685889710358071 -0.0069713233368846623 -0.024450600577178381 -0.0019231461646790531 0.0093383840618498186 -0.037999647532180006 0.081310528387492101 -0.064153640502278467 -0.017991616376439683 0.05392010984580467 0.027318838828175325 -0.0051469744656770918 0.012073085116704829 0.029287776148093352 -0.021266482495330436
leaf_weight=2356.8939333111048 5173.0585968494415 3261.1830614954233 16162.809266753495 5062.1735682711005 11495.967947743833 7569.0059311836958 17622.804183118045 2321.5882742255926 5162.0099615156651 3627.4243738278747 6000.5718767568469 345.55271351337433 8851.5964124202728 23351.38898460567 566.59614572674036 4387.0094951242208 4027.7003421261907 9688.1733284592628 590.55381940305233 11258.685434520245 8330.7473538517952 8916.9381589069963 18958.822093941271 1634.9421577230096 13872.989448651671 2125.1963863223791 13368.609426870942 5424.1463960632682 12126.148358948529 6105.9955416172743 5876.8783838003874 840.64030060917139 1370.2157659456134 5343.4228444769979 13185.724969662726 12401.889385581017 13700.704085931182 1262.8499846309423 13784.193228557706 1013.5431974008679 5563.4850852936506 5958.4567154347897 11665.318575561047 3089.9858570173383 1845.7563571333885 1985.8927321508527 8190.3375632017851 6715.2580542564392
leaf_count=11392 36344 25534 141202 70933 112551 57544 102004 26764 55203 29688 36511 2527 62097 140870 4001 21228 56786 58495 3586 93601 81516 77103 111709 15830 151750 28259 92470 41749 97643 71540 37670 5513 13041 29607 89746 84067 106545 6839 70807 11833 26698 37967 136149 25691 11445 19271 79631 47049
internal_value=0.000700037 -0.0127311 0.0295669 0.0411031 0.000505646 0.0114716 -0.0238357 0.0333572 0.0107932 -0.0180748 -0.00920466 -0.0281928 -0.011465 -0.0190495 -0.0372325 -0.0349251 0.0688013 -0.022079 -0.0363497 0.00148945 0.0304124 0.003695 -0.0306427 0.0167957 0.0454061 0.0537759 -0.00270954 -0.00939678 -0.00206139 0.0604522 -0.014503 -0.0244038 0.00669199 -0.0559611 -0.0191946 -0.0154432 0.00164808 -0.0411434 -0.0340267 0.0408565 -0.0519052 -0.00453554 0.0489477 0.0106701 0.00856277 0.0351203 0.018522 -0.0117703
internal_weight=353542 241280 112262 69534.1 110073 57447.2 131207 54338.2 42727.8 91752.1 48890.9 42861.2 52625.7 30192.6 39455 37098.1 15195.9 12100.5 25238.4 37620.4 19826.7 34566.3 19549.4 10551.9 29985.1 16112.1 30051.4 18792.8 24014.5 11168.2 46274.5 24192 18698.3 5688.98 31464.5 25587.6 15070.9 24997.5 15047 8161.45 9950.49 14810.1 13986.9 6351.17 2412.35 7147.9 24353.1 11888.3
internal_count=2757999 1634709 1123290 763014 842203 479431 792506 563755 360276 581601 332168 249433 362772 182894 210905 199513 199259 73941 147429 285364 194067 273969 115295 92933 342922 191172 227820 134219 181036 142473 311547 146383 149274 32134 211483 173813 119586 125572 77646 86307 47926 100064 162913 51225 15446 74474 220833 83393
is_linear=0
shrinkage=0.12179


Tree=10
num_leaves=49
num_cat=0
split_feature=6 0 3 4 10 3 8 0 4 8 10 8 1 3 6 3 0 8 7 3 1 0 1 8 3 10 10 1 8 4 0 0 7 1 3 6 8 10 1 1 8 1 6 6 10 3 10 0
split_gain=2872.29 1835.87 1354.54 1140.19 1090.9 1128.02 831.362 757.226 401.57 324.525 297.465 286.731 268.915 263.766 286.785 243.272 227.812 256.553 225.156 222.495 222.318 222.273 209.999 255.755 198.07 169.168 162.565 162.236 162.067 153.467 153.393 152.799 152.126 225.154 149.399 147.367 142.694 135.534 133.743 247.547 138.264 132.516 129.04 127.439 125.229 159.716 124.706 119.458
threshold=74.500000000000014 3.5000000000000004 16.500000000000004 518.00000000000011 0.83781828904422406 14.500000000000002 0.82029770595515661 4.5000000000000009 1039.0000000000002 0.80235441454681389 0.8421513316613739 0.82029770595515661 5.5000000000000009 21.500000000000004 227.50000000000003 8.5000000000000018 3.5000000000000004 0.88085919287258096 96.500000000000014 7.5000000000000009 2.5000000000000004 4.5000000000000009 6.5000000000000009 0.84698799222000154 6.5000000000000009 0.78602299101415862 0.84547624853687875 5.5000000000000009 0.80235441454681389 1390.0000000000002 5.5000000000000009 4.5000000000000009 213.50000000000003 1.5000000000000002 12.500000000000002 313.50000000000006 0.90286652329037753 0.7836894369319739 2.5000000000000004 5.5000000000000009 0.87366003285681904 5.5000000000000009 272.50000000000006 275.50000000000006 0.78196678439231604 1.5000000000000002 0.87432366318277344 5.5000000000000009
decision_type=2 2 2 2 2 2 2 2 2 2 2 2 2 2 2 2 2 2 2 2 2 2 2 2 2 2 2 2 2 2 2 2 2 2 2 2 2 2 2 2 2 2 2 2 2 2 2 2
left_child=1 6 3 16 24 8 18 19 21 13 27 37 20 14 30 36 -2 34 -1 -5 42 -6 23 -14 44 41 -21 -8 -7 -13 31 -4 -17 -34 -18 -22 -12 -9 40 -40 -30 -26 -11 -24 -3 -46 -23 -27
right_child=2 4 9 7 5 28 10 11 -10 12 15 29 22 -15 -16 32 17 -19 -20 26 35 46 43 -25 25 47 -28 -29 38 -31 -32 -33 33 -35 -36 -37 -38 -39 39 -41 -42 -43 -44 -45 45 -47 -48 -49
leaf_value=-0.0091473168075832233 0.0019302010953073563 -0.0013989040605093812 -0.050959257507775538 0.0043785829531010822 0.030048036506727775 -0.0083788358133377143 -0.014529818685565578 -0.033962014582482443 0.018334554132983606 -0.010120297658245436 0.02622786521515056 0.014138609971212333 -0.0057817948932098262 0.0052445254189814041 -0.0088643762329120353 0.008662381222249823 0.024353687754445817 0.047035350788265776 -0.034301215242770279 -0.03474295072324602 -0.033994091949458162 0.052074720997071083 -0.012840796679488091 0.053797255284006945 -0.010237877425842524 0.023421133092882771 -0.016662586663953715 0.012491108078148397 0.015346115947445891 -0.0091455100606730559 -0.070808736497132971 -0.0012325190705435249 -0.23178248799472545 -0.021902399369370423 0.00420253165238978 0.026660316496011083 0.076665645264082108 -0.0065989339777930232 0.000722968658631499 0.03187983802410628 0.050806317118960359 0.013840916215914765 -0.057805129244190311 -0.087513179485395678 -0.03325269558948455 0.059335502956720312 0.070789113543114943 0.0059841956440079063
leaf_weight=9193.5010165497661 15469.693098925054 1021.41122918576 4859.3450351133943 3542.5686332657933 4573.9185707047582 3955.0106933638453 12495.89035743475 3431.3293198943138 5503.5347499549389 13785.650977708399 5225.5545274540782 17942.484948813915 2772.4601166024804 1681.6562594026327 2509.2318980023265 22113.987366393209 11896.153892308474 4497.4997580945492 12394.219178326428 19286.082520842552 21684.906622849405 13215.987053669989 6273.7243702709675 1739.0687785893679 12508.473043210804 8787.8884240910411 11944.537997372448 4476.5674065127969 3265.763379983604 5481.4151206240058 4795.8074098527431 1129.6275199651718 90.050749622285366 479.60388248413801 10082.282444559038 610.88840751349926 989.53389229625463 12343.962565511465 10098.494492277503 6047.5658381059766 3258.1376063004136 4650.6042224913836 896.49456533789635 358.36680540442467 312.40751387178898 2394.3242948651314 8797.1081739366055 17300.614929549396
leaf_count=61803 109818 9343 24671 26731 54174 30080 81049 22469 54154 88034 47495 150593 17676 10037 13721 180571 116890 49279 74769 113503 135653 150513 42467 13493 86457 73080 79524 31117 28376 42031 25796 6163 577 3129 78163 3542 10508 90159 92600 57899 33339 33560 5107 2200 3183 25443 120068 146193
internal_value=0.000632908 0.0118166 -0.0101844 -0.00236826 0.0218355 0.0329029 -0.00388054 -0.0114639 0.048279 -0.0245436 0.00539458 0.00014183 -0.0196711 -0.0402005 -0.0459492 0.0129107 0.0136722 0.0205329 -0.023589 -0.0245468 -0.024669 0.0544776 -0.00308644 0.0171843 0.00800226 0.00568034 -0.0278279 -0.00740292 0.0143703 0.0086899 -0.0545775 -0.0415799 0.00706161 -0.0550801 0.0151096 -0.0323322 0.0342583 -0.0125508 0.0183391 0.0123929 0.0330555 -0.00371183 -0.0130319 -0.0168757 0.0349373 0.0486491 0.0595536 0.0118578
internal_weight=352165 173150 179015 115918 105691 58715.5 67458.9 73972.4 32090.5 63097.2 45871.2 39199.2 48121.6 14975.7 13294 28898.7 41945.6 26475.9 21587.7 34773.2 36977.9 26587 11143.6 4511.53 46975.7 43247.6 31230.6 16972.5 26625 23423.9 10784.8 5988.97 22683.6 569.655 21978.4 22295.8 6215.09 15775.3 22670 16146.1 6523.9 17159.1 14682.1 6632.09 3728.14 2706.73 22013.1 26088.5
internal_count=2757200 1489480 1267720 879160 998462 621203 491018 525010 378909 388560 354446 305252 308172 80388 70351 242280 354150 244332 136572 219758 232336 324755 75836 31169 377259 339290 193027 112166 242294 192624 56630 30834 184277 3706 195053 139195 58003 112628 212214 150499 61715 120017 93141 44667 37969 28626 270581 219273
is_linear=0
shrinkage=0.12179


Tree=11
num_leaves=49
num_cat=0
split_feature=11 11 11 0 0 12 0 12 12 1 1 9 11 1 0 0 1 1 0 1 0 1 1 11 4 0 0 0 12 12 9 0 10 9 6 12 1 4 4 9 1 9 10 12 9 12 6 11
split_gain=6652.71 1807.98 1153.26 810.099 797.639 604.048 480.136 474.698 435.019 426.347 311.207 259.944 220.477 216.012 410.222 212.493 205.325 203.795 214.92 270.026 197.805 177.36 179.028 172.834 172.387 171.632 161.878 161.303 160.017 156.3 150.81 147.222 146.912 132.988 171.288 131.444 131.224 146.551 129.956 124.599 122.445 117.541 111.445 108.843 117.824 108.422 106.577 104.016
threshold=0.87812637090497425 0.81040378428758986 0.93899910317999813 4.5000000000000009 3.5000000000000004 0.86640578605357998 3.5000000000000004 0.87723895378272065 0.83000232769989923 5.5000000000000009 6.5000000000000009 0.76645112812423111 0.72079426309587369 3.5000000000000004 1.5000000000000002 3.5000000000000004 2.5000000000000004 5.5000000000000009 1.5000000000000002 2.5000000000000004 5.5000000000000009 5.5000000000000009 4.5000000000000009 0.96510097165629349 434.00000000000006 1.5000000000000002 5.5000000000000009 2.5000000000000004 0.83000232769989923 0.86640578605357998 0.84545679980169808 2.5000000000000004 0.77887141370179902 0.79225961247450971 252.50000000000003 0.80389237169954297 2.5000000000000004 1763.0000000000002 1746.0000000000002 0.85140159278169125 6.5000000000000009 0.8604297244941671 0.84426331692035683 0.83000232769989923 0.86111906129716009 0.80389237169954297 254.50000000000003 0.71031669468868019
decision_type=2 2 2 2 2 2 2 2 2 2 2 2 2 2 2 2 2 2 2 2 2 2 2 2 2 2 2 2 2 2 2 2 2 2 2 2 2 2 2 2 2 2 2 2 2 2 2 2
left_child=1 6 4 9 35 26 17 16 11 13 12 20 30 15 41 27 -6 18 36 -20 -8 22 -18 31 45 28 -5 -3 46 -12 -10 -4 -7 -19 -35 -2 -1 -38 -27 -14 -9 -15 -17 44 -28 -13 -11 -21
right_child=2 3 23 5 7 32 8 40 10 25 29 24 39 14 -16 42 21 33 19 47 -22 -23 -24 -25 -26 38 43 -29 -30 -31 -32 -33 -34 34 -36 -37 37 -39 -40 -41 -42 -43 -44 -45 -46 -47 -48 -49
leaf_value=-0.036897354490546971 -0.0109360781087468 -0.0049285270871294255 0.029334176051385826 0.017761158236825048 0.038958832583684301 -0.013865229934845215 -0.01533004898931949 0.046461770102914308 -0.019967872213797588 -0.028888979069501497 0.00020245374971895964 -0.014696213356306845 0.00057465080520157415 0.02007460547450185 -0.036356894819543829 0.031715741236928857 0.019740509164260987 -0.00090254559535831586 -0.025182337260751041 -0.072944936262060486 -0.050966770586059432 0.031898136099303816 -0.0077510678389252638 0.087431449808074185 -0.013102439613764142 0.020616039942919707 -0.01094985201358575 -0.0266582563568067 0.008273004150331215 0.040797668880954562 -0.070340258002290573 0.060769180140969728 0.032022203951174125 -0.022656487350508132 -0.11726082721476873 0.010623084656152131 -0.0047288116958945046 -0.069596727782736012 -0.044997413163592043 -0.019181564482808378 0.081293830278717102 -0.019764457072684323 -0.0034212985747311721 0.0088713568111860337 0.0079091094211158168 -0.049023726766956856 -0.13130834911762559 -0.046346928901418581
leaf_weight=4331.910596460104 4962.7214475050569 12639.787518575788 2920.4890162199736 8812.1475195214152 10075.588327519596 1101.0176316127181 3419.9945996105671 12704.176032934338 9159.556064337492 1744.1805622577667 2716.0663001909852 2173.4197151511908 21388.862400151789 2985.6560874953866 13317.500261962414 2584.1852406337857 10504.670540366322 5146.1725462153554 9874.7988587170839 2703.1320318132639 7119.8668735325336 9094.3426848240197 5279.2883869111538 2660.2670686654747 26054.128791101277 9688.5051049888134 16794.73502612859 8457.4613382592797 2716.2231220453978 2918.3550394773483 975.47866785526276 9082.1901374459267 17228.405685536563 6867.6628290489316 296.11339265108109 27103.529629938304 6442.3706261068583 561.62813609838486 469.44056740403175 6081.405888043344 1696.8850337862968 1737.8714171126485 2778.4746925160289 11819.922637715936 6946.138110242784 3667.9558648467064 164.95527999103069 11286.702102199197
leaf_count=22916 36810 83641 32600 70343 106330 10471 16930 167170 55215 11351 18699 12740 158713 19628 90905 20617 107900 28560 51702 12769 34381 97246 53015 39091 146228 72836 116896 52460 19818 23057 5759 126142 180122 39165 1586 226388 34119 2807 3367 46588 22674 11486 22692 107862 54499 20965 978 58963
internal_value=0.000589542 -0.00969552 0.0279037 0.00101631 0.0222415 0.0106668 -0.0195066 0.0319578 -0.0140612 -0.00919063 -0.00546396 -0.0228214 -0.00946335 -0.0151435 -0.0254196 -0.00813696 0.0242912 -0.0293263 -0.0340433 -0.0406021 -0.0394033 0.0183509 0.0105454 0.0593454 -0.017342 0.00872868 0.00298404 -0.0136395 -0.0107184 0.0212288 -0.0248161 0.0531204 0.0292658 -0.0158379 -0.0265669 0.00728649 -0.0202355 -0.00993036 0.0175838 -0.00379901 0.0505661 0.00541709 0.0135107 -0.000677807 -0.00543207 -0.0362514 -0.0377383 -0.0514862
internal_weight=351256 255172 96084.1 121987 81421.2 62702.4 133186 49355 85675.1 59284.2 43239.7 42435.4 37605.3 44500.9 18041 26459.9 34953.9 47510.5 35200.5 23864.6 10539.9 24878.3 15784 14662.9 31895.5 14783.3 44372.9 21097.2 4625.36 5634.42 10135 12002.7 18329.4 12309.9 7163.78 32066.3 11335.9 7004 10157.9 27470.3 14401.1 4723.53 5362.66 35560.8 23740.9 5841.38 1909.14 13989.8
internal_count=2757200 1741834 1015366 949972 817533 540193 791862 554335 539275 409779 308031 231244 266275 301429 122019 179410 364491 252587 183276 123434 51311 258161 160915 197833 179933 108350 349600 136101 32147 41756 60974 158742 190593 69311 40751 263198 59842 36926 76203 205301 189844 31114 43309 279257 171395 33705 12329 71732
is_linear=0
shrinkage=0.12179


Tree=12
num_leaves=49
num_cat=0
split_feature=11 11 11 2 0 0 2 1 2 9 1 2 2 0 2 2 8 8 8 9 11 11 0 1 0 1 2 6 1 2 8 10 8 9 1 1 8 1 9 1 1 1 8 9 2 11 0 0
split_gain=5263.19 1480.09 921.406 795.739 654.749 639.145 447.308 312.174 249.984 330.148 247.483 233.987 215.611 210.06 191.838 176.654 172.996 167.037 151.858 144.744 143.567 138.526 138.168 249.664 133.382 129.912 127.586 126.466 125.765 124.822 176.071 121.803 121.251 120.798 110.484 190.511 470.706 125.344 104.949 104.46 230.839 148.246 119.564 104.115 103.808 103.442 107.548 97.4124
threshold=0.8807957661959861 0.78666558282982957 0.94093034345596027 820.50000000000011 3.5000000000000004 3.5000000000000004 1520.5000000000002 5.5000000000000009 1650.5000000000002 0.82330547300850088 3.5000000000000004 1635.5000000000002 2155.5000000000005 4.5000000000000009 840.50000000000011 1930.5000000000002 0.84698799222000154 0.82029770595515661 0.84698799222000154 0.76645112812423111 0.96510097165629349 0.90944715048657709 2.5000000000000004 5.5000000000000009 1.5000000000000002 5.5000000000000009 1200.5000000000002 151.50000000000003 5.5000000000000009 840.50000000000011 0.88637416310275396 0.84051994465913571 0.90286652329037753 0.76645112812423111 5.5000000000000009 3.5000000000000004 0.90286652329037753 6.5000000000000009 0.76645112812423111 3.5000000000000004 5.5000000000000009 6.5000000000000009 0.90286652329037753 0.73796475997026378 645.50000000000011 0.66519789554752429 3.5000000000000004 4.5000000000000009
decision_type=2 2 2 2 2 2 2 2 2 2 2 2 2 2 2 2 2 2 2 2 2 2 2 2 2 2 2 2 2 2 2 2 2 2 2 2 2 2 2 2 2 2 2 2 2 2 2 2
left_child=1 7 4 13 29 17 21 8 9 18 15 16 25 31 -9 38 -7 -5 44 24 26 -6 32 -24 -12 -13 -4 33 -18 30 -2 -3 -19 -16 35 -31 -37 -36 -10 -8 42 -42 -41 -20 -1 -11 -47 -35
right_child=2 3 20 5 6 11 39 14 10 45 19 12 -14 -15 27 -17 28 22 43 -21 -22 -23 23 -25 -26 -27 -28 -29 -30 34 -32 -33 -34 47 37 36 -38 -39 -40 40 41 -43 -44 -45 -46 46 -48 -49
leaf_value=0.026242143624940661 0.014156161126853476 -0.0033747118360394636 0.067023694437275003 -0.023961954351060091 0.033847405129324173 0.0019905649826829704 0.026807936547481061 0.01911001177378557 -0.053236133753359109 -0.07343105020127548 0.0026387218701261427 -0.012056447327710756 0.030038456005552272 0.032028467907822065 0.016030037700833749 -0.0067183594833137633 0.01078286163899279 -0.0017620763023539273 0.046412409882858309 -0.038600871362653374 0.083170041792649599 0.052166639874204203 -0.029189095300806583 0.014976020221587956 -0.078257842677968328 0.0052424273137115446 0.03911893084002168 -0.02474065961364014 0.033920095562756013 0.0088143791466120513 0.072953015627791981 0.021221846008374404 -0.041743998287277984 -0.022994347574536035 0.03635522284440032 -0.0012184135465227231 -0.079460047345151621 0.0020625679430083376 -0.025677590723650834 0.0024528769029807857 0.053141689512969527 0.010514886294671729 -0.038019060539198256 -0.0022257114397598301 -0.015536520319997707 -0.044735792508619143 -0.022613115795633749 -0.00044421914542873788
leaf_weight=911.73446553200483 4506.3035086989403 6059.884403847158 4080.0875042043626 19617.558133743703 15567.883088927716 32826.653408393264 8617.135605238378 3271.0572922155261 2868.5992119312286 908.47245191037655 338.36018921434879 26481.722802944481 2379.290258847177 11077.432721324265 3015.8245885744691 5709.8771093934774 13314.912907131016 20305.486433796585 1025.8170855343342 7469.1038820445538 2468.3870199099183 10091.406502306461 9487.8817043974996 2373.4623974561691 2837.7555687278509 8508.0687176957726 6010.5891544558108 8000.3934483006597 4719.8837153017521 11040.510507002473 907.59223087877035 5887.7374673783779 1191.0637303888798 5519.6043740510941 2854.225132830441 5784.8849155157804 1420.5649922564626 3544.0185681134462 7180.0023330748081 4928.3255356773734 2109.8287870958447 2837.9062007069588 1387.550525650382 1795.2257131114602 27186.711225107312 5252.6278074979782 8589.9101011380553 5856.0688785389066
leaf_count=6940 42005 45277 61398 114857 191148 272813 86601 23475 12789 4648 1544 177488 19176 120768 16782 28771 122390 132344 6653 37476 39091 144790 56089 16746 12790 63492 79064 44874 45903 89574 10021 48361 8251 30014 24541 44901 11623 29011 35788 45233 22305 28139 13221 11150 155387 27216 57955 36327
internal_value=0.000553619 -0.00810857 0.0262942 -0.0010465 0.0212193 -0.00446978 0.0304275 -0.0199752 -0.0240824 -0.0186287 -0.0335156 0.00187932 -0.00543771 0.0199475 -0.00844028 -0.0238246 0.00725531 -0.0150442 -0.0114765 -0.0478616 0.0568423 0.0410521 -0.0097997 -0.0203516 -0.0696397 -0.00785008 0.050402 -0.0124649 0.0168381 0.00726819 0.0240129 0.00874637 -0.00397736 -0.00564064 0.00358967 -0.00123925 -0.0166439 0.0173604 -0.0335448 0.0167148 0.00899315 0.0286919 -0.0064385 0.0154606 -0.0141809 -0.0336204 -0.0310077 -0.0113858
internal_weight=350125 261968 88157.2 164231 75598.1 141206 45540 97737.1 72074.2 45670.5 26403.7 88230.5 37369.1 23025.1 25662.9 15758.5 50861.5 52975.5 30919.5 10645.2 12559.1 25659.3 33357.9 11861.3 3176.12 34989.8 10090.7 22391.9 18034.8 30058.1 5413.9 11947.6 21496.6 14391.5 24644.2 18246 7205.45 6398.24 10048.6 19880.7 11263.6 4947.73 6315.88 2821.04 28098.4 14751 13842.5 11375.7
internal_count=2757200 1794534 962666 1243955 783113 1029549 531437 550579 399107 269949 129158 701262 260156 214406 151472 77348 441106 328287 180130 51810 179553 335938 213430 72835 14334 240980 140462 127997 168293 251676 52026 93638 140595 83123 199650 146098 56524 53552 48577 195499 108898 50444 58454 17803 162327 89819 85171 66341
is_linear=0
shrinkage=0.12179


Tree=13
num_leaves=49
num_cat=0
split_feature=6 0 2 4 2 10 7 0 1 9 4 10 9 2 0 9 2 2 4 0 0 9 10 0 0 10 1 1 1 5 7 7 0 2 4 3 2 10 9 3 2 10 5 10 2 0 0 1
split_gain=1576.71 1009.46 865.505 808.801 732.202 718.108 517.059 427.504 330.982 298.221 279.55 243.478 240.278 236.345 225.717 227.995 202.42 188.935 176.877 176.723 173.316 218.15 172.007 163.955 221.473 341.96 257.327 162.638 320.334 154.728 193.811 150.791 141.557 124.292 122.23 119.248 115.496 112.871 112.198 111.933 108.966 106.866 106.852 106.612 113.254 106.035 105.131 146.628
threshold=74.500000000000014 4.5000000000000009 1635.5000000000002 362.00000000000006 1355.5000000000002 0.8373870745196309 68.500000000000014 4.5000000000000009 5.5000000000000009 0.76645112812423111 1200.0000000000002 0.84547624853687875 0.91962486091241469 1120.5000000000002 3.5000000000000004 0.85797757626149773 850.50000000000011 1930.5000000000002 1122.0000000000002 5.5000000000000009 5.5000000000000009 0.79615732005208406 0.8034400510947084 5.5000000000000009 6.5000000000000009 0.87041453609451969 3.5000000000000004 3.5000000000000004 5.5000000000000009 175.50000000000003 120.50000000000001 59.500000000000007 4.5000000000000009 1644.5000000000002 950.50000000000011 1.5000000000000002 635.50000000000011 0.87432366318277344 0.78902747439572751 1.5000000000000002 705.50000000000011 0.84589801993562974 189.50000000000003 0.79528251122794547 1145.5000000000002 8.5000000000000018 7.5000000000000009 4.5000000000000009
decision_type=2 2 2 2 2 2 2 2 2 2 2 2 2 2 2 2 2 2 2 2 2 2 2 2 2 2 2 2 2 2 2 2 2 2 2 2 2 2 2 2 2 2 2 2 2 2 2 2
left_child=1 6 3 -2 5 36 16 18 11 17 37 -8 23 22 38 20 35 19 31 -4 32 -22 -9 -6 26 -26 -25 -18 -29 30 -12 -5 -16 -17 -24 -1 39 45 -11 42 -13 -33 -3 -15 -45 -7 47 -38
right_child=2 4 9 7 12 10 8 13 -10 14 29 40 -14 43 15 33 27 -19 -20 -21 21 -23 34 24 25 -27 -28 28 -30 -31 -32 41 -34 -35 -36 -37 46 -39 -40 -41 -42 -43 -44 44 -46 -47 -48 -49
leaf_value=-0.012441952611464682 0.018660130485944462 -0.11723668340999052 -0.029083124862448004 -0.00083681217633672868 0.021002635941747345 0.049246127036104294 -0.020600783588136305 -0.010892310984282578 0.0088245995190917199 0.0040171129769447931 -0.0095727855190774792 0.032607142274864075 0.04762323921512629 -0.024982198354102893 -0.014438675881248536 -0.090195364647291831 0.017149268387678048 -0.014268553153673548 -0.027704459062754375 -0.064722524871186196 -0.006658408186541195 -0.031413828323738062 0.025781895158063371 0.0089294724708588683 -0.00039917925776840839 0.032816235439385923 -0.03419316350215032 -0.016587526497542145 0.016079453861108674 0.014178643052116883 -0.34928249737034756 -0.025737513848442074 0.014500361254291449 0.014926885648156104 0.0047119824257389545 0.040203694293970402 0.0045476257856528471 0.063062412915642407 -0.027820927860977038 0.052451849534388785 -0.0035751261456399737 -0.0041969994961638243 0.038856161872697213 -0.03665122146488508 -0.00030548884905451102 0.02034631933563644 -0.0025302540676832783 0.034794882944171622
leaf_weight=743.30515134707093 24819.752864681184 120.82475087791681 4415.9896058887243 13657.89351292327 8267.628158941865 9524.7012284733355 26176.168638724834 4121.3420916795731 12225.892412595451 1808.624408505857 67.157741449773312 1428.787162553519 2124.2522413730621 3828.6711851581931 4986.0235871896148 171.40182698518038 13218.668571282178 4296.0568772181869 12033.076738528907 3874.3169194310904 10316.064550690353 10815.807242125273 9669.5057467520237 3645.9005554951727 19241.909698348492 6040.7686069756746 4696.679357714951 9143.0312493778765 8679.1193036846817 2468.2963300794363 39.59880692511797 10100.85061218217 5042.9580296501517 6254.8912555091083 7069.8150702044368 4512.5653105638921 5588.2327991984785 6964.0355276912451 17796.350189901888 1671.8536300398409 9083.319871660322 5162.1661225631833 140.911835283041 1365.0981519296765 18575.291082810611 2347.2075771912932 6566.9490694068372 4137.1186171099544
leaf_count=6653 220188 1321 20578 93789 69927 118438 166248 30206 92652 9229 721 14818 26595 23353 30953 1445 106828 21123 70748 17758 59936 71182 96527 30773 147830 63565 38972 69392 72746 26057 372 60118 32340 53498 62470 46922 50833 110056 102535 18386 80756 37125 1417 11201 141418 28986 59685 38531
internal_value=0.000516869 0.00897219 -0.00740738 -0.000696818 0.0184758 0.0304831 -0.000357783 -0.00631044 -0.00853017 -0.0180248 0.0456076 -0.0143134 0.00766342 0.00193513 -0.0142897 -0.00876403 0.0106555 -0.034997 -0.0152961 -0.0457385 -0.0130716 -0.0193288 0.0113956 0.00563718 0.0018592 0.00753695 -0.0153476 0.00691302 -0.000679198 0.00796995 -0.13558 -0.0101333 0.000112986 0.0121231 0.0168831 0.0327583 0.0127154 0.050753 -0.0248838 0.0408577 0.0013427 -0.0184522 -0.0332006 -0.00636776 -0.00279368 0.0435323 0.00937545 0.0174147
internal_weight=349047 168865 180182 110403 83654 39636.9 85210.9 85583.7 48914.2 69778.5 21411 36688.3 44017.1 44629.7 57192.1 37587.1 36296.7 12586.4 40954 8290.31 31160.9 21131.9 20860.7 41892.9 33625.3 25282.7 8342.58 31040.8 17822.2 2575.05 106.757 28920.9 10029 6426.29 16739.3 5255.87 18225.9 18835.9 19605 1933.59 10512.1 15263 261.737 23769.1 19940.4 11871.9 16292.3 9725.35
internal_count=2757200 1489480 1267720 847143 832465 454803 657015 626955 354474 420577 284630 261822 377662 365175 361118 249354 302541 59459 261780 38336 194411 131118 189203 351067 281140 211395 69745 248966 142138 27150 1093 191032 63293 54943 158997 53575 170173 257480 111764 21124 95574 97243 2738 175972 152619 147424 149049 89364
is_linear=0
shrinkage=0.12179


Tree=14
num_leaves=49
num_cat=0
split_feature=11 11 11 0 0 2 11 2 0 2 2 4 0 9 8 0 0 11 8 11 2 9 2 0 5 6 2 2 7 2 6 9 2 8 3 0 8 0 11 5 5 4 2 8 2 6 0 0
split_gain=3690.45 1233.54 629.09 442.022 407.255 393.789 371.141 303.366 233.748 226.601 179.995 160.41 156.151 142.183 137.82 134.302 132.609 129.731 126.138 119.885 117.77 177.544 137.414 136.924 132.573 126.144 105.823 107.694 104.35 96.392 95.1452 90.6925 89.1409 86.3025 81.5294 77.6337 195.47 126.706 104.248 82.385 75.143 124.563 71.458 70.9988 70.3868 97.3905 70.1353 115.248
threshold=0.88759233818255756 0.82351295763060472 0.94093034345596027 4.5000000000000009 4.5000000000000009 1255.5000000000002 0.74246569874769253 1279.5000000000002 3.5000000000000004 830.50000000000011 635.50000000000011 1328.5000000000002 2.5000000000000004 0.79225961247450971 0.90286652329037753 1.5000000000000002 7.5000000000000009 0.60832460550202494 0.88637416310275396 0.96366476736914219 1650.5000000000002 0.76645112812423111 1905.5000000000002 4.5000000000000009 115.50000000000001 99.500000000000014 2155.5000000000005 1330.5000000000002 68.500000000000014 1500.5000000000002 250.50000000000003 0.81056320994217546 700.50000000000011 0.83205873009260178 1.0000000180025095e-35 6.5000000000000009 0.90286652329037753 5.5000000000000009 0.90944715048657709 59.500000000000007 332.50000000000006 2399.5000000000005 735.50000000000011 0.80235441454681389 1630.5000000000002 47.500000000000007 5.5000000000000009 6.5000000000000009
decision_type=2 2 2 2 2 2 2 2 2 2 2 2 2 2 2 2 2 2 2 2 2 2 2 2 2 2 2 2 2 2 2 2 2 2 2 2 2 2 2 2 2 2 2 2 2 2 2 2
left_child=1 6 4 10 32 11 17 14 12 31 -3 16 13 33 18 -4 -5 -1 -6 29 21 25 24 -23 -22 -19 27 -11 44 -17 -15 -10 34 -8 -2 36 37 -9 -37 -38 41 -14 -18 -30 -12 -46 -7 -48
right_child=2 3 15 5 7 46 8 35 9 26 28 -13 40 30 -16 19 42 20 -20 -21 22 23 -24 -25 -26 -27 -28 -29 43 -31 -32 -33 -34 -35 -36 38 39 -39 -40 -41 -42 -43 -44 -45 45 -47 47 -49
leaf_value=-0.048593414017088887 -0.079457536554344357 0.03168681254561647 0.017193821143057089 0.034988432307818153 0.041551962184369955 0.013673252737821051 -0.0055947682873816558 0.039712441448111202 0.02831704971369264 -0.00073993448390293143 0.0048072135044995848 -0.0040093715385820126 -0.026731999397827128 -0.015688274010219518 0.073255960334671799 0.059618589641931549 0.035351517178305911 0.02280997733588189 -0.037216605402337954 0.079461301286765679 -0.059867818504881209 -0.031570940002523154 -0.015690282841846617 -0.012325579135487418 -0.028764852346977406 -0.0098027475921737255 0.023500857443649329 -0.011991797783048524 -0.022684474801361713 0.031942567356054739 -0.079963555985390733 0.0028043378336589419 0.0082589083700461124 0.022015201654962496 0.038160500232606795 0.015388659196990676 -0.06281171318557488 0.0028315378929933224 0.039613606495486772 -0.0059861815282276423 0.055676803766685025 -0.14456883038042134 0.0085349833740590835 -0.0075383844650502409 0.011837677278836705 -0.013231787978417916 -0.012809039133366791 0.0046626339866811736
leaf_weight=2496.5249847769737 91.091823950409889 2015.7697411067784 1529.2027034536004 12174.967290442437 9555.0049976035953 7295.6394431740046 5589.861596301198 2750.0287520438433 3754.6322710588574 19313.056813694537 17058.006337393075 2829.3301913365722 13298.42661216855 16570.364803887904 2125.5353623703122 4646.880362637341 1933.1984574869275 2371.60344273597 311.37801517546177 2437.3790718689561 2786.4051059931517 10526.119695588946 7724.6256014555693 11445.827747665346 7514.6488005518913 6812.6918905004859 1618.4286201223731 36392.265052139759 5772.8407701402903 3119.8216935172677 348.7920003682375 4597.2070007026196 28188.058134119958 2400.3109978660941 2165.846285879612 5656.6105049028993 597.33536893874407 2776.9023926630616 4932.4454192817211 1032.6155322566628 161.4400862455368 134.40487624704838 6203.5974151715636 22416.097870104015 3026.6540496647358 9554.2392646893859 7425.1247852668166 22781.93255764991
leaf_count=11484 947 17466 19184 138173 137195 60652 30896 29788 34339 147853 129853 28891 71016 93174 36499 76086 24086 14398 4514 42873 12619 52239 36616 69023 35049 38398 11092 217613 37538 41410 1824 42526 259075 14072 24029 57301 6864 29401 58363 11950 832 728 67587 159092 20639 60875 59021 182057
internal_value=0.000478794 -0.00591686 0.0250548 0.00333767 0.0200252 0.0106655 -0.0130712 0.0301623 -0.00888536 -0.00446821 -0.00408818 0.0231592 -0.0164197 -0.01069 0.0451261 0.0508524 0.0269436 -0.0215094 0.0390661 0.0558965 -0.0201346 -0.0156015 -0.0279698 -0.0215455 -0.0371781 -0.00138137 -0.00719884 -0.00809077 -0.00533523 0.0485014 -0.0170133 0.0142738 0.0101236 0.00269948 0.0334133 0.0200503 0.010252 0.0211823 0.0266728 -0.0268113 -0.0269184 -0.027911 0.0149062 -0.0106402 -0.00028981 -0.00720069 0.00295633 0.000367964
internal_weight=348261 276345 71916.1 120487 60182.9 60643.8 155858 29737.9 104179 65675.6 59843.6 23141.1 38503.6 24909.3 11991.9 11733.3 20311.8 51678.4 9866.38 10204.1 49181.9 31156.2 18025.7 21971.9 10301.1 9184.3 57323.8 55705.3 57827.8 7766.7 16919.2 8351.84 30445 7990.17 2256.94 17745.9 7156.88 5526.93 10589.1 1629.95 13594.3 13432.8 8136.8 28188.9 29638.9 12580.9 37502.7 30207.1
internal_count=2757200 1921721 835479 985930 655926 560467 935791 371875 665965 453423 425463 258737 212542 139966 178208 179553 229846 269826 141709 160369 258342 174058 84284 121262 47668 52796 376558 365466 407997 117496 94998 76865 284051 44968 24976 193667 78003 59189 115664 18814 72576 71744 91673 196630 211367 81514 301730 241078
is_linear=0
shrinkage=0.12179


Tree=15
num_leaves=49
num_cat=0
split_feature=2 8 8 1 1 1 8 0 7 8 9 2 0 2 0 8 0 10 3 0 0 5 2 0 10 0 9 0 2 0 2 9 5 1 9 10 2 1 10 8 7 10 5 2 8 7 7 2
split_gain=1025.03 986.423 716.474 596.742 714.78 409.855 409.376 435.589 305.352 302.718 309.459 298.515 265.611 291.798 257.333 254.516 280.876 251.88 226.832 224.609 207.348 206.183 199.053 169.985 160.554 154.176 152.666 151.316 144.169 137.03 130.432 198.891 160.38 120.281 119.751 113.976 111.06 108.542 104.868 104.286 102.266 100.861 100.346 92.9781 91.8078 89.9573 89.3163 86.0426
threshold=825.50000000000011 0.84698799222000154 0.90286652329037753 5.5000000000000009 3.5000000000000004 6.5000000000000009 0.90286652329037753 1.5000000000000002 31.500000000000004 0.80235441454681389 0.73796475997026378 635.50000000000011 4.5000000000000009 1510.5000000000002 2.5000000000000004 0.90286652329037753 1.5000000000000002 0.79528251122794547 1.5000000000000002 8.5000000000000018 3.5000000000000004 67.500000000000014 2225.5000000000005 5.5000000000000009 0.77719158662646826 2.5000000000000004 0.81848324659164196 4.5000000000000009 1630.5000000000002 6.5000000000000009 1714.5000000000002 0.84919620254308603 110.50000000000001 6.5000000000000009 0.85881408523073288 0.88394400514895188 1305.5000000000002 6.5000000000000009 0.78196678439231604 0.8622651991476401 165.50000000000003 0.8719725586164867 30.500000000000004 1150.5000000000002 0.83205873009260178 20.500000000000004 116.50000000000001 2150.5000000000005
decision_type=2 2 2 2 2 2 2 2 2 2 2 2 2 2 2 2 2 2 2 2 2 2 2 2 2 2 2 2 2 2 2 2 2 2 2 2 2 2 2 2 2 2 2 2 2 2 2 2
left_child=2 8 5 4 6 11 30 35 28 10 46 18 15 -14 37 16 -6 44 21 -15 33 -1 24 -16 36 -17 -26 45 -2 -9 32 -32 -3 -12 47 -8 -11 -5 -20 -39 -22 -29 -36 -41 -13 -19 -10 -30
right_child=1 3 -4 14 12 -7 7 29 9 22 20 17 13 19 23 25 -18 27 38 -21 40 -23 -24 -25 26 -27 -28 41 34 -31 31 -33 -34 -35 42 -37 -38 39 -40 43 -42 -43 -44 -45 -46 -47 -48 -49
leaf_value=-0.12256090694084809 0.006367122420870187 0.018734506185035471 0.079152519759621537 0.018693349469764857 0.012455297403552329 0.046471377510820672 -0.07261822010618689 0.033044958036581897 -0.036636121664829317 -0.003518298609857186 -0.022188745070025308 -0.028690072829897488 0.016842728814300982 -0.0053291811132303865 0.041011259575968205 -0.080782954233866153 -0.02574616493511207 0.029269266814408529 0.0051444170244324917 -0.049158006180741017 -0.002431075060069625 0.0051177704670746981 0.071271550695229904 0.018987839384458752 -0.011755944479605648 -0.026570359121286774 -0.001034201990441239 0.013267672078484009 -0.013088210171619289 0.06741753924701395 -0.01372657826243451 0.014103584136058018 -0.00039793590086638049 -0.055376478115254486 -0.057810369335520757 0.0099882577176165412 -0.034605663909273492 0.043031887926433338 0.044455638159946062 0.018050176594252981 -0.021053959900542627 0.041097641673299941 0.014242310967555395 -0.026971862442172909 0.00642918406752363 -0.0033837485703177642 -0.072111246602206025 0.0096416527296950983
leaf_weight=229.50493109971285 26226.629863861948 16004.957484733313 2605.0934511683881 3554.9568346738815 3888.1529306918383 4949.5321432761848 617.21306985616684 4993.9513649344444 5310.9932880178094 2560.0652744993567 11787.344059541821 4182.1817915067077 7588.760810893029 8261.4667145051062 9274.5711017809808 1571.7791252657771 10741.574371051043 1397.9178329370916 1209.1762086898088 2195.1398117020726 15722.953171804547 1027.5128609165549 479.96321105211973 11827.501140870154 35224.527411475778 1540.9384155347943 44690.508141383529 9542.7951826788485 19363.910602256656 2624.3986625745893 9798.4516842290759 6231.197212010622 10941.50189326331 1877.8669913560152 304.02498015388846 413.87399653345346 5100.7881238311529 488.41155762970448 6006.2981303930283 881.57096884399652 6059.3618216514587 2421.82188231498 5029.5791321769357 2981.263416916132 1500.145757637918 11943.396279767156 1312.9362492263317 2831.4599544741213
leaf_count=2498 193673 154970 40056 28667 27293 51688 5139 54705 26469 15448 65311 30499 89413 65032 90118 12453 77875 13002 9825 17394 116978 10543 3765 124928 207198 14578 350652 110065 107219 34830 62124 54325 88386 10864 2514 4046 26640 3366 66903 7607 43860 35679 41632 22369 11174 100522 6489 17206
internal_value=0.000355467 -0.00226243 0.0170769 0.00650991 0.00148696 0.0134356 0.0106564 0.034831 -0.00781645 -0.0110063 -0.0195046 0.00929193 -0.0117404 -0.00133664 0.021646 -0.0223218 -0.0155933 0.0037531 0.0295503 -0.0145301 -0.0149893 -0.0181937 -0.00694596 0.0286674 -0.00737463 -0.0539452 -0.00576008 0.00895618 -9.47581e-05 0.0448858 0.00579098 -0.00290817 0.0109659 -0.0267494 -0.00625094 -0.0394603 -0.024217 0.00290577 0.0378678 -0.00999264 -0.00761155 0.0189009 0.0101352 -0.016697 -0.0194185 3.76709e-05 -0.0436677 -0.0101886
internal_weight=347320 300305 47015.4 116422 87413.4 44410.3 51625.5 8649.44 183883 130127 42071.5 39460.8 35787.8 18045.4 29008.3 17742.4 14629.7 30988.3 8472.49 10456.6 35447.5 1257.02 88055.9 21102.1 87575.9 3112.72 79915 25305.9 53755.6 7618.35 42976.1 16029.6 26946.5 13665.2 27529 1031.09 7660.85 7906.2 7215.47 4351.25 21782.3 11964.6 5333.6 3862.83 5682.33 13341.3 6623.93 22195.4
internal_count=2757990 2275536 482454 1039618 762563 442398 458525 98720 1235918 873674 269971 390710 304038 171839 277055 132199 105168 300941 89769 82426 237013 13041 603703 215046 599938 27031 557850 259268 362244 89535 359805 116449 243356 76175 168571 9185 42088 62009 76728 33342 160838 145744 44146 29976 41673 113524 32958 124425
is_linear=0
shrinkage=0.12179


Tree=16
num_leaves=49
num_cat=0
split_feature=11 11 11 1 2 1 1 1 2 2 2 2 1 7 7 2 9 1 2 2 5 1 1 1 6 1 6 9 5 7 11 1 9 2 4 2 7 2 9 2 9 11 11 11 1 4 1 1
split_gain=2570.25 962.031 393.153 350.251 293.348 290.964 285.567 262.059 240.13 232.959 220.703 185.427 173.44 203.395 156.332 154.678 150.49 150.19 158.908 147.105 137.26 126.533 184.103 130.636 119.117 112.461 112.393 138.248 102.284 99.202 98.3978 96.3435 171.057 92.4467 87.5518 85.2386 84.7194 84.1339 77.172 76.6618 72.4664 68.9465 68.7846 66.088 63.1323 59.7778 58.7253 78.2938
threshold=0.90242849319684926 0.82351295763060472 0.95273585551957385 5.5000000000000009 635.50000000000011 5.5000000000000009 2.5000000000000004 3.5000000000000004 915.50000000000011 1245.5000000000002 1200.5000000000002 906.50000000000011 1.5000000000000002 167.50000000000003 48.500000000000007 1579.5000000000002 0.86007267607723836 6.5000000000000009 1324.5000000000002 1579.5000000000002 134.50000000000003 3.5000000000000004 5.5000000000000009 6.5000000000000009 205.50000000000003 6.5000000000000009 152.50000000000003 0.76645112812423111 96.500000000000014 321.50000000000006 0.70740724014386736 4.5000000000000009 0.89874539480046922 532.00000000000011 1573.5000000000002 2000.5000000000002 54.500000000000007 1500.5000000000002 0.87472877828671858 640.50000000000011 0.77738113003905684 0.97132064083509528 0.74471505046562214 0.64236173662403184 6.5000000000000009 960.00000000000011 1.5000000000000002 2.5000000000000004
decision_type=2 2 2 2 2 2 2 2 2 2 2 2 2 2 2 2 2 2 2 2 2 2 2 2 2 2 2 2 2 2 2 2 2 2 2 2 2 2 2 2 2 2 2 2 2 2 2 2
left_child=1 5 10 4 -3 7 12 14 34 24 33 25 13 -6 46 16 -8 18 45 29 -17 -12 31 -24 39 -7 27 43 37 -19 -16 -23 -33 -2 44 -30 38 -11 -35 -9 -27 -4 -29 -13 -5 -10 -1 -48
right_child=2 3 41 8 6 11 15 9 17 28 21 26 -14 -15 30 20 -18 19 -20 -21 -22 22 23 -25 -26 40 -28 42 35 -31 -32 32 -34 36 -36 -37 -38 -39 -40 -41 -42 -43 -44 -45 -46 -47 47 -49
leaf_value=-0.0092840120266248112 -0.027750415039831416 0.035500501896231308 0.049669080312974088 0.027945709299002478 0.0037303161000084828 0.0024771694171128031 0.0064612164233112685 0.017504504488419146 0.007101972927796356 -0.014355279619131607 0.025432874995713829 -0.036437264370200916 0.014652968066967852 -0.031095901714246022 -0.02533286254707829 -0.017891397542398494 -0.0094413002765310304 0.014667570846049197 0.027985991251049419 -0.010707149256640069 0.0032687572263274509 0.0098779272817456805 0.042869367395352923 0.0088629004027487614 0.0097198648878210215 0.068525949816542461 -0.0152406688832311 -0.016154905230453261 -0.025930306280577454 -0.10391802807244062 -0.010331514834863257 -0.0014589600203326379 -0.056174801596258685 0.029769460178662499 -0.0075907872129867644 -0.003839779984430395 0.027070018334875885 -0.044579635220909658 0.056006540537141582 -0.017200834152927988 0.023907402462825203 0.082458884563640866 0.00019050788449269837 0.026706349496263961 0.052771690341343047 -0.027341834778723283 0.012470267561135414 -0.0048830409473302533
leaf_weight=7690.9608116224408 348.28170478716493 3325.4910166710615 4450.4808701761067 3435.8013377897441 17258.815057270229 3697.5863964855671 18511.281004577875 1016.3928360939026 3546.8249695934355 1708.5816719159484 11723.439266942441 266.01185634732246 20325.430734608322 2906.2880876809359 7791.1559309586883 21230.240572102368 16871.496879417449 7465.0529681444168 8813.0720216706395 7960.793366394937 5786.3367475196719 4172.6181291751564 2943.8344325944781 3889.1997929252684 3725.9863142073154 696.3054840490222 11132.970650479198 5305.3151353597641 17385.86583263427 106.12262086570263 38701.751159615815 3178.2339241281152 1155.6496624164283 2766.272222045809 665.00826682895422 3044.5750690996647 7855.2891472950578 6814.8650921732187 4168.6763301566243 13268.857052080333 2403.9310206621885 1209.7050220742822 13628.38753362 3245.1524333208799 2723.9026603586972 946.90430581569672 7668.7916628569365 7757.3879937455058
leaf_count=44737 4432 37375 75155 37011 145079 28061 165422 8497 34761 10442 131388 1220 170573 24224 38223 147428 156994 69433 74532 60948 39567 43439 34953 42982 24331 5319 64382 27850 90335 942 235645 31757 11634 38198 6289 15875 110079 34646 65505 88087 19847 22947 89981 18838 30741 8473 44693 44720
internal_value=0.000334179 -0.00386253 0.0265368 0.00340549 -0.000100893 -0.0104326 -0.00125156 -0.0135187 0.0138484 -0.0205487 0.0224943 -0.00152232 0.00671355 -0.001289 -0.00877561 -0.00642007 -0.00112155 0.00898688 0.0184824 0.00085171 -0.0133594 0.0159071 0.00862682 0.0235137 -0.00967329 0.016821 -0.00523592 -0.000273431 -0.0273139 0.0130054 -0.0128454 -0.00333139 -0.0160492 0.0342703 0.0343916 -0.0226383 0.0357308 -0.038521 0.0455409 -0.0147316 0.0339286 0.056677 -0.00438956 0.0219225 0.0389241 -0.000155916 -0.000590503 0.00374378
internal_weight=346691 298830 47861.7 141879 106215 156951 102890 116575 35663.5 46965.1 42201.5 40375.7 40490.5 20165.1 69610 62399.4 35382.8 28838.8 13306.8 15532 27016.6 27063 15339.5 6833.03 18011.2 6797.82 33577.8 22444.9 28953.9 7571.18 46492.9 8506.5 4333.88 15138.5 6824.71 20430.4 14790.2 8523.45 6934.95 14285.2 3100.24 5660.19 18933.7 3511.16 6159.7 4493.73 23117.1 15426.2
internal_count=2757990 2145521 612469 1209792 886662 935729 849287 680231 323130 272213 514367 255498 339876 169303 408018 509411 322416 249089 117766 131323 186995 296153 164765 77935 120915 53227 202271 137889 151298 70375 273868 86830 43391 218214 74041 106210 213782 45088 103703 96584 25166 98102 117831 20058 67752 43234 134150 89413
is_linear=0
shrinkage=0.12179


Tree=17
num_leaves=49
num_cat=0
split_feature=11 11 11 2 11 2 8 7 2 4 9 2 2 3 8 8 4 8 9 6 4 2 9 2 10 2 11 2 4 8 2 8 6 2 11 4 9 10 2 11 2 8 11 7 8 2 4 2
split_gain=2044.1 668.292 383.15 256.54 232.11 197.778 200.995 172.422 156.406 163.739 152.2 148.386 170.466 131.798 128.125 123.405 119.721 119.159 110.682 147.061 100.772 89.4876 123.422 103.751 94.3108 87.8036 85.7387 84.6486 78.4303 75.5505 95.8093 93.3728 72.8942 72.1492 70.3284 70.2501 64.7413 64.3513 62.2597 59.7679 59.7019 54.8039 53.5822 51.5809 48.2044 39.9352 74.1381 58.8831
threshold=0.89716955941255017 0.82351295763060472 0.94723369858092343 635.50000000000011 0.70370662825095531 1200.5000000000002 0.90286652329037753 48.500000000000007 1635.5000000000002 1722.0000000000002 0.85140159278169125 1330.5000000000002 1945.5000000000002 1.5000000000000002 0.80235441454681389 0.80235441454681389 342.50000000000006 0.90286652329037753 0.85140159278169125 81.500000000000014 1209.0000000000002 1635.5000000000002 0.73796475997026378 1005.5000000000001 0.78602299101415862 930.50000000000011 0.97132064083509528 730.50000000000011 446.50000000000006 0.90286652329037753 2044.5000000000002 0.88085919287258096 74.500000000000014 1610.5000000000002 0.84043467322095577 434.00000000000006 0.79225961247450971 0.82136592029111932 740.50000000000011 0.91346748122088062 1400.5000000000002 0.84698799222000154 0.60832460550202494 30.500000000000004 0.87366003285681904 532.00000000000011 258.50000000000006 704.50000000000011
decision_type=2 2 2 2 2 2 2 2 2 2 2 2 2 2 2 2 2 2 2 2 2 2 2 2 2 2 2 2 2 2 2 2 2 2 2 2 2 2 2 2 2 2 2 2 2 2 2 2
left_child=1 4 5 13 27 6 44 21 10 29 32 18 15 16 37 -13 -3 39 19 -9 -16 22 23 -6 -23 -8 33 -1 -26 31 -31 -10 40 -4 -34 -20 -14 -12 -24 -7 -5 -18 -29 -15 -2 46 -46 -47
right_child=2 3 26 8 7 17 25 11 9 -11 14 12 36 43 20 -17 41 -19 35 -21 -22 24 38 -25 28 -27 -28 42 -30 30 -32 -33 34 -35 -36 -37 -38 -39 -40 -41 -42 -43 -44 -45 45 47 -48 -49
leaf_value=0.011157173015683931 0.026795479463578995 -0.10794911194475247 0.050724212407385803 0.022043725241826823 0.055214980823671121 0.0099377563560178669 0.072953147480867467 0.0098846560939327578 -0.0060761110746161721 0.03379746246777951 0.00083080465609388786 -0.030565276871884116 -0.012242439217392645 0.07213413894591672 0.0061427939838566 -0.014118725155238189 0.040594478539608993 -0.00074743278612379618 0.0021254021542809779 -0.0077423381483081779 -0.010563076370322255 0.020387345148675604 0.024517892649172771 0.011719543509438145 -0.019140849561521182 0.034176070359017208 0.078308934486146675 -0.039112899134473883 -0.0034019876644325051 -0.0333579130617392 0.023236573780619815 0.010608200939954609 -0.0026846742199773538 0.02328603448551567 0.010757619941950642 -0.02001637811047571 0.019191016211807924 -0.023331442721380415 -0.0019707392951991338 0.022466171287141103 0.0039531328376460244 -0.032480178986511017 -0.019875157723786334 0.035195530479709351 -0.27052078996215717 0.044585774692211665 -0.0180119369972521 0.0064693633066316815
leaf_weight=1207.8254232630134 8667.9653286971152 155.64933805912733 4413.4207074306905 10330.445880871266 1086.4195867851377 10672.772370934486 1835.0255513489246 11248.014306567609 37767.437094464898 1654.781686887145 2491.256172567606 8504.9608458802104 1501.285818234086 713.43737282603979 26970.592917874455 33118.779137976468 379.2671536616981 7966.8834408596158 2756.6866571977735 18678.5329028368 6682.8473825454712 1754.341451741755 1417.9568921849132 3237.4360076412559 7316.2818518728018 1640.3931340873241 1124.2154531404376 2406.125700250268 13114.596821561456 2562.6301703676581 536.59644521027803 5730.2450265884399 8506.3607842773199 2096.8381104245782 17966.318201590329 9281.3668837100267 2756.1523721069098 4756.5520523414016 18333.206572785974 11996.647542577237 3666.1110963895917 254.30021422356367 19979.296597458422 2619.5541064441204 18.864792130887508 740.90629297122359 201.09004665538669 3187.1217656955123
leaf_count=7811 118693 1526 79532 99435 8138 102992 32811 79930 264310 12623 19497 43804 7627 8887 258989 182768 3974 87431 20496 125372 56909 9840 12914 19564 38255 24953 22947 10641 70963 20147 4154 42329 66813 31346 165717 65591 15493 41669 119649 135468 28568 2632 96873 30598 207 11094 2379 43631
internal_value=0.000312366 -0.00373794 0.0219471 0.00259482 -0.00910875 0.0178306 0.028673 -0.00714894 0.00164361 -0.00385022 0.00490138 -0.010318 -0.015105 0.0325054 -0.000337987 -0.0174792 -0.0122473 0.012065 -0.00508412 -0.00111716 0.00282537 -0.00113112 0.00401093 0.0226483 -0.00671119 0.0546504 0.0472502 -0.0202484 -0.00903806 -0.00518719 -0.0235592 -0.00387817 0.0101967 0.0418869 0.00643826 -0.014946 0.00810674 -0.0150263 -6.90924e-05 0.0165678 0.0173053 0.0112639 -0.021943 0.0431024 0.0216285 0.0108311 -0.0396688 0.0136589
internal_weight=346006 291444 54562.1 133744 157699 46927.7 16291.4 134106 129622 48251.7 81370.5 87845.8 45881.2 4122.21 40901.2 41623.7 789.217 30636.3 41964.6 29926.5 33653.4 46260.2 24075 4323.86 22185.2 3475.42 7634.47 23593.2 20430.9 46596.9 3099.23 43497.7 40469.2 6510.26 26472.7 12038.1 4257.44 7247.81 19751.2 22669.4 13996.6 633.567 22385.4 3332.99 12815.9 4147.98 219.955 3928.03
internal_count=2757990 2064506 693484 1128777 935729 559659 233768 820404 1081160 343563 737597 541081 249692 47617 377064 226572 8132 325891 291389 205302 315898 279323 160265 27702 119058 57764 133825 115325 109218 330940 24301 306639 360533 110878 232530 86087 23120 61166 132563 238460 128003 6606 107514 39485 176004 57311 2586 54725
is_linear=0
shrinkage=0.12179


Tree=18
num_leaves=49
num_cat=0
split_feature=11 11 0 0 1 11 2 1 11 8 2 2 0 0 9 2 1 0 1 0 10 7 2 8 1 1 0 1 8 10 0 0 0 1 7 0 1 7 13 0 0 1 8 8 7 1 1 8
split_gain=1632.33 637.864 455.341 334.233 227.679 191.664 182.942 203.389 172.656 157.724 143.13 142.027 147.626 201.091 149.147 134.956 134.952 186.719 173.235 212.476 134.885 130.663 123.011 267.488 341.266 131.503 118.165 110.723 108.778 106.373 102.443 96.3553 84.2362 83.7994 82.5525 79.0569 139.265 94.0998 78.5426 77.7461 191.572 76.944 75.063 72.625 65.9802 64.7349 62.3942 62.0697
threshold=0.90846370003774701 0.83357650684220064 3.5000000000000004 6.5000000000000009 5.5000000000000009 0.70740724014386736 1045.5000000000002 6.5000000000000009 0.95924192909487038 0.90286652329037753 850.50000000000011 1530.5000000000002 6.5000000000000009 8.5000000000000018 0.73796475997026378 1945.5000000000002 2.5000000000000004 7.5000000000000009 5.5000000000000009 6.5000000000000009 0.77089915842315093 182.50000000000003 1200.5000000000002 0.90286652329037753 3.5000000000000004 5.5000000000000009 5.5000000000000009 5.5000000000000009 0.84698799222000154 0.78602299101415862 1.5000000000000002 4.5000000000000009 4.5000000000000009 6.5000000000000009 56.500000000000007 1.5000000000000002 6.5000000000000009 120.50000000000001 0.80270720900287384 8.5000000000000018 6.5000000000000009 1.5000000000000002 0.80235441454681389 0.90286652329037753 168.50000000000003 2.5000000000000004 4.5000000000000009 0.90286652329037753
decision_type=2 2 2 2 2 2 2 2 2 2 2 2 2 2 2 2 2 2 2 2 2 2 2 2 2 2 2 2 2 2 2 2 2 2 2 2 2 2 2 2 2 2 2 2 2 2 2 2
left_child=1 4 27 8 5 46 7 31 22 -5 33 12 14 -14 -7 20 17 41 19 -18 -13 -19 32 -24 30 -26 -20 34 39 -17 -25 45 47 -6 -3 36 -29 -38 -30 40 -12 -8 -41 -33 -37 -4 -1 -2
right_child=3 2 6 9 10 11 16 -9 -10 -11 28 15 13 -15 -16 29 18 21 26 -21 -22 -23 23 24 25 -27 -28 35 38 -31 -32 43 -34 -35 -36 44 37 -39 -40 42 -42 -43 -44 -45 -46 -47 -48 -49
leaf_value=-0.01779610926487124 0.011598448552065233 -0.0022032264176168113 0.021849387251877735 0.032783182524159307 0.0043028099585473824 0.016897424893988773 0.014490693063318424 0.052896342057327454 0.04927398451897929 0.065014140560148564 -0.0021611517807968834 -0.050397750714393452 0.013459750695909394 -0.013134004507671607 -0.010183716534493929 0.021243379061933035 -0.014334504134327658 0.0036365276521676195 0.028452387981763957 0.0073108809832043535 -0.015253360009596798 -0.058195602980754893 0.017820491280197456 -0.038128778411507525 -0.067706710879933185 -0.013907944063534475 0.0052618613426520652 0.01439900316565898 -0.01482668041208168 -0.0075104533892434225 0.034401468837941686 0.016970211865909 0.04541134541035631 0.032188659076406986 -0.013365812861670726 0.0086660447122417963 -0.012359904435246549 -0.063615625756742886 0.016162539702630197 0.037400513917262367 -0.025473299928119014 0.034909764421611693 -0.0025485023026478588 0.050022729979764161 0.045374646842423608 -0.014398306197280719 -0.035185532196653033 0.039845794612066943
leaf_weight=15314.241834081709 4857.550064984709 18226.792223528028 1053.6039885990322 7833.1317860782146 3563.8602192103863 3261.3634579330683 5478.2692689113319 2384.1803997308016 2231.3958872668445 3160.7316819280386 20774.680190339684 1701.2527613192797 12802.319647558033 6289.4515461102128 40175.617561921477 2286.9708531275392 13317.655963495374 5202.7024019658566 4917.1428852044046 13591.855745814741 33851.695911072195 561.64916414767504 11162.830731377006 350.44173767417669 1564.538704585284 1183.8842292502522 9664.8068151734769 2444.2094048038125 1506.4834072887897 11527.149473205209 1643.3498189151287 13878.668522264808 2320.4153456613421 2898.3979678526521 21323.762559093535 7009.6309431493282 2093.2198447138071 711.99365506321192 6229.7185304388404 1131.1776659935713 6987.2090035527945 5470.975009046495 1820.3020551875234 1061.4621042311192 810.21905358880758 2385.2663436569273 3824.9211371988058 1513.3033029921353
leaf_count=73712 61032 129676 12010 122706 28255 20364 50483 32684 41622 54806 120903 8263 98443 48178 254871 12458 115020 48278 48822 118814 176364 4867 122853 3431 15058 14098 93717 19162 9364 63302 20275 176118 44486 25123 145757 55167 15288 4992 43696 6737 43886 50698 11878 17136 6037 26265 18238 22597
internal_value=0.00028903 -0.00264729 0.00376643 0.0241649 -0.00744402 -0.0100089 0.00961458 0.0194292 0.0168358 0.0420496 3.93027e-05 -0.00808252 -0.00422715 0.0046989 -0.00815039 -0.0129658 0.00611346 0.0153533 0.00239147 -0.00340153 -0.0169351 -0.00238808 0.013893 0.00752615 -0.016706 -0.0445329 0.0130819 -0.00501008 -0.00277935 -0.00275017 0.0216531 0.0150878 0.0255443 0.0168099 -0.00822156 0.00470856 -0.00685251 -0.0253692 0.010128 -0.0060305 -0.00802843 0.0246934 0.0127623 0.0193185 0.0124694 -0.00329271 -0.0212713 0.0183082
internal_weight=345356 307535 131588 37821.6 175947 131035 78968.2 20763.2 26827.7 10993.9 44911.8 111896 62528.8 19091.8 43437 49367.1 58205.1 16713.6 41491.5 26909.5 35552.9 5764.35 24596.3 15905 4742.21 2748.42 14581.9 52619.8 38449.6 13814.1 1993.79 18379 8691.27 6462.26 39550.6 13069.3 5249.42 2805.21 7736.2 30713.4 27761.9 10949.2 2951.48 14940.1 7819.85 3438.87 19139.2 6370.85
internal_count=2757990 2235026 1170991 522964 1064035 774193 794912 264213 345452 177512 289842 682243 421856 146621 275235 260387 530699 154326 376373 233834 184627 53145 303830 175715 52862 29156 142539 376079 236464 75760 23706 231529 128115 53378 275433 100646 39442 20280 53060 183404 164789 101181 18615 193254 61204 38275 91950 83629
is_linear=0
shrinkage=0.12179


Tree=19
num_leaves=49
num_cat=0
split_feature=0 6 2 10 8 1 0 0 8 1 1 9 1 6 1 1 0 1 1 1 9 1 4 0 2 6 8 0 8 8 1 2 5 1 9 1 9 0 8 0 10 1 8 9 9 9 9 1
split_gain=636.036 514.886 328.643 341.699 292.828 225.841 204.035 252.025 215.144 210.896 512.876 202.22 217.886 182.202 150.199 144.97 139.878 193.085 139.619 141.303 136.057 134.12 133.35 132.82 132.114 124.883 121.311 118.505 376.887 214.669 411.002 206.509 192.097 158.998 134.974 199.249 112.612 105.233 104.75 110.496 102.315 100.087 110.775 159.187 100.233 99.4002 203.058 97.7893
threshold=3.5000000000000004 96.500000000000014 1330.5000000000002 0.87432366318277344 0.82029770595515661 6.5000000000000009 5.5000000000000009 4.5000000000000009 0.82029770595515661 3.5000000000000004 4.5000000000000009 0.85881408523073288 5.5000000000000009 51.500000000000007 3.5000000000000004 5.5000000000000009 4.5000000000000009 3.5000000000000004 5.5000000000000009 6.5000000000000009 0.73796475997026378 4.5000000000000009 986.50000000000011 8.5000000000000018 1535.5000000000002 250.50000000000003 0.87366003285681904 1.5000000000000002 0.87366003285681904 0.88637416310275396 3.5000000000000004 1420.5000000000002 185.50000000000003 1.5000000000000002 0.86687508111313971 2.5000000000000004 0.87564029177044966 5.5000000000000009 0.87366003285681904 6.5000000000000009 0.77719158662646826 4.5000000000000009 0.84698799222000154 0.79225961247450971 0.85095811584574998 0.79225961247450971 0.79615732005208406 1.5000000000000002
decision_type=2 2 2 2 2 2 2 2 2 2 2 2 2 2 2 2 2 2 2 2 2 2 2 2 2 2 2 2 2 2 2 2 2 2 2 2 2 2 2 2 2 2 2 2 2 2 2 2
left_child=4 2 3 5 -1 16 7 9 23 45 -11 12 13 -4 38 27 17 -2 21 -20 -10 -16 -17 -8 -15 36 -18 28 32 -29 33 -32 -6 -31 -30 -36 -22 -14 -13 -40 -12 44 43 -43 -9 47 -47 -3
right_child=1 6 11 -5 15 -7 8 41 20 10 40 14 37 24 18 22 26 -19 19 -21 25 -23 -24 -25 -26 -27 -28 29 34 30 31 -33 -34 -35 35 -37 -38 -39 39 -41 -42 42 -44 -45 -46 46 -48 -49
leaf_value=-0.014011290996480149 0.014597923319235788 -0.0035580861356291254 0.0044073553429254952 0.039564156865235948 0.020078531512480333 0.035867002725600332 -0.019958843078583609 0.013785945740458945 0.036514596070779413 -0.056942305768343311 -0.057644405777220506 0.01271017453386682 0.033411747268630283 0.0036379750441698426 0.0080733794327863644 0.012657874306011542 0.015743291723920756 -0.025140091259436035 0.031538827059249548 0.00090494743922824364 -0.0066990257890081869 -0.018641760170881476 -0.0093951113804384406 0.00083567756164880781 -0.023329322528620279 0.01857679147164662 -0.0078786231031257054 -0.01175126789690915 -0.0019240245118615164 0.0035251734788341229 0.014480928740389675 -0.061080727554690094 -0.016691197680626213 0.061878225227931377 -0.00049891968440163976 -0.060476602295417285 0.020438810500416675 0.0047794567214988481 0.016306055097026418 0.05286163569232484 0.0070841138001931942 0.037354773899412823 0.052410505818073924 -0.0085191862632491618 -0.023138942696523952 -0.050206950481663341 0.017819969649396875 0.045576679236706781
leaf_weight=47532.413240887225 3518.4404990039766 885.45875874534249 9808.6397989988327 8339.1746831648052 11799.505529720336 5431.0351601541042 19416.949332207441 7199.5207503736019 1418.0426693186164 3117.6772212833166 385.22276481986046 9939.531428579241 2780.5661935023963 3528.099101446569 5546.122612375766 15231.869399704039 26941.330293536186 3743.1762329339981 4148.6982329450548 4837.7779579348862 28597.451950199902 5603.7470871806145 5548.5795507095754 5952.8219203576446 11405.856961652637 3899.1809484213591 3663.1635326854885 38044.539316639304 2703.6665380038321 1033.8999670669436 990.80154522135854 1169.9946974217892 2565.7206565961242 2098.1515270099044 1309.731808822602 2204.1703323423862 2463.4401129595935 6039.46415117383 2469.8426162265241 2436.3076692931354 6065.6014499627054 2641.2761162370443 1966.8555226102471 1950.6425128094852 1285.0452829226851 915.7348183169961 2250.0203227326274 1868.908834207803
leaf_count=272969 33237 5169 68731 148538 81898 63460 125991 50810 8469 21117 2126 89140 21314 27219 51185 125698 285569 34462 44670 49718 230792 50379 36068 38335 71561 25944 50244 252325 19054 10027 9625 7877 14573 20270 12201 19056 28160 44351 30475 31561 42958 17124 19437 15502 13251 5696 18799 10855
internal_value=0.00027068 0.00439797 0.00965163 0.0169894 -0.0063607 0.0126414 -0.00244415 0.00569995 -0.0064711 -0.00520492 -0.0163834 0.00412392 -0.00262961 -0.00848842 0.0106034 -0.00206733 0.00931024 -0.005886 0.00375119 0.0150474 -0.000467637 -0.00535322 0.00676952 -0.0150796 -0.0169584 -0.0019677 0.0129159 -0.00494019 0.00266901 -0.00855412 0.0144267 -0.026433 0.0135112 0.0426157 -0.0223811 -0.0381212 -0.00454672 0.013806 0.0198976 0.0344589 0.00321873 0.0169276 0.0282264 0.0178676 0.00819342 0.0128624 -0.00185768 0.0297811
internal_weight=344694 212461 120181 51636.3 132233 43297.1 92279.9 30532 61747.9 15488.6 9568.5 68544.7 33562.6 24742.6 34982 84700.6 37866.1 7261.62 20136.3 8986.48 36378.1 11149.9 20780.4 25369.8 14934 34960.1 30604.5 63920.2 20582.8 43337.4 5292.85 2160.8 14365.2 3132.05 6217.57 3513.9 31060.9 8820.03 14845.7 4906.15 6450.82 15043.3 6558.77 4591.92 8484.57 5920.12 3165.76 2754.37
internal_count=2757990 1876349 1195814 615510 881641 466972 680535 222844 457691 106720 66201 580304 233176 167511 347128 608672 403512 67699 195952 94388 293365 101564 161766 164326 98780 284896 335813 446906 146782 300124 47799 17502 96471 30297 50311 31257 258952 65665 151176 62036 45084 116124 52063 32626 64061 40519 24495 16024
is_linear=0
shrinkage=0.12179


Tree=20
num_leaves=49
num_cat=0
split_feature=2 8 6 7 8 2 1 4 2 8 9 1 1 1 7 1 3 10 9 4 7 2 6 8 2 8 6 2 2 5 2 4 9 4 2 8 8 4 2 10 2 8 1 2 2 8 8 10
split_gain=489.229 433.685 412.544 246.215 239.804 210.831 203.294 198.095 178.7 172.519 366.463 164.07 292.403 462.503 159.684 150.054 144.447 141.633 140.644 136.288 131.825 122.062 146.316 113.1 98.3773 89.9334 89.4959 88.7326 135.777 90.4564 123.546 83.3613 81.5583 78.6225 77.2143 76.5957 74.1926 73.6152 72.6297 71.9358 104.37 94.7189 87.7868 86.136 69.1048 116.793 99.2853 66.0498
threshold=825.50000000000011 0.90286652329037753 93.500000000000014 28.500000000000004 0.84698799222000154 1500.5000000000002 6.5000000000000009 557.50000000000011 635.50000000000011 0.80235441454681389 0.73796475997026378 2.5000000000000004 5.5000000000000009 6.5000000000000009 121.50000000000001 4.5000000000000009 1.5000000000000002 0.79528251122794547 0.83164639628178383 803.00000000000011 67.500000000000014 1215.5000000000002 219.50000000000003 0.88085919287258096 740.50000000000011 0.87366003285681904 210.50000000000003 2130.5000000000005 1655.5000000000002 67.500000000000014 2040.5000000000002 1260.0000000000002 0.9014891803159748 689.50000000000011 1725.5000000000002 0.8622651991476401 0.82029770595515661 246.50000000000003 1725.5000000000002 0.77089915842315093 1010.5000000000001 0.80235441454681389 1.5000000000000002 1945.5000000000002 1030.5000000000002 0.90286652329037753 0.88637416310275396 0.77089915842315093
decision_type=2 2 2 2 2 2 2 2 2 2 2 2 2 2 2 2 2 2 2 2 2 2 2 2 2 2 2 2 2 2 2 2 2 2 2 2 2 2 2 2 2 2 2 2 2 2 2 2
left_child=1 6 4 27 20 7 8 44 16 14 -11 25 15 -14 21 -13 19 47 24 -1 32 -5 -23 26 -19 -7 -12 28 37 30 -30 -9 -2 -18 -31 -20 -8 -4 -16 40 -22 43 -43 -41 45 -6 -46 -10
right_child=2 -3 3 9 5 11 36 31 17 10 23 12 13 -15 38 -17 33 18 35 -21 39 22 -24 -25 -26 -27 -28 -29 29 34 -32 -33 -34 -35 -36 -37 -38 -39 -40 41 -42 42 -44 -45 46 -47 -48 -49
leaf_value=-0.074756940271670153 0.0034463667646779145 0.065086028321465955 0.018046944351390776 0.0063325318676465689 0.00088590065404317694 0.0029156450607006061 0.01488375994437386 0.0079176731927385335 0.0091228158536708435 0.035260155602448058 -0.014498098986097859 -0.0037256005915918379 0.044120095450891759 -0.0092150015045539147 -0.048407629671592206 -0.02640099613162809 0.039418238431049371 0.032368985267368276 0.0070848464194776528 0.011882660017388092 0.055104542051549216 -0.031247042203156286 0.00096759333808081442 0.002281003901249733 0.0063267822852545834 0.02471450745635909 -0.0035771639693085088 0.02144006047291554 -0.0098579815114151863 -0.024751876124182486 -0.051031631303844416 -0.017488386169883307 0.035372400370373903 0.01150301359818821 0.00072520793551854713 -0.0098936695341282112 0.047111033360576281 0.0017815426811380126 -0.0095142725415184367 -0.012919372218114372 -0.031092797803521588 -0.014645844531548234 0.0022754823283508288 0.015200329944216322 0.033963518829767177 0.040635555499002482 0.012332370680041694 -0.021840280960168483
leaf_weight=390.13401733711362 32902.218796674162 2186.7628833651543 5225.23097993806 3215.5877108946443 4212.4765711463988 5293.6981100514531 1765.3118522427976 9371.4124497175217 1325.1115773841739 2840.2627445906401 41261.5251070261 12388.82756074518 4306.5861705653369 5480.7725982107222 3644.4518133997917 6653.437922347337 4437.321566209197 4179.3447122499347 9017.2355452366173 869.53492500633001 226.92248630523682 6612.1082927882671 3058.6127503588796 10376.777499657124 4434.5973164737225 5976.4930042922497 15241.655789062381 2872.156062014401 3554.9339482933283 2095.8239384517074 1553.2734778374434 2407.812388446182 1231.2736628763378 2258.096337094903 11161.1297243312 7001.2071423009038 2650.4350998178124 19640.964725639671 885.13850031048059 18967.424166288227 2546.7044136077166 5329.497501835227 30996.563049137592 1766.2494971379638 9870.6313755959272 1482.1847873404622 4620.7361187934875 4465.7504697144032
leaf_count=3859 257928 40407 45263 21641 49421 39858 18735 94243 9063 16318 274674 101101 42830 49678 20517 49753 55241 39232 98193 9207 1488 34249 15772 82556 34311 60231 90459 18018 22087 11606 9302 20714 15245 21289 65773 87148 32692 146167 4306 125695 13840 38190 226772 11150 109630 25724 63606 32478
internal_value=0.000341075 0.0121837 -0.00143888 -0.00648656 0.00261186 0.00789713 0.00948038 0.0152753 0.00663304 -0.0102948 -0.00758629 0.0020157 -0.0028551 0.0142532 -0.0211374 -0.0116485 0.0228852 0.00238342 0.00641253 -0.0149506 -0.00144153 -0.0142234 -0.0210583 -0.0094059 0.018962 0.0144754 -0.0115522 0.000710963 -0.000666214 -0.00860825 -0.0223778 0.00272438 0.00459801 0.0300036 -0.00330253 -0.000335982 0.0342273 0.00519946 -0.0408074 -0.00488694 -0.0240406 -0.0039559 -0.000207093 -0.0105239 0.0225992 0.0112318 0.0270662 -0.0147551
internal_weight=344252 44980.8 299272 133240 166032 72065.1 42794.1 31965.3 38378.3 87136.1 69720.2 40099.8 28829.6 9787.36 17415.9 19042.3 7955.09 30423.2 24632.4 1259.67 93966.9 12886.3 9670.72 66880 8613.94 11270.2 56503.2 46103.5 43231.4 18365.2 5108.21 11779.2 34133.5 6695.42 13257 16018.4 4415.75 24866.2 4529.59 59833.4 2773.63 57059.7 36326.1 20733.7 20186 5694.66 14491.4 5790.86
internal_count=2757660 481855 2275805 878708 1397097 706789 441448 363338 390021 560492 464007 343451 243362 92508 96485 150854 89596 300425 258884 13066 690308 71662 50021 447689 73543 100089 365133 318216 300198 108768 31389 114957 273173 76530 77379 185341 51427 191430 24823 417135 15328 401807 264962 136845 248381 75145 173236 41541
is_linear=0
shrinkage=0.12179


Tree=21
num_leaves=49
num_cat=0
split_feature=11 11 11 0 0 0 2 2 0 9 2 0 9 6 9 11 10 0 9 0 10 6 9 10 8 10 9 7 9 6 2 8 2 9 0 0 9 8 9 10 0 0 0 7 10 11 2 11
split_gain=1129.35 421.993 253.51 225.845 208.519 175.464 148.626 148.557 125.935 163.587 110.71 123.592 110.338 108.084 102.238 100.999 99.5882 96.5008 141.456 92.8187 92.2782 82.8908 80.2195 78.9172 76.8113 74.253 72.6044 71.9576 67.0865 77.8046 66.8141 86.4076 65.6725 62.4672 61.1414 152.838 86.9782 73.4799 65.7319 60.7592 73.6714 214.948 70.4802 60.1737 56.552 53.7177 51.8176 50.5479
threshold=0.86825334830552781 0.92282170517160178 0.74471505046562214 3.5000000000000004 3.5000000000000004 6.5000000000000009 825.50000000000011 1045.5000000000002 2.5000000000000004 0.79225961247450971 2140.5000000000005 7.5000000000000009 0.7850814339496871 258.50000000000006 0.85581953736068128 0.9769672855879753 0.87432366318277344 1.5000000000000002 0.88010683964291048 6.5000000000000009 0.76309959923814097 44.500000000000007 0.76645112812423111 0.88394400514895188 0.90286652329037753 0.77413245550436538 0.89970899415142114 80.500000000000014 0.86111906129716009 70.500000000000014 1640.5000000000002 0.90286652329037753 635.50000000000011 0.78902747439572751 4.5000000000000009 5.5000000000000009 0.86373612040930992 0.80235441454681389 0.82330547300850088 0.84412323095693154 6.5000000000000009 5.5000000000000009 7.5000000000000009 39.500000000000007 0.88394400514895188 0.95182493128170254 630.50000000000011 0.66519789554752429
decision_type=2 2 2 2 2 2 2 2 2 2 2 2 2 2 2 2 2 2 2 2 2 2 2 2 2 2 2 2 2 2 2 2 2 2 2 2 2 2 2 2 2 2 2 2 2 2 2 2
left_child=2 3 27 32 8 15 14 24 9 12 11 19 22 25 -6 17 21 18 -3 -8 -13 -10 -4 -20 -5 -11 -7 -1 29 -16 45 -32 -2 -23 37 36 -36 -29 -39 -9 41 -41 -42 -34 -18 -19 -37 -48
right_child=1 5 4 7 6 26 10 39 16 13 -12 20 -14 -15 28 -17 44 30 23 -21 -22 33 -24 -25 -26 -27 -28 34 -30 -31 31 -33 43 -35 35 46 -38 38 -40 40 42 -43 -44 -45 -46 -47 47 -49
leaf_value=-0.0071725174253074704 0.028960947846583162 0.029860832110563253 0.011109008467990398 0.020917396165830951 0.021506385293845524 0.033999459760444481 -0.00086973994425132081 0.016385967848323475 -0.0053192038094743198 0.014262057750476518 0.020520759117492911 -0.0428244317846736 0.023760326635289319 -0.068413425772006806 -0.0018469615150841739 0.078310934011339858 0.030893618295989241 0.023386210907568337 -0.0447110400639011 0.0096193771253546816 -0.0061539801664134601 -0.0031487824827971258 -0.018641600374254847 0.0070232717252521129 0.053095773026362904 -0.0080657325018465391 0.061760044241995139 -0.036657798737556785 0.0055270286924804886 -0.081261820795751574 0.022197024724730879 -0.015693846209084428 0.0049072529546818188 -0.024672867638198433 0.021224029326006651 0.044833167823955515 -0.055941840862427303 -0.0086583320246437553 -0.032044193157781779 0.009946443498472745 0.024970101668421577 -0.024263981373231394 0.0052566197682278127 -0.0059784734864491264 -0.0048551762419231691 0.046859402931221164 -0.034955992827007655 -0.014084841108836567
leaf_weight=28259.196405813098 1068.6926300562918 1243.44829210639 3149.2321411147714 10615.883146177977 8311.3459070399404 4135.3199924919754 49043.413803275675 10072.425674475729 6593.4958555996418 2368.0936846733093 3592.5045851767063 1051.2925258651376 4745.9814213290811 424.18383895605803 462.78305492177606 417.64514256082475 976.92450814694166 6224.8516305685043 1066.9253568165004 16800.059723176062 32005.454774312675 2341.1105218082666 2345.6462772116065 741.183114990592 1227.5498857684433 32935.006941176951 2110.6574423238635 3722.5435816049576 4889.1465340256691 302.66381794214249 2696.7825513146818 1334.4201599694788 12343.659957155585 13724.987944401801 2584.3831941261888 199.15109819918871 236.48681230098009 5644.2489449307323 2605.7984735220671 8121.5622775405645 4055.0723539702594 4099.156154025346 7991.4059437811375 19322.578514032066 2000.3205517083406 1883.6828659605235 2095.8910012766719 9627.8213017955422
leaf_count=143423 11090 14353 17882 156029 89737 74325 355683 104007 38134 13050 27045 6462 28429 2271 5048 9171 5392 94831 12436 123122 234280 12286 13320 9029 26195 201432 43164 16825 53340 2909 33207 16534 100579 76862 14641 1761 1381 27288 12531 88103 44983 43753 88166 150521 11862 37685 10007 53096
internal_value=0.000313003 0.011153 -0.00418166 0.00700559 -0.00205498 0.0261293 0.00112495 0.0124908 -0.00722682 -0.00341251 -0.000481107 -0.00124399 0.0101578 -0.00730229 0.0129114 0.0192262 -0.0140661 0.0176019 -0.00175891 0.00180657 -0.0073202 -0.0168175 -0.00159089 -0.023504 0.0242526 -0.00656801 0.0433804 -0.0114567 0.000278127 -0.0332482 0.0224686 0.00965428 -0.000733031 -0.0215364 -0.0159884 -0.0107381 0.0147549 -0.0224538 -0.0160448 0.00843424 0.00513377 -0.00152865 0.0118926 -0.00173516 0.00687509 0.0288392 -0.0167696 -0.0178161
internal_weight=343812 100773 243039 78918 188064 21854.9 116459 46183.1 71605 45968.1 102493 98900.2 10240.9 35727.3 13965.9 15608.9 25636.8 15191.3 3051.56 65843.5 33056.7 22659.6 5494.88 1808.11 11843.4 35303.1 6245.98 54975.5 5654.59 765.447 12139.7 4031.2 32734.9 16066.1 26716.3 14743.7 2820.87 11972.6 8250.05 34339.6 24267.2 12220.7 12046.5 31666.2 2977.25 8108.53 11922.9 11723.7
internal_count=2757660 1158161 1599499 813426 1318546 344735 897626 551236 420920 276384 746592 719547 59631 216753 151034 227246 144536 218075 35818 478805 240742 127282 31202 21465 182224 214482 117489 280953 61297 7957 182257 49741 262190 89148 137530 80886 16022 56644 39819 369012 265005 131856 133149 251100 17254 132516 64864 63103
is_linear=0
shrinkage=0.12179


Tree=22
num_leaves=49
num_cat=0
split_feature=11 11 12 1 1 6 1 9 11 8 1 1 8 9 12 12 5 9 6 4 12 1 12 8 1 9 5 1 1 1 7 7 6 8 7 9 7 6 1 1 6 6 1 1 8 1 9 1
split_gain=879.605 417.383 156.745 151.935 183.499 172.951 149.942 164.847 141.548 124.265 281.523 120.859 120.113 111.753 109.102 98.9647 136.518 121.76 98.7262 96.7473 134.292 197.218 197.034 140.551 102.135 100.709 93.8174 92.8135 90.1153 159.46 85.8869 85.5815 82.9416 79.1798 74.8201 72.7875 67.3785 74.0941 64.2619 181.308 63.1167 62.407 62.2987 105.434 62.1057 94.819 59.3402 100.352
threshold=0.85195588847274251 0.92189095683082878 0.83000232769989923 5.5000000000000009 3.5000000000000004 223.50000000000003 1.5000000000000002 0.79913480369519829 0.96046117769671713 0.90286652329037753 3.5000000000000004 6.5000000000000009 0.84698799222000154 0.78902747439572751 0.87723895378272065 0.83000232769989923 97.500000000000014 0.73796475997026378 167.50000000000003 1390.0000000000002 0.87723895378272065 6.5000000000000009 0.83000232769989923 0.80235441454681389 6.5000000000000009 0.77738113003905684 178.50000000000003 2.5000000000000004 5.5000000000000009 6.5000000000000009 206.50000000000003 106.50000000000001 152.50000000000003 0.88637416310275396 249.50000000000003 0.73796475997026378 113.50000000000001 198.50000000000003 6.5000000000000009 5.5000000000000009 93.500000000000014 100.50000000000001 3.5000000000000004 5.5000000000000009 0.90286652329037753 4.5000000000000009 0.79225961247450971 4.5000000000000009
decision_type=2 2 2 2 2 2 2 2 2 2 2 2 2 2 2 2 2 2 2 2 2 2 2 2 2 2 2 2 2 2 2 2 2 2 2 2 2 2 2 2 2 2 2 2 2 2 2 2
left_child=3 2 9 4 6 15 12 13 42 26 -11 -4 18 35 -13 16 41 -17 31 20 21 22 32 -23 34 -25 28 -15 33 -30 -19 -1 -5 -2 -22 -8 37 -26 39 -12 -9 -6 -3 44 -44 -46 47 -7
right_child=1 8 11 19 5 46 7 40 -10 10 38 14 -14 27 -16 17 -18 30 -20 -21 24 23 -24 25 36 -27 -28 -29 29 -31 -32 -33 -34 -35 -36 -37 -38 -39 -40 -41 -42 -43 43 -45 45 -47 -48 -49
leaf_value=-0.00014666421009097493 -0.0029971878652800118 0.027645965510359746 0.0072000914607253542 0.027894212126977899 -0.022689798546533392 -0.018215626164462442 0.0093514544316259732 -0.0021209065388010958 0.050371698227520946 0.014296697585618981 -0.040691099890848771 0.00993358825989063 0.0036697824240707676 0.024547171427450758 0.039729246961353049 0.022463936598650511 -0.013033201919848145 -0.014070233251536224 -0.025723176277769117 -0.010203056635159429 -0.00031075912475473001 -0.025992373061289986 -0.0084807309367958498 0.020841469697586046 0.051467051051707777 -0.0077183187612210151 0.02434579709006679 0.0049085911946563192 0.029520188815252375 -0.001488567880739226 0.005580250356525031 -0.018016961374298854 0.0029379198645595422 0.031836098442882828 0.043003423561511565 -0.0079381807990928921 0.011518590013755516 0.00746004824150943 -0.060564102673349364 0.028116287719846103 -0.013785264505104203 -0.042717970702226708 0.011284609292478567 0.027111723618235755 0.01332681129214373 -0.041274602328100478 0.019747483094037122 0.01340639896402878
leaf_weight=8158.0684314444661 32081.019443266094 8437.9896602462977 52054.964033216238 6544.1996611505747 5378.8844991624355 2953.3139386177063 6377.5725677758455 23239.84300718829 2530.7469420470297 3000.5558956488967 2643.2549336925149 3884.81528333202 7198.076109405607 7109.328240159899 3434.2904034070671 1700.315447025001 17148.660514511168 22336.080766245723 7605.8971201851964 9416.8813415318727 5537.8025089688599 5333.4572114124894 5619.422268897295 2279.5559775009751 2132.0476631745696 9314.8740054965019 2747.8006578981876 7169.0655093453825 4153.1942813545465 6033.0013261511922 3870.8955873437226 7752.2920826748013 2829.2948563992977 998.04895190149546 662.2755368500948 8327.6417270377278 2205.0779599584639 773.33486275374889 1038.1396326869726 723.50264478474855 9775.0953625850379 4041.594963349402 4303.1958491615951 4898.6237426288426 903.03442687168717 987.74606833606958 2609.7353525534272 3001.3613564521074
leaf_count=48600 248227 132151 575151 41064 29198 17786 34173 152314 56639 29261 19123 40959 48026 43194 45626 11289 87638 151870 44328 58361 44357 30233 38818 13701 19752 61887 22131 42942 39883 50257 29517 48163 15966 8822 5767 48123 19391 6214 9507 8069 61146 20337 60898 77298 13346 13330 15273 17554
internal_value=0.000286468 0.00795062 0.00495407 -0.0046729 -0.00658478 -0.0116543 -0.00313771 0.00030961 0.023271 0.000167552 -0.0144746 0.00926048 -0.0100963 0.00701214 0.0239144 -0.0141836 -0.0195037 -0.00911867 -0.01431 0.000983178 0.00341982 -0.000620735 0.00955123 -0.00962997 0.0148232 -0.00210324 0.00252409 0.0146868 0.00113818 0.0111546 -0.0111678 -0.00885393 0.0203614 -0.00194621 0.00431594 -0.000439759 0.0275706 0.0397536 -0.0340732 -0.0259047 -0.0055745 -0.0312823 0.0197594 0.0137601 0.00320079 -0.015197 0.00443424 -0.00227704
internal_weight=343256 134854 112793 208402 155754 63040.8 92712.9 61998.5 22061.3 53418.5 7405.45 59374.1 30714.3 28983.6 7319.11 54476.4 26569.1 27907.3 23516.3 52648.2 43231.3 31920.8 14992.9 16927.9 11310.5 11594.4 46013.1 14278.4 43265.3 10186.2 26207 15910.4 9373.49 33079.1 6200.08 14705.2 5110.46 2905.38 4404.9 3366.76 33014.9 9420.48 19530.6 11092.6 6193.98 1890.78 8564.41 5954.68
internal_count=2757660 1450678 1097016 1306982 951471 380462 571009 381892 353662 435280 65960 661736 189117 168432 86585 329849 137173 192676 141091 355511 297150 201669 95848 105821 95481 75588 369320 86136 347189 90140 181387 96763 57030 257049 50124 82296 45357 25966 36699 27192 213460 49535 297023 164872 87574 26676 50613 35340
is_linear=0
shrinkage=0.12179


Tree=23
num_leaves=49
num_cat=0
split_feature=11 11 0 0 2 8 11 11 7 1 1 0 10 0 0 0 1 8 2 1 1 1 0 0 1 1 1 0 0 2 7 9 6 2 0 6 0 1 11 11 11 1 0 8 9 2 10 2
split_gain=709.276 302.405 240.199 233.085 142.18 109.61 102.91 97.1806 89.6184 80.7035 106.864 81.7392 121.161 117.076 156.841 115.563 78.5618 148.481 266.955 77.4889 73.5585 136.766 116.281 72.5861 77.3202 72.3536 72.112 69.1677 68.3533 67.4513 78.4385 69.7138 68.2518 66.599 66.062 57.2046 56.048 104.338 54.6951 53.2448 51.6733 48.3641 48.3391 97.3207 89.0898 42.8093 41.7001 41.1893
threshold=0.90651164288275854 0.7774636018772586 6.5000000000000009 3.5000000000000004 640.50000000000011 0.90286652329037753 0.95924192909487038 0.85195588847274251 5.5000000000000009 5.5000000000000009 3.5000000000000004 8.5000000000000018 0.77887141370179902 4.5000000000000009 5.5000000000000009 1.5000000000000002 2.5000000000000004 0.90286652329037753 1100.5000000000002 4.5000000000000009 2.5000000000000004 5.5000000000000009 7.5000000000000009 7.5000000000000009 2.5000000000000004 5.5000000000000009 4.5000000000000009 1.5000000000000002 3.5000000000000004 1630.5000000000002 39.500000000000007 0.78902747439572751 41.500000000000007 532.00000000000011 2.5000000000000004 225.50000000000003 4.5000000000000009 1.5000000000000002 0.64236173662403184 0.95057347423280991 0.66519789554752429 4.5000000000000009 2.5000000000000004 0.88637416310275396 0.79913480369519829 1179.5000000000002 0.84303767075518621 840.50000000000011
decision_type=2 2 2 2 2 2 2 2 2 2 2 2 2 2 2 2 2 2 2 2 2 2 2 2 2 2 2 2 2 2 2 2 2 2 2 2 2 2 2 2 2 2 2 2 2 2 2 2
left_child=1 9 6 29 8 39 16 23 33 10 28 13 -13 15 -15 -12 34 25 27 -7 22 -22 -9 24 -6 -18 -20 -19 -1 30 46 -31 -33 -5 -2 -14 37 -30 -11 -4 -38 -25 44 -44 -32 -21 -3 -40
right_child=2 3 5 4 7 19 -8 20 -10 38 11 12 35 14 -16 -17 17 18 26 45 21 -23 -24 41 -26 -27 -28 -29 36 31 42 32 -34 -35 -36 -37 40 -39 47 -41 -42 -43 43 -45 -46 -47 -48 -49
leaf_value=-0.012456079386782821 0.0030969069809248882 -0.0029000223049365529 0.019695130941906523 -0.052164090512137204 0.010888902700273333 0.068568401334236528 0.036829863234491528 0.021938701480245192 0.033953339769352074 -0.024541948298184717 -0.0016350836924535772 -0.078991732519534549 -0.031628790653830029 0.022485575402296537 -0.011996094304133871 -0.028206509787241995 0.0036890205165302234 -0.020805727006501993 -0.0085976560041533777 0.0669869520604882 -0.000851357474104705 0.014320761885361988 -0.00014447809102904329 -0.00075847554924518004 2.3878956709968101e-05 0.022620585405487507 -0.041949010387828785 0.055273816582074177 -0.016553165964335287 0.010771044408552224 0.01615771018231324 -0.0017603821558438951 -0.014875221891027079 0.05856365675847898 0.027215199949376608 0.0141911732078744 -0.021328705121687903 0.025103241195845387 0.014544121489224371 0.048383681855084563 -0.0023140080237335119 -0.012023750168889152 -0.012611754615182947 0.034065878243183752 -0.0043947345419397855 0.015330228125027432 0.010128990144522079 -0.001867823980367855
leaf_weight=14427.123741187155 2639.2130471020937 5632.5551438108087 6662.4144198335707 326.80552697554231 13580.164738912135 1678.2386845741421 1952.0870014484972 10178.115847036242 3365.8979156687856 1427.6007332354784 3271.1470721587539 700.92083768546581 1760.01332013309 2518.0663932412863 8775.2256127893925 9416.508705727756 8456.3024808429182 223.374811116606 1602.1865972205997 319.59538817591965 25603.325054101646 13438.062203675508 5420.2495466768742 14621.17414463684 34136.071671348065 4636.0055823661387 2405.1783995851874 858.41154647991061 1336.6463151797652 2452.868467412889 3662.9185112938285 8661.5094209313393 18366.959207199514 106.93392942100763 4656.8933927156031 524.6173667833209 2386.6525040566921 2680.2178834751248 2570.6788194477558 1121.0412447918206 18964.106208272278 9215.6739492863417 13410.314485907555 696.96839168667793 21438.101605769247 931.60892568528652 10318.696392513812 19278.196348041296
leaf_count=68136 28794 39377 104414 3684 101569 34351 41722 110300 47346 6670 15567 3892 9582 14461 48284 44955 101958 3163 17669 8611 255996 154864 57981 108122 257172 61114 25580 17861 7022 12722 23362 53126 106615 1661 67739 2868 11198 14262 19518 26531 108846 71751 85521 5686 147890 14493 77330 106324
internal_value=0.000263156 -0.00169694 0.0159198 0.000788205 0.00402675 0.0313848 0.00987988 0.00332783 0.027239 -0.00762109 -0.00977407 -0.0156933 -0.0346968 -0.0133274 -0.00430771 -0.0213558 0.00781498 0.00353079 -0.0141221 0.0514653 0.00719544 0.00437089 0.0142651 0.000374428 0.00311609 0.0103927 -0.0286148 0.0395644 -0.00576298 -0.00418559 -0.00167209 -0.00888834 -0.0106725 -0.0248653 0.0184909 -0.0211072 -0.00195647 0.0112417 -0.00144593 0.0238271 -0.00443953 -0.0051138 -0.00460145 -0.0103057 -0.00139558 0.0285249 0.00552831 6.31606e-05
internal_weight=342814 304671 38142.6 214633 129992 10712.9 27429.7 126193 3799.64 90037.7 66761.2 26966.5 2985.55 23980.9 11293.3 12687.7 25477.6 18181.5 5089.15 2929.44 54639.8 39041.4 15598.4 71553.1 47716.2 13092.3 4007.36 1081.79 39794.7 84640.9 55159.6 29481.3 27028.5 433.739 7296.11 2284.63 25367.6 4016.86 23276.5 7783.46 21350.8 23836.8 39208.3 14107.3 25101 1251.2 15951.3 21848.9
internal_count=2757660 2203660 554000 1722075 1170446 188400 365600 1117755 52691 481585 349073 139609 16342 123267 62745 60522 323878 227345 64273 57455 579141 410860 168281 538614 358741 163072 43249 21024 209464 551629 379166 172463 159741 5345 96533 12450 141328 21284 132512 130945 120044 179873 262459 91207 171252 23104 116707 125842
is_linear=0
shrinkage=0.12179


Tree=24
num_leaves=49
num_cat=0
split_feature=11 11 2 11 2 13 9 7 2 8 9 9 11 8 2 11 2 7 6 10 7 8 1 2 9 5 9 2 2 10 9 9 11 9 8 8 2 5 8 1 1 11 9 8 9 6 2 7
split_gain=568.776 250.377 160.492 134.109 131.371 136.963 125.023 111.241 109.716 78.2889 214.783 80.179 78.262 77.8339 81.2785 77.1877 76.2006 99.2452 75.5467 76.2793 60.9081 60.3943 229.721 95.8754 60.3457 59.7093 56.8712 53.2458 53.09 53.0172 67.6169 50.8844 49.2763 54.9595 52.102 48.4231 55.5599 106.937 75.1664 45.149 92.1951 44.2591 59.2016 51.7987 42.2633 48.0499 41.6034 39.9636
threshold=0.86907993135388761 0.94093034345596027 825.50000000000011 0.72611518277234899 1705.5000000000002 0.82070666663782021 0.79913480369519829 31.500000000000004 2237.0000000000005 0.82029770595515661 0.73796475997026378 0.78209541181239306 0.8283541372144082 0.82029770595515661 640.50000000000011 0.9769672855879753 635.50000000000011 7.5000000000000009 99.500000000000014 0.80216454089062672 5.5000000000000009 0.90286652329037753 3.5000000000000004 2079.5000000000005 0.88509204033473221 38.500000000000007 0.78209541181239306 2015.5000000000002 1279.5000000000002 0.84801316003034688 0.8604297244941671 0.92509389984292545 0.9201767990074442 0.85110036267381706 0.80235441454681389 0.88637416310275396 1650.5000000000002 70.500000000000014 0.80235441454681389 5.5000000000000009 6.5000000000000009 0.67248512698130625 0.73796475997026378 0.83205873009260178 0.86628771382173653 60.500000000000007 704.50000000000011 81.500000000000014
decision_type=2 2 2 2 2 2 2 2 2 2 2 2 2 2 2 2 2 2 2 2 2 2 2 2 2 2 2 2 2 2 2 2 2 2 2 2 2 2 2 2 2 2 2 2 2 2 2 2
left_child=2 4 6 47 16 -6 18 35 9 11 -11 -9 13 14 20 28 17 -2 19 26 -8 39 27 -24 44 -16 -1 -23 -3 31 -31 -15 33 -18 -35 36 38 -38 -5 -7 -41 42 -20 -44 -14 -46 -28 -4
right_child=1 15 3 7 5 21 12 8 -10 10 -12 -13 24 29 25 -17 32 -19 41 -21 -22 22 23 -25 -26 -27 46 -29 -30 30 -32 -33 -34 34 -36 -37 37 -39 -40 40 -42 -43 43 -45 45 -47 -48 -49
leaf_value=0.029281387780155606 -0.019478981067131498 0.035043717357876897 -0.006643247711634763 0.017816604171202233 0.029258200964336407 -0.0033337319799988333 -0.11755523825364571 -0.021692661105817402 0.049315880445127122 0.043993074908162587 -0.0032499277580798308 -0.006735036736527188 0.012679134353513522 0.0075588786157397671 0.090817442904524801 0.071345622680687185 0.012987588950243961 0.040111985601102983 0.051891320815130641 0.043618221683688195 0.012042508536848602 0.0048343541676752182 -0.045348362598030129 0.0093323252548415479 0.03241226681383283 -0.029210601834304604 -0.014525366707286739 0.048855856599277374 0.015870628506974134 -0.0090808863737724902 -0.10078750582424852 -0.14206965631464033 0.016234116032844945 -0.0095769935971569044 0.0057310695508882977 -0.019959473227070916 -0.0126431619317706 0.004317251568609454 0.0027215131124670973 0.032637484865023568 -0.0027936446757373962 0.011901811995412809 -0.15661597736312532 -0.0091988851651392343 -0.015743040583539692 0.016194100720291493 -0.12222667606024358 -0.014515937327256529
leaf_weight=266.25729161500931 508.28208928182721 3861.4350840486586 19158.745453067124 6861.8347160443664 2083.8780578933656 15942.31456316635 55.975610427558422 6058.0156668275595 558.44227114319801 1454.9064611718059 75503.795136425644 43377.954651229084 4115.964084263891 5490.7242219373584 62.532664634287357 552.77724040858448 14552.300065210089 2247.7758233491331 64.011932626366615 2259.8535868301988 1377.6027916222811 1441.0145067609847 2595.4619259350002 582.33300287649035 1356.6520225144923 3634.2533701956272 147.70910677313805 568.26096772402525 4811.1629302222282 555.21224655210972 151.87616511434317 33.919688813388348 9832.2210055422038 3720.0302304252982 29061.036847103387 1421.0519464351237 8127.7133882343769 17147.960813470185 17052.974347155541 1725.6802795380354 2954.0795172899961 6384.4507168382406 77.214159116148949 65.21473353356123 2259.5342410244048 1011.5738682560623 83.14555960893631 19097.303287453949
leaf_count=1760 6707 84339 92078 46572 18560 136148 461 34152 4457 9202 510662 274427 43931 42777 554 14996 157312 35265 345 21699 12213 16076 22804 4983 14471 26224 1198 6361 80847 5077 1291 299 150162 36567 329669 11708 48406 100763 127128 18565 26616 53734 435 363 23064 9999 571 91662
internal_value=0.000240889 0.00813347 -0.00288172 -0.00403261 0.00612835 -0.000775959 0.00555138 -0.00262344 -0.00454816 -0.00478614 -0.0023568 -0.00856798 0.000140966 -0.00652471 -0.0176342 0.0272199 0.00934225 0.029122 0.0171884 0.0341169 0.00698223 -0.00320097 -0.014948 -0.0353281 0.00880273 -0.0271803 -0.00907593 0.0172845 0.0244074 0.00262138 -0.0287786 0.0066402 0.00838863 0.00675894 0.00399389 0.0022045 0.00284479 -0.00113658 0.00705272 -0.00024625 0.0102717 0.0101072 -0.0453942 -0.0891173 0.00446678 -0.00586664 -0.0533155 -0.0105733
internal_weight=342314 97040 245274 215821 87814.7 27893 29453.7 177565 126953 126395 76958.7 49436 20105.8 11362.1 5130.36 9225.38 59921.6 2756.06 9347.86 2756.97 1433.58 25809.1 5187.07 3177.79 8743.72 3696.79 497.112 2009.28 8672.6 6231.73 707.088 5524.64 57165.6 47333.4 32781.1 50611.5 49190.5 25275.7 23914.8 20622.1 4679.76 6590.89 206.441 142.429 7387.07 3271.11 230.855 38256
internal_count=2757660 1145977 1611683 1351217 965795 250113 260466 1167477 832900 828443 519864 308579 180361 88896 39452 180182 715682 41972 80105 25228 12674 231553 50224 27787 91465 26778 3529 22437 165186 49444 6368 43076 673710 523548 366236 334577 322869 149169 173700 181329 45181 54877 1143 798 76994 33063 1769 183740
is_linear=0
shrinkage=0.12179


Tree=25
num_leaves=49
num_cat=0
split_feature=11 0 0 0 0 0 10 9 9 9 2 4 8 6 2 11 8 11 4 9 0 2 10 2 0 8 2 0 4 0 8 9 6 8 8 2 8 0 2 4 0 4 0 11 10 2 2 2
split_gain=457.836 223.173 485.634 207.28 174.527 244.426 200.3 199.368 184.553 141.763 151.444 113.212 108.954 103.839 101.96 95.9705 91.9819 82.271 80.6812 76.947 88.6059 75.7115 74.7926 96.0816 81.1771 67.084 286.357 103.2 203.694 83.1467 62.2508 61.1051 60.6151 55.959 55.2268 133.538 111.155 54.5733 54.2072 65.9197 51.9902 73.936 49.309 49.0113 48.9609 47.6391 45.6897 44.8299
threshold=0.89716955941255017 4.5000000000000009 5.5000000000000009 6.5000000000000009 6.5000000000000009 7.5000000000000009 0.8140722923598841 0.79225961247450971 0.79395806863682128 0.8604297244941671 1235.5000000000002 1621.0000000000002 0.90286652329037753 155.50000000000003 1440.5000000000002 0.74902131065192046 0.82029770595515661 0.9769672855879753 1608.5000000000002 0.79225961247450971 1.5000000000000002 1410.5000000000002 0.77089915842315093 1010.5000000000001 8.5000000000000018 0.90286652329037753 1000.5000000000001 1.5000000000000002 324.50000000000006 5.5000000000000009 0.84698799222000154 0.78902747439572751 256.50000000000006 0.80235441454681389 0.90286652329037753 755.50000000000011 0.88637416310275396 3.5000000000000004 1445.5000000000002 696.50000000000011 5.5000000000000009 622.50000000000011 7.5000000000000009 0.7295535110191006 0.84494585239523412 1045.5000000000002 2179.5000000000005 1529.5000000000002
decision_type=2 2 2 2 2 2 2 2 2 2 2 2 2 2 2 2 2 2 2 2 2 2 2 2 2 2 2 2 2 2 2 2 2 2 2 2 2 2 2 2 2 2 2 2 2 2 2 2
left_child=1 15 9 17 6 7 30 16 -9 10 -3 33 38 47 -15 19 -6 25 44 20 -1 43 23 -7 -24 37 -27 28 -28 -29 -4 -17 34 -11 36 -36 -33 -2 42 -40 41 -39 -5 -13 -8 -14 -20 -12
right_child=3 2 4 12 5 22 18 8 -10 11 13 21 45 14 -16 31 -18 -19 46 -21 -22 -23 24 -25 -26 26 27 29 -30 -31 -32 32 -34 -35 35 -37 -38 40 39 -41 -42 -43 -44 -45 -46 -47 -48 -49
leaf_value=0.010245632563418768 0.003767180509545969 0.035768416783292116 0.0011789533590291913 0.041406779253170233 -0.017529220070494449 0.020278914583136416 -0.00655913970357303 0.047288447210048039 0.011769486142505864 -0.013877058789351084 0.03673235298015573 -0.20821925177620551 0.071086973068052756 -0.035330328959452373 0.008282447757652172 0.0044532428892102034 0.0083177448693732524 0.066029955961445466 -0.045500601239949937 -0.018705399774303955 -0.011302586812384151 0.0084270008693721008 -0.0072954365674600197 -0.038142786084989638 0.0018016627591848681 0.046037680808337936 -0.0022085773421604378 0.00057677835311287706 -0.092213880343997662 -0.03682966118588455 0.028128131901416095 -0.0040573077119383837 -0.019893372700201951 0.013219187446180733 0.067427544931010261 -0.023714875675348222 0.028462600919828069 0.028072095602714873 0.0015609031883290418 0.039648844667831563 0.0031244813696312112 0.00018411407048726241 0.017266824734520483 -0.052328495084319956 -0.018840280463727311 0.035123440905646654 0.033620957572134597 0.016645599334297597
leaf_weight=3806.0000380575657 15518.584029156715 6881.1279416419566 6124.996117439121 1896.692590540275 4749.0671081542969 539.93542913720012 8163.5128108002245 2439.7666712738574 19609.518408004194 1428.8001891411841 2184.5479591675103 31.359038159251213 681.85031872242689 991.01761361956596 4022.0507274419069 12139.348838709295 3583.0299694724381 334.53914673440158 1716.5760723762214 12651.196859039366 11043.235821351409 378.68248729407787 30003.022301886231 1842.2118610739708 28247.963400170207 1436.742697050795 849.68343188986182 4915.9343494158238 664.74191157147288 1073.9547344297171 1604.4085611067712 94116.780306890607 3744.1939906254411 5414.9967057555914 254.35785701498389 3810.8882102668285 1585.2789083868265 5462.3090061806142 4066.8892605062574 807.89401081576943 3667.3920764178038 1900.7473370414227 3710.2503633834422 649.23018373548985 11738.515540592372 2748.9283657856286 115.54204185307026 6710.5783744454384
leaf_count=18259 161414 67097 40528 36225 28384 4178 64949 16739 170715 13105 17803 159 20339 7020 23328 70731 23869 9128 11776 58935 53277 3093 235424 10125 220942 29963 7694 58340 6090 15241 11718 622282 21483 55025 3161 29109 12475 85710 52366 9786 56324 27497 70051 6023 99599 46352 1011 43161
internal_value=1.38837e-05 -0.00182403 0.0014725 0.0108159 -0.0019187 0.000718703 -0.0100658 0.00963491 0.0156997 0.015712 0.0209902 0.00182748 0.0234324 0.0136786 -0.000339224 -0.00525917 -0.00641432 0.0059163 -0.0160541 -0.0117259 -0.00577957 -0.0352239 -0.00374893 -0.024901 -0.00288393 0.00534965 -0.00377458 -0.0133114 -0.0417155 -0.00612999 0.00677285 -0.00372145 -0.00468014 0.00756222 -0.0041092 -0.0180122 -0.00351862 0.00842247 0.0172663 0.00787319 0.0149719 0.0208729 0.0254328 -0.0595114 -0.0138027 0.042271 -0.0405108 0.0215787
internal_weight=342059 292322 149170 49737.1 120478 91014.5 29463.6 30381.4 22049.3 28692.4 20789.3 7903.07 13912.5 13908.2 5013.07 143151 8332.1 35824.6 21734.1 27500.4 14849.2 1059.27 60633.1 2382.15 58251 35490.1 8941.06 7504.31 1514.43 5989.89 7729.4 115651 103511 6843.8 99767.3 4065.25 95702.1 26549 10481.7 4874.78 11030.4 7363.06 5606.94 680.589 19902 3430.78 1832.12 8895.13
internal_count=2758003 2065483 1175771 692520 939957 710376 229581 239707 187454 235814 158409 77405 235119 91312 30348 889712 52253 457401 177335 130471 71536 9275 470669 14303 456366 448273 117328 87365 13784 73581 52246 759241 688510 68130 667027 32270 634757 330945 168428 62152 169531 113207 106276 6182 164548 66691 12787 60964
is_linear=0
shrinkage=0.12179


Tree=26
num_leaves=49
num_cat=0
split_feature=0 0 1 8 0 0 1 1 2 1 1 0 8 4 0 1 1 8 9 8 1 9 1 1 1 1 0 1 2 2 9 1 8 1 8 0 1 8 8 8 0 9 8 1 8 6 2 0
split_gain=258.972 387.095 322.835 234.789 204.4 322.383 197.381 195.597 198.295 169.707 256.453 325.682 204.917 189.447 170.027 157.535 214.379 152.481 148.66 141.118 212.136 136.54 127.275 111.846 198.779 232.862 109.039 141.023 107.178 105.506 101.248 305.775 309.409 129.806 194.437 100.933 161.339 98.9687 96.2071 94.1613 93.2159 92.5461 89.7741 85.0661 84.5359 80.2341 77.0522 75.1097
threshold=4.5000000000000009 5.5000000000000009 4.5000000000000009 0.82029770595515661 6.5000000000000009 7.5000000000000009 1.5000000000000002 6.5000000000000009 1240.5000000000002 5.5000000000000009 3.5000000000000004 1.5000000000000002 0.88637416310275396 795.00000000000011 3.5000000000000004 3.5000000000000004 2.5000000000000004 0.90286652329037753 0.89874539480046922 0.80235441454681389 6.5000000000000009 0.87564029177044966 4.5000000000000009 1.5000000000000002 3.5000000000000004 5.5000000000000009 8.5000000000000018 5.5000000000000009 1440.5000000000002 1230.5000000000002 0.88629392050254319 2.5000000000000004 0.90286652329037753 1.5000000000000002 0.84698799222000154 1.5000000000000002 6.5000000000000009 0.83205873009260178 0.90286652329037753 0.83205873009260178 7.5000000000000009 0.86506823158390678 0.80235441454681389 5.5000000000000009 0.84698799222000154 219.50000000000003 1235.5000000000002 2.5000000000000004
decision_type=2 2 2 2 2 2 2 2 2 2 2 2 2 2 2 2 2 2 2 2 2 2 2 2 2 2 2 2 2 2 2 2 2 2 2 2 2 2 2 2 2 2 2 2 2 2 2 2
left_child=9 2 6 22 23 21 -2 43 -9 10 14 12 -12 19 37 16 -8 44 -7 20 -11 28 41 39 38 -26 40 -28 -6 -22 33 -32 -33 -16 -35 36 -21 -1 -25 -5 -24 -3 -29 -4 -10 -18 -13 -39
right_child=1 3 7 4 5 18 15 8 17 13 11 46 -14 -15 30 -17 45 -19 -20 35 29 -23 26 24 25 -27 27 42 -30 -31 31 32 -34 34 -36 -37 -38 47 -40 -41 -42 -43 -44 -45 -46 -47 -48 -49
leaf_value=-0.0092625757346904945 0.024065364023443191 -0.0048680813653709338 0.02806219770501164 0.024255698243549038 0.025177887749428952 -0.00013857342036729215 0.0065560683894818617 0.045092356567047784 -0.015110529211644366 0.016923540702730541 0.0087984992453838291 -0.010856915363642427 -0.042872589624970085 -0.0073175489938848443 -0.0030112170036286656 0.015111059034803047 -0.03612027542929265 -0.1064454639420465 0.027959498776327415 0.02378325845530389 0.0044216470107651612 0.037945015134352326 -0.011390384415272667 0.0087836486832602815 -0.027931251113661775 0.0069514451250445334 -0.02434041979639362 0.036584458495705567 0.0056808911250792616 -0.04078976395129829 0.020585601536209003 -0.039995238595171387 -0.26238854271959183 0.0092593944017664975 0.046928963898260359 0.021282119856208738 -0.015512329661634268 0.0054017080354446367 0.05732282939170566 -0.037240370286237584 -0.030853315039606904 0.010470080204519455 -0.006695551926920282 0.051429449714218013 0.02828242688086996 0.023404247098982148 -0.021891052329563704 -0.0064813805469810422
leaf_weight=27152.97212311998 5621.1141605656594 23082.679168952629 4701.4890209361911 434.10979100316763 7816.3248000051826 40888.18327318877 4391.1713817566633 1545.3741982001811 2025.3013044875115 3282.6498266980052 12550.345769427717 15322.351662615314 1251.9898548014462 15279.840962599963 4433.4818900693208 4635.9659556485713 4129.761063490063 217.42281696386635 2997.6976246014237 2850.8002009801567 1131.254162658006 4848.4922998584807 10728.744194690138 6749.9427936188877 6389.9331617448479 5107.422929437831 1753.9651834890246 1773.8509406801313 8994.4397967718542 2368.6212164312601 905.86118583381176 340.07924628816545 127.61119261756539 5788.3650091122836 3132.2532514221966 12896.479190895334 3395.9508681893349 19812.858584430069 665.38616922870278 2474.3844622038305 5532.0732582099736 7808.8188513480127 1186.2983905896544 4544.3802952561527 992.13998551666737 365.61979968845844 24233.303368419409 13110.31273801811
leaf_count=153880 52589 152802 42071 3435 85741 381143 42191 20560 14898 21561 80279 118265 9525 100885 35442 41786 39225 2573 53384 24230 8931 70360 81469 62540 58495 53333 12527 13759 64579 13270 12610 4048 2136 41027 30348 118762 26150 147551 10289 25574 41474 73582 9537 46867 10181 2497 146099 93543
internal_value=2.26442e-05 0.00334551 0.015169 0.000528765 0.00438221 0.00778119 0.00488446 0.029206 0.00920407 -0.00335977 -0.00554574 -0.0119963 0.00411149 0.00343925 -0.00094452 -0.00308876 -0.0125833 -0.00794065 0.00178071 0.00977897 -0.00531652 0.0199393 -0.00596217 -0.00582742 -0.00240811 -0.0124355 -0.0132838 0.003025 0.0147462 -0.0261762 0.0107826 -0.0207037 -0.100676 0.0140212 0.0224861 0.0151274 0.00242081 -0.00381942 0.0131391 -0.0280617 -0.0180118 -0.000990868 0.0192397 0.0395473 -0.000842849 -0.031279 -0.0176168 0.000669752
internal_weight=341770 172402 33169.7 139233 87366.3 65545.1 19143.6 14026.1 4780.24 169367 128162 53358 13802.3 41205.6 74803.8 13522.5 8886.55 3234.86 43885.9 25925.8 6782.53 21659.3 51866.4 21821.2 18912.7 11497.4 20974.9 4714.11 16810.8 3499.88 14727.7 1373.55 467.69 13354.1 8920.62 19143.2 6246.75 60076.1 7415.33 2908.49 16260.8 30891.5 2960.15 9245.87 3017.44 4495.38 39555.7 32923.2
internal_count=2758003 1569461 315438 1254023 868873 655207 178288 137150 48212 1188542 874753 354168 89804 313789 520585 125699 83913 27652 434527 212904 43762 220680 385150 213666 184657 111828 158766 35823 150320 22201 125611 18794 6184 106817 71375 169142 50380 394974 72829 29009 122943 226384 23296 88938 25079 41722 264364 241094
is_linear=0
shrinkage=0.12179


Tree=27
num_leaves=49
num_cat=0
split_feature=2 0 0 1 1 8 0 0 7 8 1 1 0 8 8 1 4 3 4 2 8 7 8 8 1 1 0 1 2 1 7 1 7 7 2 2 8 0 6 7 1 0 5 0 12 0 1 5
split_gain=208.702 181.306 303.934 236.718 352.51 190.74 161.149 244.852 153.119 138.079 133.728 197.436 214.981 251.343 152.32 140.811 132.323 119.588 131.879 115.672 115.372 113.681 106.858 163.816 102.933 125.251 133.823 95.2847 149.717 149.68 137.609 94.8515 93.5417 106.845 84.1818 77.8151 73.6096 68.6534 64.7788 66.4381 61.8807 60.6251 53.8953 95.6888 60.2701 53.2355 108.73 83.4659
threshold=645.50000000000011 4.5000000000000009 5.5000000000000009 3.5000000000000004 2.5000000000000004 0.82029770595515661 6.5000000000000009 7.5000000000000009 16.500000000000004 0.90286652329037753 5.5000000000000009 2.5000000000000004 1.5000000000000002 0.88637416310275396 0.80235441454681389 1.5000000000000002 750.00000000000011 1.5000000000000002 803.00000000000011 1179.5000000000002 0.90286652329037753 196.50000000000003 0.87366003285681904 0.84698799222000154 3.5000000000000004 1.5000000000000002 8.5000000000000018 6.5000000000000009 1215.5000000000002 5.5000000000000009 164.50000000000003 6.5000000000000009 87.500000000000014 218.50000000000003 1240.5000000000002 1529.5000000000002 0.90286652329037753 1.5000000000000002 166.50000000000003 169.50000000000003 1.5000000000000002 3.5000000000000004 326.50000000000006 1.5000000000000002 0.80389237169954297 8.5000000000000018 5.5000000000000009 174.50000000000003
decision_type=2 2 2 2 2 2 2 2 2 2 2 2 2 2 2 2 2 2 2 2 2 2 2 2 2 2 2 2 2 2 2 2 2 2 2 2 2 2 2 2 2 2 2 2 2 2 2 2
left_child=9 8 3 4 -3 24 22 20 42 17 11 15 13 -13 31 21 37 18 -1 -17 -8 -10 23 -7 25 -4 -27 29 -29 -5 -30 35 -19 -34 -14 -12 -9 -16 39 -6 -24 -33 44 -44 -2 47 -47 -26
right_child=1 2 5 27 38 6 7 36 10 -11 14 12 34 -15 16 19 -18 32 -20 -21 -22 -23 40 -25 45 26 -28 28 30 -31 -32 41 33 -35 -36 -37 -38 -39 -40 -41 -42 -43 43 -45 -46 46 -48 -49
leaf_value=-0.073440940765561666 -0.0030392527424619223 0.014328094971035359 -0.013348053728845887 0.018702846733541022 -0.039957031677114847 -0.01136187148414229 0.014434910583303637 -0.00046543968229640069 -0.0044814544446680135 0.088730157448472152 -0.014356474948717177 0.005595182443716774 -0.0089744997386706684 -0.04757325493211402 0.0022415330023609114 -0.0061527499633833175 -0.0036077719348462465 0.033207853295969578 0.0063243751598845563 0.013356341701091739 0.046726603350506719 -0.033986729533551148 -0.050842385156079369 0.0141749013743522 -0.017667570797333956 -0.00026140608801643528 0.026355919008244601 0.043237573075179371 0.0039662949226473817 0.046540369660592468 -0.066535168250831514 -0.035170592906104546 -0.0037210559071167658 0.031304881294400198 -0.019439327154203833 0.023540553050787578 0.0174294417831437 0.020012164704067859 0.0044257064939210635 0.011248872527191887 -0.014662013961955163 0.004119359142814639 -0.1549220294159617 -0.0046733122741232569 0.009801662701703056 -0.014953605054363227 0.016560001150998354 0.0017333330211845252
leaf_weight=453.15729038789868 7837.8910508528352 9589.7335174567997 7046.652577387169 8928.5010819546878 3229.8520215004683 8664.973084712401 18962.512244585901 38919.618016190827 18084.056267563254 377.27145529724658 2016.2819527778774 14696.025248225778 18526.40287893638 1448.8202461227775 4910.6469028890133 6819.3157887272537 11567.843339944258 3893.4441354647279 956.14267842657864 13299.488891340792 1796.6073705982417 2169.248457994312 807.52965927496552 6536.9838173426688 17424.516706805676 11316.133738027886 3723.6228266321123 1255.8622399456799 2902.6398350819945 4218.6954509820789 478.31834719702601 2988.4036522395909 3650.5509982239455 1999.2637713365257 29648.873625133187 1336.292599465698 3736.9300205167383 9391.8048161193728 791.76372034847736 425.32867735624313 5324.2501339204609 723.56018146127462 85.215831309556961 239.79097445309162 17586.905106289312 3812.1456766147166 2829.1597508881241 4054.5286109335721
leaf_count=4375 50197 89970 50061 79505 30526 69783 180970 354828 124326 9244 12996 92458 137533 11036 39137 52171 77801 53021 10688 86171 30001 12762 9823 62231 128157 81203 26555 17203 25337 44331 3780 16680 40392 21537 178995 7807 60802 86636 5334 3674 62615 5261 442 1263 134176 26269 21892 26048
internal_value=3.47093e-05 -0.000523045 0.00230175 0.0130089 0.00118517 -0.000222842 0.00330125 0.00638154 -0.00340662 0.0162878 -0.00501936 -0.00714868 -0.0113389 0.000823907 0.00174923 -0.000472939 0.00607738 0.0137924 -0.019324 0.00674369 0.0172296 -0.00764164 -0.00585505 -0.00038082 -0.00617154 5.0814e-05 0.00632865 0.0223412 0.00733006 0.0276354 -0.00600784 -0.0141004 0.0186829 0.00867335 -0.0154149 0.000748787 0.00110224 0.0139107 -0.0271572 -0.0339985 -0.0194268 -0.0275119 0.00521313 -0.0440681 0.0058431 -0.0110587 -0.00152898 -0.0140053
internal_weight=341484 330154 166777 31820.7 14036.7 134956 84749.4 63415.7 163377 11329.8 137627 104692 64320.1 16144.8 32934.8 40372.1 25870.3 10952.6 1409.3 20118.8 20759.1 20253.3 21333.7 15202 50206.8 22086.4 15039.8 17784 4636.82 13147.2 3380.96 7064.54 9543.26 5649.81 48175.3 3352.57 42656.5 14302.5 4446.94 3655.18 6131.78 3711.96 25749.8 325.007 25424.8 28120.4 6641.31 21479
internal_count=2758003 2618746 1490898 299660 129504 1191238 831053 626601 1127848 139257 941770 695452 420022 103494 246318 275430 203574 130013 15063 138342 210971 137088 204452 132014 360185 157819 107758 170156 46320 123836 29117 42744 114950 61929 316528 20803 415630 125773 39534 34200 72438 21941 186078 1705 184373 202366 48161 154205
is_linear=0
shrinkage=0.12179


Tree=28
num_leaves=49
num_cat=0
split_feature=11 11 11 0 0 2 1 0 7 5 2 2 4 2 7 8 8 2 1 8 4 7 7 2 5 1 2 8 0 2 12 2 8 6 2 7 4 4 8 11 6 2 0 5 0 8 4 4
split_gain=341.783 175.449 96.6145 83.9782 83.7356 86.2237 128.031 85.6338 73.0388 80.0229 104.293 270.585 128.71 76.3768 67.7741 66.0991 64.5165 62.6284 62.4861 123.126 67.9665 60.4256 59.1038 57.8604 57.7802 57.3278 55.7394 59.1285 94.3801 72.5051 54.9351 56.2376 53.3157 51.0656 51.8759 48.8384 47.1757 47.009 74.2971 83.013 59.229 47.3442 61.9697 47.0065 44.4628 97.0612 72.0717 70.111
threshold=0.91470375163982032 0.81040378428758986 0.96685766852634147 6.5000000000000009 3.5000000000000004 1115.5000000000002 6.5000000000000009 4.5000000000000009 48.500000000000007 105.50000000000001 1500.5000000000002 1805.5000000000002 551.50000000000011 1020.5000000000001 245.50000000000003 0.90286652329037753 0.87366003285681904 2125.5000000000005 3.5000000000000004 0.88637416310275396 391.50000000000006 259.50000000000006 39.500000000000007 1740.5000000000002 97.500000000000014 3.5000000000000004 725.50000000000011 0.88637416310275396 6.5000000000000009 1854.5000000000002 0.80389237169954297 2125.5000000000005 0.80235441454681389 63.500000000000007 1400.5000000000002 186.50000000000003 267.50000000000006 710.00000000000011 0.80235441454681389 0.78457535944241796 75.500000000000014 1230.5000000000002 8.5000000000000018 70.500000000000014 1.5000000000000002 0.87366003285681904 303.50000000000006 452.00000000000006
decision_type=2 2 2 2 2 2 2 2 2 2 2 2 2 2 2 2 2 2 2 2 2 2 2 2 2 2 2 2 2 2 2 2 2 2 2 2 2 2 2 2 2 2 2 2 2 2 2 2
left_child=1 8 3 44 30 6 7 25 26 10 12 23 13 -10 -8 -5 -9 18 20 -20 -7 -16 -19 -12 -14 -6 -1 33 -29 -30 31 -3 -24 34 -28 -13 -32 38 40 -40 -11 42 -39 -38 45 -2 -47 -48
right_child=2 4 -4 15 5 17 14 16 9 37 11 35 24 -15 21 -17 -18 22 19 -21 -22 -23 32 -25 -26 -27 27 28 29 -31 36 -33 -34 -35 -36 -37 43 41 39 -41 -42 -43 -44 -45 -46 46 47 -49
leaf_value=0.024300940822941264 0.015846813423058392 -0.013573585836914486 0.048128617149588944 0.015411874210812727 0.0067965461537474667 0.011805119789828431 0.038788259823829198 0.013417130509744375 -0.010532481895007674 0.0082114994793727036 -0.030748510382232426 0.0056594389830522595 -0.10104065377287869 0.0097541396829017076 -0.13073667417092863 0.041349219019571365 -0.0033203186912468103 0.010378539555517733 -0.00030158524253071507 -0.02309709349712567 5.5252697946635903e-05 0.0046536539559672114 -0.047994364062110259 -0.058414874887728264 -0.027039260734477016 -0.019249815477633572 -0.010899058529236869 0.0040534628900876918 -0.17278235635281711 0.070942166223079958 0.0061819259436031336 0.0088223853992648749 0.067249853325972928 -0.00234159389254757 0.016361561033719281 -0.1407234457347605 -0.016384967293793799 0.00060947321972986573 0.019516714466789108 -0.0043590841789863388 -0.025185510633801478 -0.0086594623821038483 -0.020273689943203835 -0.001053755245599004 0.010264434766041051 0.0043168538227352487 -0.065018655719222315 -0.0067516395445903869
leaf_weight=1310.8750513494015 1944.2571622952819 9266.2555309161544 1105.9616717845201 5229.3284748271108 2252.4900105763227 12258.477242872119 2804.6183178480715 16467.599020797759 5355.4349895976484 1257.0858281813562 4927.9175702258945 3677.6801546290517 170.39920455217361 5664.1194922551513 58.635558608919382 2020.4239203315228 4310.0157383754849 3326.7803395986557 35912.142687361687 3895.8310182020068 18060.349531494081 294.34453767538071 67.789126262068748 1451.4952813088894 1918.9394299760461 2825.8757990393788 1355.0146324783564 175.06684935837984 109.63729593157768 21.68571912497282 13043.518680687994 2026.8256921470165 489.54926451668143 40309.54610510543 4389.9088537245989 34.120275005698204 3187.4020634144545 20876.257078409195 4720.9288064986467 3981.7943991534412 2109.3138978332281 33390.632267788053 2344.3880017474294 42777.003256503493 15897.346092738211 919.69127415120602 729.25329911336303 528.15156469494104
leaf_count=12228 22668 55859 31373 96556 25414 115050 42417 207454 39416 7020 24673 18212 1101 34391 788 45905 66052 29101 309164 39124 153843 4005 535 7185 12278 28730 8887 1150 794 147 97231 12864 4902 222580 24712 168 24604 129357 27368 25932 11041 167645 16390 294353 234113 9810 7603 5810
internal_value=4.1623e-05 -0.00111909 0.0128405 0.0114093 0.00146874 0.00368002 0.00930733 0.00648008 -0.0043332 -0.00634016 -0.0125243 -0.0218312 -0.00535982 -0.000105032 0.0324583 0.0226403 0.00994519 0.00147402 0.000640236 -0.00253248 0.00480595 -0.0178368 0.0165277 -0.0370434 -0.0330746 -0.00769705 -0.000465077 -0.00116535 -0.0544905 -0.132535 -0.00177185 -0.00955407 0.0532327 -0.000810588 0.00993179 0.00431383 -0.000282469 -0.00425117 0.00264961 0.00859272 -0.0127144 -0.00572237 -0.00149892 -0.0021169 0.00734197 -0.00393087 -0.0215933 -0.0405446
internal_weight=341252 312878 28374.4 27268.5 173326 103024 29013.6 25856 139552 91880.5 23200.1 10091.2 13108.9 11019.6 3157.6 7249.75 20777.6 74010.9 70126.8 39808 30318.8 352.98 3884.12 6379.41 2089.34 5078.37 47671.7 46360.9 306.39 131.323 70301 11293.1 557.338 46054.5 5744.92 3711.8 59007.9 68680.4 12069.1 8702.72 3366.4 56611.3 23220.6 45964.4 20018.7 4121.35 2177.1 1257.4
internal_count=2758003 2304165 453838 422465 1511490 1026579 374860 327650 792675 522177 137424 50238 87186 73807 47210 142461 273506 651719 617181 348288 268893 4793 34538 31858 13379 54144 270498 258270 2091 941 484911 68723 5437 256179 33599 18380 416188 384753 71361 53300 18061 313392 145747 318957 280004 45891 23223 13413
is_linear=0
shrinkage=0.12179


Tree=29
num_leaves=49
num_cat=0
split_feature=11 11 2 3 5 11 2 2 9 10 2 6 5 2 11 9 12 6 9 2 5 2 2 2 10 2 2 9 5 6 5 10 7 5 2 1 1 1 1 6 2 2 9 7 11 7 6 6
split_gain=267.341 129.318 96.2189 118.176 103.137 92.2114 75.8524 92.7934 176.268 135.363 125.236 105.225 76.6308 67.5848 62.4174 54.2901 96.0534 57.9594 63.0189 54.2049 64.5675 61.4697 50.7819 50.3797 49.6297 49.1761 77.0835 88.8482 69.8877 44.4781 53.409 43.8842 53.8375 42.1496 40.3849 39.7865 48.7846 74.6702 47.5676 39.5311 39.4353 37.2087 36.8921 36.5033 36.4721 35.3535 32.6293 30.7135
threshold=0.90846370003774701 0.7774636018772586 635.50000000000011 1.5000000000000002 123.50000000000001 0.95558254798487596 2155.5000000000005 1705.5000000000002 0.85110036267381706 0.79078998951168811 1800.5000000000002 74.500000000000014 64.500000000000014 532.00000000000011 0.85516447051060485 0.85140159278169125 0.80389237169954297 79.500000000000014 0.77738113003905684 1650.5000000000002 78.500000000000014 1020.5000000000001 2000.5000000000002 1230.5000000000002 0.86051057389808217 1645.5000000000002 1725.5000000000002 0.73796475997026378 91.500000000000014 15.500000000000002 80.500000000000014 0.83653493300449278 8.5000000000000018 222.50000000000003 2200.5000000000005 3.5000000000000004 5.5000000000000009 6.5000000000000009 4.5000000000000009 17.500000000000004 1530.5000000000002 1345.5000000000002 0.79225961247450971 38.500000000000007 0.97132064083509528 15.500000000000002 163.50000000000003 54.500000000000007
decision_type=2 2 2 2 2 2 2 2 2 2 2 2 2 2 2 2 2 2 2 2 2 2 2 2 2 2 2 2 2 2 2 2 2 2 2 2 2 2 2 2 2 2 2 2 2 2 2 2
left_child=1 15 3 4 -3 23 7 8 11 10 -9 -4 -11 -5 -10 17 47 18 19 21 -21 -1 41 29 -25 45 27 -27 -28 -2 -31 32 -18 34 -8 -26 38 -38 -37 -6 -7 -20 -24 -35 -42 -19 -34 -17
right_child=5 2 6 13 39 40 33 9 14 12 -12 -13 -14 -15 -16 16 31 25 22 20 -22 -23 42 24 35 26 28 -29 -30 30 -32 -33 46 43 -36 36 37 -39 -40 -41 44 -43 -44 -45 -46 -47 -48 -49
leaf_value=0.0031972778831235046 0.0011576785668518874 -0.069549224552510502 0.01201658407823121 0.088527037966302277 0.037714518620262157 0.039345196958863689 0.033880758340011426 -0.015986763621948508 -0.0076063285097941954 -0.014426335505562705 0.026524274284278435 0.0023601304963972282 -0.0035193523772530451 0.021390349126053674 7.1152256661030685e-05 0.0051330339280340328 -0.075901185476512048 0.0079544943364666405 0.0023980145082156778 -0.063182133871060517 0.0076361144818923466 0.037865294094049332 -0.01318731985481876 0.013982287010978138 0.0083249162702902467 -0.040270961556220453 -0.019704083283142607 -0.0089864322564963614 -0.0021955455912473758 0.028380854163311556 0.0089720417067377708 -0.035489836429092182 -0.012867816338697527 0.022782220336220564 0.0013328931883281909 -0.00011616977112735208 0.028528232070047097 -0.0088271667430504814 -0.024766975236609215 -0.017821845767987281 -0.00010941019252687615 -0.010157100830702087 0.031898230945621352 0.070915664774397466 0.051111272879140482 -0.0041821709499934977 0.056236278542734663 0.044404572097433578
leaf_weight=1306.7107862979174 2702.8739014342427 391.70896021276712 24460.114593509585 234.3335429392755 346.57784955948591 2158.2532892003655 715.69510687142611 1417.2690748199821 27518.06511015445 11976.54435813427 3741.332039244473 53018.636840429157 47248.837517026812 4370.1794662028551 36594.284549448639 1002.4397477135062 200.33843782544136 4015.3275221511722 6963.6904434226453 245.25737511366606 862.57324266433716 1808.6350554525852 362.15641259402037 5709.3586344495416 5582.3323462754488 2388.9738967567682 4397.2779753282666 3085.7554088681936 14640.236549265683 4403.5924039632082 4025.3417893573642 1619.8166309595108 7863.0564772859216 1027.8934951648116 2693.5629535093904 2202.4510435387492 1330.7173092626035 1966.8295860774815 2455.7207951806486 421.09631315246224 903.31348766759038 7041.7606331855059 1048.83574757725 302.46868013590574 267.19434095732868 31396.714968573302 102.67264091223478 418.79556603729725
leaf_count=10012 48531 3382 212534 3509 3988 57225 5360 8159 202692 87415 22084 422849 311065 55897 377612 5241 1018 23732 42627 1201 4024 10312 1910 69115 75704 10173 20211 14344 67717 86299 66654 9501 43777 8550 20729 24932 19845 24602 24839 4268 17560 34435 5497 2737 7405 173879 631 2220
internal_value=4.34206e-05 -0.00108615 0.000531783 0.0160565 -0.0186968 0.0103395 0.00010712 -0.000243399 0.00149974 -0.00407686 0.0148448 0.00540868 -0.00572496 0.0248071 -0.00322415 -0.00494474 -0.0128809 -0.00382688 0.00191493 0.015096 -0.008042 0.023324 -0.0016959 0.00823094 0.00445916 -0.00570871 -0.00990215 -0.0226379 -0.00623966 0.0147525 0.0191119 -0.0171777 -0.0135454 0.01534 0.00816557 0.000442995 -0.00508755 0.00624752 -0.0131117 0.00725087 0.029583 -0.00391454 0.0203262 0.0337258 0.0115828 -0.00280601 -0.0119771 0.0167052
internal_weight=340958 307250 216479 5763.9 1159.38 33708 210715 205975 141591 64384 5158.6 77478.8 59225.4 4604.51 64112.3 90771 11207.1 79563.9 19639.6 4223.18 1107.83 3115.35 15416.4 30379.2 19247.4 59924.3 24512.2 5474.73 19037.5 11131.8 8428.93 9785.88 8166.07 4739.62 3409.26 13538.1 7955.72 3297.55 4658.17 767.674 3328.76 14005.5 1410.99 1330.36 1170.51 35412 7965.73 1421.24
internal_count=2758003 2235292 1752830 71044 11638 522711 1681786 1644410 1215687 428723 30243 635383 398480 59406 580304 482462 62388 420074 110018 25549 5225 20324 84469 440521 239037 310056 112445 24517 87928 201484 152953 54927 45426 37376 26089 169922 94218 44447 49771 8256 82190 77062 7407 11287 24965 197611 44408 7461
is_linear=0
shrinkage=0.12179


Tree=30
num_leaves=49
num_cat=0
split_feature=1 1 8 0 2 0 1 0 0 0 0 0 0 8 8 0 1 1 10 9 7 8 1 7 9 9 9 10 0 9 10 10 0 9 8 10 8 1 2 8 10 9 8 1 0 8 6 10
split_gain=162.429 212.837 203.64 168.917 150.438 167.363 217.726 167.41 178.251 129.903 325.263 262.533 388.492 279.097 264.367 227.503 197.476 156.291 207.334 218.313 128.619 115.223 114.821 113.591 112.962 227.061 111.913 114.609 102.129 101.021 97.5152 94.9397 119.564 94.8397 87.7498 86.5296 84.9564 112.088 147.409 77.8279 76.7807 76.6107 74.6432 74.1827 82.582 72.3917 72.1014 69.9853
threshold=5.5000000000000009 3.5000000000000004 0.90286652329037753 1.5000000000000002 915.50000000000011 1.5000000000000002 6.5000000000000009 5.5000000000000009 8.5000000000000018 6.5000000000000009 7.5000000000000009 5.5000000000000009 4.5000000000000009 0.90286652329037753 0.84698799222000154 1.5000000000000002 4.5000000000000009 4.5000000000000009 0.81030595809117545 0.78902747439572751 48.500000000000007 0.88637416310275396 6.5000000000000009 208.50000000000003 0.79225961247450971 0.77881610811655355 0.76645112812423111 0.80819509988184091 3.5000000000000004 0.79395806863682128 0.77413245550436538 0.76309959923814097 8.5000000000000018 0.76645112812423111 0.88637416310275396 0.83715558595118622 0.80235441454681389 6.5000000000000009 1755.5000000000002 0.82029770595515661 0.77719158662646826 0.89874539480046922 0.8622651991476401 1.5000000000000002 3.5000000000000004 0.90286652329037753 179.50000000000003 0.88394400514895188
decision_type=2 2 2 2 2 2 2 2 2 2 2 2 2 2 2 2 2 2 2 2 2 2 2 2 2 2 2 2 2 2 2 2 2 2 2 2 2 2 2 2 2 2 2 2 2 2 2 2
left_child=1 2 20 47 22 6 26 36 24 11 33 12 15 14 40 21 -15 31 -19 -20 -1 -3 45 46 25 -9 -6 -28 -22 -26 -17 32 -12 -11 -10 -25 37 38 -7 -38 -13 -33 -29 44 -5 -2 -8 -4
right_child=4 9 3 43 5 7 23 8 34 10 17 13 -14 16 -16 30 -18 18 19 -21 28 -23 -24 35 29 -27 27 42 -30 -31 -32 41 -34 -35 -36 -37 39 -39 -40 -41 -42 -43 -44 -45 -46 -47 -48 -49
leaf_value=0.0052354203409577969 0.0043038404483025728 0.0075473045544543014 -0.045720050696693632 -0.021944141835873822 0.065179955016922891 -0.0018887409783954754 -0.016798620689063761 -0.0035405291166100139 0.020101079921277649 -0.014882286980203181 0.016742135863211351 0.01370130496695387 0.017657057909928997 -0.03332447293451319 0.0068881591267342121 -0.039449923413285432 -0.16269498432237525 -0.052493557768118045 -0.055762936177319478 -0.0010588440445623885 -0.0074176256228710991 -0.030545771204528002 0.028003578554462064 -0.031844225479610466 0.025858841193211728 -0.054452158952518301 0.039716774664068859 -0.023233727137662363 0.00091817376382955288 -0.0051357512877251224 -0.012769658982491057 0.0011722820739603751 -0.11892032055242709 0.020445550971823306 -0.034334519657495864 -0.14749452824065351 0.029131857728535236 -0.015094455447220281 0.052399022001081243 0.011283104607410397 -0.039747322296300347 0.045453114717278163 0.013811722093986796 0.035974760578498598 0.026112818597599133 0.066995537063580704 -0.054428169140911122 0.015214900786827499
leaf_weight=51146.720360264182 8145.5256448630244 12465.205143034458 733.81535565853119 811.621492350474 452.64742828160524 2313.5375649537891 4594.9102184996009 3615.1967386379838 5947.042110171169 1260.298731457442 176.04450015723705 428.37800847738981 9090.9082477539778 335.16345670074224 3247.0008833892643 2146.8686613515019 366.25833193957806 2201.8011514376849 1298.3308168426156 6496.7063026279211 36200.414927687496 1300.6887396611273 6442.370428590104 186.09694477915764 1740.392742626369 2028.4035586416721 917.26601527258754 2071.3087742514908 54807.492758924142 15029.273462908342 37959.922496853396 9929.9699110034853 212.89072014391422 10667.825863437727 474.2681718096137 198.1208116710186 4520.6885846853256 3702.3360522147268 1092.10096151568 18260.389638327062 5746.0462865643203 615.45301214233041 1321.4445076957345 4717.848778270185 1530.6672417875379 282.68706978112459 903.84467747062445 451.64194371178746
leaf_count=403150 85530 80357 6087 8570 2453 15743 30851 20962 50570 7027 1036 2479 84095 4138 30295 10604 4128 14016 7611 62868 222602 9387 78037 1053 11553 12975 5084 14057 469122 150948 253780 82305 1191 99071 7251 1117 30953 22798 6851 166333 42775 9712 11956 71662 27001 6223 4742 4866
internal_value=7.36792e-06 -0.0015173 0.00142806 0.0200355 0.004647 0.00226407 -0.011786 0.00481111 -0.00180944 -0.00569852 0.000661628 -0.00855801 -0.00563123 -0.0267625 -0.0212446 -0.00956108 -0.100877 -0.00848555 -0.019492 -0.0101703 0.000348749 0.00394803 0.015763 -0.0274573 -0.00693485 -0.021839 0.00757172 0.00152158 -0.00239758 -0.00191906 -0.0141978 0.00157717 -0.0575152 0.0167129 0.0160805 -0.091479 0.0111981 -0.000426197 0.01552 0.014825 -0.0360391 0.0037566 -0.00880488 0.0271784 0.0094607 0.00640656 -0.0229839 -0.0225047
internal_weight=340586 256346 150400 8245.59 84239.9 69369.3 10645.6 58723.6 28834.6 105946 32859.3 73086.4 62963.6 10122.8 9421.43 53872.7 701.422 20931.2 9996.84 7795.04 142155 13765.9 14870.6 5882.97 22413.3 5643.6 4762.67 4310.02 91007.9 16769.7 40106.8 10934.4 388.935 11928.1 6421.31 384.218 29889.1 7107.97 3405.64 22781.1 6174.42 10545.4 3392.75 7060.14 2342.29 8428.21 5498.75 1185.46
internal_count=2757975 2019935 1213060 118186 738040 568250 71313 496937 254259 806875 284837 522038 438223 83815 75549 354128 8266 178739 84495 70479 1094874 89744 169790 37763 196438 33937 33550 31097 691724 162501 264384 94244 2227 106098 57821 2170 242678 45392 22594 197286 45254 92017 26013 107233 35571 91753 35593 10953
is_linear=0
shrinkage=0.12179


Tree=31
num_leaves=49
num_cat=0
split_feature=11 11 1 0 2 0 1 1 0 1 2 1 2 2 6 1 6 0 8 8 5 0 7 0 0 0 0 1 8 8 8 6 0 5 2 5 8 7 0 7 0 0 2 8 8 2 6 8
split_gain=245.064 122.507 84.546 105.505 160.776 202.93 180.003 137.801 250.433 156.843 172.303 133.808 128.174 101.327 108.871 118.935 102.105 98.3109 85.0898 81.887 76.0291 75.9753 149.335 100.155 71.6267 178.726 115.875 181.326 105.239 99.4616 93.5221 122.819 66.5459 66.4872 64.7594 111.309 64.1658 62.9916 58.8461 57.401 57.2752 123.812 55.9837 55.5949 54.6929 53.8157 49.8092 46.9231
threshold=0.87812637090497425 0.9494630246842638 5.5000000000000009 6.5000000000000009 1649.5000000000002 8.5000000000000018 1.5000000000000002 2.5000000000000004 1.5000000000000002 1.5000000000000002 1325.5000000000002 3.5000000000000004 1245.5000000000002 2140.5000000000005 216.50000000000003 2.5000000000000004 60.500000000000007 1.5000000000000002 0.87366003285681904 0.84698799222000154 311.50000000000006 5.5000000000000009 278.50000000000006 4.5000000000000009 6.5000000000000009 8.5000000000000018 1.5000000000000002 6.5000000000000009 0.80235441454681389 0.82029770595515661 0.80235441454681389 163.50000000000003 1.5000000000000002 198.50000000000003 1845.5000000000002 134.50000000000003 0.83205873009260178 398.50000000000006 3.5000000000000004 23.500000000000004 3.5000000000000004 5.5000000000000009 1330.5000000000002 0.87366003285681904 0.87366003285681904 2010.5000000000002 339.50000000000006 0.80235441454681389
decision_type=2 2 2 2 2 2 2 2 2 2 2 2 2 2 2 2 2 2 2 2 2 2 2 2 2 2 2 2 2 2 2 2 2 2 2 2 2 2 2 2 2 2 2 2 2 2 2 2
left_child=2 34 3 7 5 42 -7 9 18 21 -11 -8 37 14 16 -16 -6 -12 20 24 -9 23 -23 -1 26 30 27 36 39 -30 -26 -32 -3 40 38 45 -4 -10 -2 -28 -21 -42 44 -43 -5 -36 -14 -27
right_child=1 32 19 4 13 6 11 8 12 10 17 -13 46 -15 15 -17 -18 -19 -20 33 -22 22 -24 -25 25 47 28 -29 29 -31 31 -33 -34 -35 35 -37 -38 -39 -40 -41 41 43 -44 -45 -46 -47 -48 -49
leaf_value=-0.0079509761495913187 0.0019972529951288081 -0.0084485728200108454 0.019063621874454009 0.019044960605727475 0.0011950537139389136 -0.038075391636723944 0.014393095044590612 0.01144448383970623 -0.0040163439925931929 -0.0046604107037234218 -0.0074642460375105857 -0.013332246093431499 -0.015619218559006868 0.021246005603192081 -0.018838913966294446 0.027799572715135598 -0.018780568761880893 0.019547340689542548 -0.019903445183367771 0.0028648747817288747 -0.045875007755823566 -0.020099664602476319 -0.22068709957593358 0.012812626862622269 -0.00078421699553749165 0.030502488091144149 0.011091289071658029 -0.029933359918933967 0.024542639897993882 0.004881777217603178 -0.012292194773531502 -0.046203060075681236 0.029235618987104056 -0.0081163906999447265 -0.014961822796550081 0.026348918029724899 -0.018996551112778367 -0.081920041863410578 0.009633387187212801 -0.0099145450200321568 0.039910621697789486 0.017820668826720766 0.0044937782489269966 -0.0069165519883894206 -0.0041671912335171134 0.0010229285199329613 0.071955437622231361 0.0040455046559641477
leaf_weight=18852.359075713903 26364.589962877333 818.48251539468765 2514.5655303746462 14629.759113684297 5401.4694824069738 2210.3426764719188 5049.7548125162721 12362.170880608261 25663.176849015057 11482.186034291983 2380.7258860841393 5283.3256646431983 41358.149620369077 1770.4816229939461 1282.7282693237066 2205.5691784769297 12765.670874461532 12451.089173592627 1605.3643686175346 5351.3316327109933 353.04111965000629 3518.3107917681336 55.927405431866646 4216.4432632997632 3919.6303650662303 1539.6029697358608 2726.7914148904383 3659.4682480990887 6223.9479908123612 9867.1069633066654 4462.7073678560555 2456.0494233369827 4609.4586245659739 2700.604345664382 6104.5307094343007 1709.8733756877482 889.42271508276463 154.88192538172007 34631.784647049382 6599.8334132805467 2806.5698744095862 3676.4560078904033 8560.5489925891161 2127.3402119427919 1678.3702459074557 6398.6008161716163 96.557600021362305 2807.4763700217009
leaf_count=108560 241838 13239 14698 129113 34410 17674 41190 70367 184480 82754 12853 41196 227569 12623 6984 11717 69171 73026 9793 39398 1711 25163 558 32956 26437 11329 17269 20590 44051 71423 35459 16813 112043 18903 57886 16178 5595 1150 514620 42802 29183 34485 56887 21079 18070 60477 510 21695
internal_value=1.79851e-05 0.00588297 -0.00180298 -0.00306382 0.00114492 0.00609914 -0.00653065 -0.00496684 -0.00810683 -0.000128908 0.00654038 0.00021707 -0.0112199 -0.00676717 -0.00905744 0.0106495 -0.0128414 0.0152116 0.00651724 0.00202661 0.00985299 -0.00671584 -0.0232383 -0.00415587 -0.000542454 -0.00744712 0.00268559 -0.0111135 0.00652028 0.0124865 -0.0158148 -0.02433 0.0235532 0.00937606 0.00460769 -0.00279577 0.00911894 -0.00448369 0.00633281 -0.00377315 0.0127596 0.0189092 0.0124694 0.00875342 0.0166561 -0.00678147 -0.0154152 0.0134158
internal_weight=340355 80637.3 259717 195388 60838 37412.1 12543.4 134550 81593.3 52957 26314 10333.1 67272.8 23425.9 21655.4 3488.3 18167.1 14831.8 14320.6 64328.9 12715.2 26643 3574.24 23068.8 47666.6 15185.5 32481.1 7063.46 25417.7 16091.1 10838.4 6918.76 5427.94 16662.3 75209.4 14213 3403.99 25818.1 60996.4 9326.62 13961.7 8610.37 24868.7 5803.8 16308.1 12503.1 41454.7 4347.08
internal_count=2757975 1016281 1741694 1270485 439035 304130 100060 831450 495580 335870 168633 82386 413709 134905 122282 18701 103581 85879 81871 471209 72078 167237 25721 141516 328161 111733 216428 40883 175545 115474 78709 52272 125282 143048 890999 134541 20293 185630 756458 60071 124145 84747 204070 55564 147183 118363 228079 33024
is_linear=0
shrinkage=0.12179


Tree=32
num_leaves=49
num_cat=0
split_feature=11 11 0 1 1 1 0 0 1 3 9 3 6 0 11 10 0 7 11 6 8 0 11 3 9 4 0 9 5 11 9 3 10 4 3 9 0 4 8 3 10 3 5 5 4 5 6 5
split_gain=198.761 95.4508 74.1534 108.735 99.5568 94.358 129.876 87.2055 87.692 81.5335 69.328 112.713 88.9983 82.477 70.1163 69.03 78.4106 127.164 67.537 66.3547 97.1046 61.4046 60.2299 59.143 55.0812 53.86 53.0204 161.249 50.9637 50.5027 48.6832 131.182 47.833 47.4751 44.0621 75.5964 44.7092 43.4595 42.7242 42.3682 41.0406 63.1156 39.9749 37.3374 36.6115 65.1325 43.6688 35.7508
threshold=0.91470375163982032 0.8283541372144082 6.5000000000000009 5.5000000000000009 2.5000000000000004 1.5000000000000002 5.5000000000000009 7.5000000000000009 2.5000000000000004 11.500000000000002 0.82099742410064558 19.500000000000004 79.500000000000014 8.5000000000000018 0.64236173662403184 0.82326400988857973 1.5000000000000002 208.50000000000003 0.97132064083509528 103.50000000000001 0.80235441454681389 3.5000000000000004 0.95558254798487596 13.500000000000002 0.85438756341070443 950.50000000000011 2.5000000000000004 0.8604297244941671 155.50000000000003 0.71174194272388014 0.73796475997026378 9.5000000000000018 0.80374404239962316 282.50000000000006 17.500000000000004 0.80058759343369668 5.5000000000000009 750.00000000000011 0.87366003285681904 15.500000000000002 0.88489682511167811 12.500000000000002 174.50000000000003 45.500000000000007 732.50000000000011 129.50000000000003 127.50000000000001 38.500000000000007
decision_type=2 2 2 2 2 2 2 2 2 2 2 2 2 2 2 2 2 2 2 2 2 2 2 2 2 2 2 2 2 2 2 2 2 2 2 2 2 2 2 2 2 2 2 2 2 2 2 2
left_child=1 10 3 4 5 6 -3 8 -4 -7 12 14 13 34 -12 -5 17 -17 21 -16 -21 -2 40 38 -25 -9 27 -6 33 -14 31 -31 -28 -15 35 -1 -36 -18 -10 -27 -23 47 -32 -13 46 -46 -45 -42
right_child=18 2 7 15 26 9 -8 25 23 -11 11 43 29 28 19 16 37 -19 -20 20 -22 22 -24 24 -26 39 32 -29 -30 30 42 -33 -34 -35 36 -37 -38 -39 -40 -41 41 -43 -44 44 45 -47 -48 -49
leaf_value=0.019215171317292154 0.0023176442859134793 0.00055877503900244349 0.030303109797365738 0.020757457826848427 0.011216148126762533 -0.002659540190833309 -0.033174667226910176 -0.00064378839378063414 0.02516280362550459 0.016476310868568333 -0.037601326606772574 -0.0220716212967495 -0.0079168094679918141 -0.04703711153079921 -0.0045126755939239463 -0.0040323881110812861 0.012307386223205543 -0.078242336617165217 0.047472121547043514 -0.047387754813560279 -0.011013430688380706 0.016289664725700388 0.038001003683659579 -0.012084512976758999 0.011816214625243491 0.0052888887709996325 0.0068212531017903541 -0.012186516090747694 -0.038016695222639799 0.04228740423923464 -0.0044002338672583614 0.0015903262208042026 -0.010547449767364624 0.013188390585187412 0.0075799235524502467 -0.00093616198571065104 -0.017218231508536758 -0.0020339870790709886 -0.0034152880067853247 0.028411980443125061 -0.10477278797395252 -0.0083561231377491454 0.0036521732393507587 0.032843977699062492 -0.16187061602977892 0.0064869748595362611 -0.01160083900801097 0.024143018297575966
leaf_weight=8851.1809948720038 11664.87864632532 13191.856675554067 3526.0990578066558 4318.8194296769798 8613.5813083052635 5018.0620249919593 1942.1179660372436 22975.53075973317 3390.1499094925821 9661.1071969754994 1121.1395181268454 480.91163343936205 19978.890442594886 246.29329331219196 44644.980252616107 4461.2549593038857 10667.70010815002 370.98017479479313 693.06079674325883 1182.8124472945929 13668.132811527699 9227.183112854138 1413.9792922269553 2867.4241912849247 2853.4777511693537 3532.4570487253368 2569.9337715990841 8858.0312852822244 912.07786623761058 1325.1269310750067 38971.512390825897 10357.09409686178 27718.070815091953 916.93110728636384 3232.7120681777596 4013.3502763658762 1618.2183303534985 4438.096095431596 1006.2525339256972 1761.4371595717967 32.563160190358758 2967.8361391089857 11947.939136177301 1870.9409299641848 34.480325609445572 2966.9252589046955 397.58924474567175 1584.8939380533993
leaf_count=59368 137964 107648 40068 36788 58931 51052 19728 241706 44722 76702 5118 2988 94842 1647 282173 34366 112628 2642 22847 6569 84590 163469 40743 22714 27693 39422 19193 61098 5610 10293 235184 54496 237019 6505 16371 23683 8437 43804 16011 14590 838 46337 65943 10863 173 18048 2140 42211
internal_value=2.4192e-05 -0.000850617 0.00145562 -0.000319062 -0.00254453 0.00297774 -0.00377018 0.0057673 0.0137639 0.00993474 -0.00281521 -0.00588117 -0.000827528 0.0065078 -0.00742709 0.00679793 0.00377412 -0.00972963 0.00993421 -0.00685849 -0.0139105 0.00896676 0.0140606 0.00799965 -0.000163282 0.00190797 -0.00599172 -0.0006489 -0.0164633 -0.00258547 -0.00088401 0.00620664 -0.00907372 0.000436649 0.00919878 0.0129286 -0.000692475 0.00809388 0.0186218 0.0129826 0.0116098 0.0021924 -0.00251079 0.0104136 0.0133781 0.00455287 0.0250544 0.0215476
internal_weight=340066 312482 143742 101830 77572.8 29813.1 15134 41912.8 13643.4 14679.2 168739 66367.9 102371 19790.8 60617.1 24256.9 19938 4832.24 27584.4 59495.9 14850.9 26891.3 15226.5 10117.3 5720.9 28269.4 47759.6 17471.6 2075.3 82580.6 62601.7 11682.2 30288 1163.22 17715.5 12864.5 4850.93 15105.8 4396.4 5293.89 13812.5 4585.29 50919.5 5750.85 5269.94 3001.41 2268.53 1617.46
internal_count=2757975 2303566 1308525 861599 631371 255130 127376 446926 151208 127754 995041 412662 582379 121621 378450 230228 193440 37008 454409 373332 91159 431562 293598 111140 50407 295718 376241 120029 13762 460758 365916 64789 256212 8152 107859 83051 24808 156432 60733 54012 252855 89386 301127 34212 31224 18221 13003 43049
is_linear=0
shrinkage=0.12179


Tree=33
num_leaves=49
num_cat=0
split_feature=11 2 5 11 7 2 2 2 7 1 2 5 13 3 2 9 2 2 11 9 2 5 2 7 6 9 1 9 1 6 5 3 9 11 11 2 7 5 2 9 5 2 7 11 10 2 9 1
split_gain=163.624 93.9827 153.265 90.0519 71.8382 78.1031 53.4452 53.2497 52.7844 50.8732 49.1677 52.1205 47.7418 72.4465 95.0993 46.2564 83.374 76.7651 36.8874 36.8808 36.3358 57.182 42.2458 40.762 35.6943 53.1112 43.7414 43.2057 50.5089 39.9649 35.6776 35.6276 35.2372 34.9019 32.6698 29.8285 45.5454 27.5095 27.2379 33.7355 25.7984 25.6467 25.2767 25.2547 25.0155 22.4332 22.0624 21.3678
threshold=0.853415170128069 1735.5000000000002 144.50000000000003 0.9494630246842638 24.500000000000004 2240.5000000000005 635.50000000000011 830.50000000000011 412.50000000000006 4.5000000000000009 2125.5000000000005 63.500000000000007 0.82070666663782021 1.5000000000000002 630.50000000000011 0.79913480369519829 1649.5000000000002 1945.5000000000002 0.90944715048657709 0.84545679980169808 1105.5000000000002 151.50000000000003 1614.5000000000002 253.50000000000003 59.500000000000007 0.86007267607723836 2.5000000000000004 0.8761605161949545 4.5000000000000009 202.50000000000003 30.500000000000004 1.5000000000000002 0.88294087857349679 0.70370662825095531 0.870355363467195 2249.5000000000005 20.500000000000004 47.500000000000007 740.50000000000011 0.73796475997026378 33.500000000000007 2155.5000000000005 263.50000000000006 0.98131335302099143 0.77413245550436538 1779.5000000000002 0.87564029177044966 4.5000000000000009
decision_type=2 2 2 2 2 2 2 2 2 2 2 2 2 2 2 2 2 2 2 2 2 2 2 2 2 2 2 2 2 2 2 2 2 2 2 2 2 2 2 2 2 2 2 2 2 2 2 2
left_child=4 3 10 12 7 6 42 31 15 -10 24 35 20 32 -15 16 -8 -17 -4 -16 23 34 -23 46 27 29 -27 45 -29 -26 -9 40 47 -32 -22 -12 -37 -33 -39 -40 -1 44 -6 -5 -35 -3 -2 -14
right_child=1 2 18 43 5 -7 8 30 9 -11 11 -13 13 14 19 17 -18 -19 -20 -21 21 22 -24 -25 25 26 -28 28 -30 -31 33 37 -34 41 -36 36 -38 38 39 -41 -42 -43 -44 -45 -46 -47 -48 -49
leaf_value=-0.12252532151899254 0.0022718137538990327 -0.012826271673965547 0.015598016483715791 0.021509736108733885 0.0081822591094470511 0.044793281721308198 0.0020941690261681808 -0.026361120040957399 -0.11097597665534217 0.056881755932051338 0.0042477422171694765 0.027764998354150708 -0.035214842302043789 0.030986371997409064 0.01022959852581448 -0.0062642889354547924 -0.0067673452693622462 0.0075145904104187613 0.049658303912688169 0.0038474261217429835 -0.18353389945407853 -0.010379473361639338 0.015855490192179193 -0.024708491153367568 -0.020152983279006539 0.016084060637327351 -0.0088379017082690012 -0.00033431515453820218 -0.0197796616283193 0.014543156795629595 -0.0096155203310608114 0.06566126162582743 0.043494039284608238 0.034959781282970774 -0.046730628618557743 -0.022138318860348033 -0.21317822613644688 0.032224828183781799 0.046542103919422907 -0.0083804357557210659 -0.006937778215833381 0.013830067115626034 0.045539328606241582 0.070840868792821574 0.0015416909466349998 0.0073288198676442927 0.018631955799331277 -0.09664066073428472
leaf_weight=31.455281496047974 3345.4127598553896 949.16979433223605 3691.918728351593 3805.8877618480474 3408.6611213572323 501.38790315017104 42728.306880123913 684.85163724422455 122.56120885908604 34.269266307353973 1987.8232222907245 1325.090623555705 209.85864268988371 2225.4642475135624 17840.166973961517 88944.035331796855 24940.808453306556 6430.9449931904674 540.70466092415154 54331.871805198491 28.488012351095676 5273.4768011942506 1100.4004441648722 622.25443606823683 7054.0399450790137 1468.2539418041706 3620.240460254252 4704.6511510014534 3422.842185119167 529.37587698549032 3710.483496055007 216.45276295393705 56.957767423242331 335.42881492525339 284.19267522543669 441.04685284942389 19.32135920971632 1197.125330939889 216.31438038498163 711.55506239831448 320.15202084928751 2869.2630766779184 291.64119157195091 160.41755781881511 35074.350937578827 5977.8719929791987 1926.846202975139 140.062649294734
leaf_count=204 37938 8908 30001 95155 33213 3982 266066 4476 725 234 18305 11410 1735 38755 183924 576488 123078 36918 6647 646602 260 50556 9320 6649 52925 13942 31501 51750 34613 3492 17227 2242 738 1892 2904 4451 186 13329 1792 5964 2703 18920 3460 5858 218693 52722 23856 1266
internal_value=2.73992e-05 0.00348518 -0.00181043 0.00555657 -0.00203788 -0.00320287 -0.00334706 0.00226087 -0.00367522 -0.0742971 -0.00473427 0.00830894 0.00474192 0.00590936 0.00618965 -0.00360729 -0.00117192 -0.00533521 0.0199491 0.00542503 -0.00219945 -0.00834473 -0.00585021 0.00477157 -0.00650931 -0.0112723 -0.00164682 -0.00250018 -0.0085236 -0.0177309 0.00121269 0.0188704 -0.0453416 0.00166242 -0.0591946 -0.00222171 -0.0301561 0.0242988 0.0200856 0.00442367 -0.0172784 0.00275562 0.0111266 0.0235049 0.00185825 0.00456709 0.00825094 -0.0598017
internal_weight=339854 127084 35732.4 91351.8 212770 167403 166901 45367.4 163201 156.83 31499.7 3773.28 87385.5 74804.4 74397.5 163044 67669.1 95375 4232.62 72172 12581.1 6686.56 6373.88 5894.51 27726.4 12671.9 5088.49 15054.5 8127.49 7583.42 42674.4 2693.05 406.879 41989.5 312.681 2448.19 460.368 2341.45 2124.99 927.869 351.607 38279 3700.3 3966.31 35409.8 6927.04 5272.26 349.921
internal_count=2757975 1426369 320853 1105516 1331606 1044164 1040182 287442 1003509 959 284205 34352 1004503 873020 869281 1002550 389144 613406 36648 830526 131483 63040 59876 68443 249853 101860 45443 147993 86363 56417 261208 26234 3739 256732 3164 22942 4637 23327 21085 7756 2907 239505 36673 101013 220585 61630 61794 3001
is_linear=0
shrinkage=0.12179


Tree=34
num_leaves=49
num_cat=0
split_feature=11 0 11 0 1 0 1 0 8 6 0 8 8 5 9 6 7 8 0 3 9 0 11 4 3 8 8 1 9 0 0 1 1 5 6 6 3 3 5 8 7 11 4 5 8 1 1 11
split_gain=135.662 91.365 86.9394 71.9712 168.683 166.067 161.159 306.068 114.764 102.783 93.9 90.0088 68.4684 79.0384 70.572 70.3305 61.4385 80.9624 60.7022 58.0686 52.1509 52.0893 52.0695 50.0942 49.4989 94.1152 58.898 54.4371 54.2812 85.7958 76.1926 97.811 64.6089 64.1803 53.2185 48.0602 48.3446 45.5366 44.4024 40.3091 39.9885 49.6012 70.2393 68.9903 40.3838 73.0707 45.0543 39.0289
threshold=0.93241067854718873 3.5000000000000004 0.84177785550517525 5.5000000000000009 4.5000000000000009 4.5000000000000009 3.5000000000000004 4.5000000000000009 0.82029770595515661 258.50000000000006 4.5000000000000009 0.84698799222000154 0.82029770595515661 345.50000000000006 0.73796475997026378 100.50000000000001 51.500000000000007 0.8622651991476401 2.5000000000000004 19.500000000000004 0.91962486091241469 7.5000000000000009 0.66519789554752429 1763.0000000000002 8.5000000000000018 0.90286652329037753 0.88637416310275396 4.5000000000000009 0.86888494061692756 5.5000000000000009 6.5000000000000009 2.5000000000000004 4.5000000000000009 45.500000000000007 25.500000000000004 11.500000000000002 10.500000000000002 16.500000000000004 260.50000000000006 0.88637416310275396 81.500000000000014 0.8045951883291389 954.50000000000011 236.50000000000003 0.80235441454681389 4.5000000000000009 4.5000000000000009 0.95558254798487596
decision_type=2 2 2 2 2 2 2 2 2 2 2 2 2 2 2 2 2 2 2 2 2 2 2 2 2 2 2 2 2 2 2 2 2 2 2 2 2 2 2 2 2 2 2 2 2 2 2 2
left_child=1 12 3 4 6 8 10 -8 -6 22 -3 -7 13 40 -14 16 -16 -18 20 -11 -2 -21 -5 37 25 26 27 -4 29 32 31 -30 -26 -32 -31 -22 -37 -17 -25 -24 44 43 -43 -42 45 -1 -46 -20
right_child=18 2 24 9 5 11 7 -9 -10 19 -12 -13 14 -15 15 23 17 -19 47 21 35 -23 39 38 28 -27 -28 -29 30 34 33 -33 -34 -35 -36 36 -38 -39 -40 -41 41 42 -44 -45 46 -47 -48 -49
leaf_value=0.0071163343015779564 0.0067048613222597019 0.011902482593634717 0.0032372046894132865 -0.017597520739833172 0.015725590384340103 0.019220418511624534 -0.041276746098826568 0.013144556965550769 -0.012156790463206339 0.0070849371718304721 -0.0063054001477959839 0.051952769304114903 0.028084991628827192 0.039427604046624973 0.0069031436149404012 -0.0012623258803269269 0.0043294125220288866 -0.0078674449964706121 0.013183373869356798 0.067266666029994135 0.010382953351267436 0.010552069741954963 -0.0031164226752381854 -0.096305831840293704 0.0067879006581316043 0.049127340811922597 -0.037736057566395538 0.020267068216470119 0.0094421941697265029 0.015341056973255605 -0.022305328386906874 -0.014075150571434986 0.024289507688345365 0.0081948083815757879 -0.00033301509246770286 0.0045558055735538776 -0.077284819165069338 -0.012003121970654815 -0.021695338106730376 -0.030599317024519623 -0.019757584056101691 -0.0012622328901746309 -0.027060757401138669 0.013633079916072117 -0.017296784209068369 -0.0098050975408228904 0.00017223130148065138 0.031871477732821098
leaf_weight=9014.2743141502142 2871.8094145487994 8552.6888122409582 7076.7491231709719 4066.3840294852853 4250.3432618528605 6111.5208167620003 3872.9985190778971 2536.9153907336295 4516.1644171439111 5198.4687300547957 8257.09439086169 1565.2380570583045 1234.5027919113636 546.29101694375277 18915.764273703098 16605.206751916558 15966.198009058833 16327.872928783298 6981.8606353215873 493.56785209476948 294.86002962477505 467.93144127726555 70149.476871531457 130.22205277532339 7658.6803529039025 903.11778369545937 397.48712794855237 4589.9490826260298 3585.1214612200856 3735.2377163805068 1124.265846002847 9776.8503644615412 5289.45416694507 11399.213212555274 22984.206771489233 155.8562843054533 341.96175746247172 9043.2994245439768 1293.5758855640888 800.62310976162553 10029.387572191656 9910.1740369722247 1858.9851029589772 1010.2763757258654 5399.1120166927576 6525.2491107434034 3684.1923318952322 2173.6440340606496
leaf_count=50185 40224 52325 104509 19014 25561 44684 21225 17470 29298 33054 56951 13660 7216 2719 144523 107107 102742 117755 136113 2850 4506 2607 467193 807 75832 22721 5913 72537 44435 39678 14080 107324 56622 138939 227147 2781 4374 49131 6507 6540 47219 59291 10810 4553 31001 37813 22534 65895
internal_value=2.85671e-05 -0.000453463 0.0011749 -0.000875259 0.00337689 0.0128151 -0.00330686 -0.0197379 0.00136167 -0.00295286 0.00295863 0.0258943 -0.00299968 -0.00663313 -0.000807376 -0.00126301 0.00139121 -0.00183732 0.0123183 0.0121704 -0.000928315 0.0396655 -0.00419471 -0.00628372 0.00433 0.0112053 0.00836642 0.00993715 0.00296998 0.00580103 -0.00136841 -0.00776526 0.0139375 0.00545673 0.00185814 -0.0285827 -0.0516623 -0.00504938 -0.0285193 -0.00342655 -0.00716363 -0.0108378 -0.00533721 -0.0167019 -0.00376012 1.08038e-05 -0.0102113 0.0176202
internal_weight=339674 326854 199360 120839 39663 16443.3 23219.7 6409.91 8766.51 81176.5 16809.8 7676.76 127495 47977.9 79516.6 78282.1 51209.8 32294.1 12820 6159.97 3664.49 961.499 75016.5 27072.3 78520.3 12967.3 12064.2 11666.7 65553 39667.6 25885.5 13362 12948.1 12523.5 26719.4 792.678 497.818 25648.5 1423.8 70950.1 47431.7 22808.8 11769.2 11039.7 24622.8 15539.5 9083.3 9155.5
internal_count=2757975 2504082 1702169 792432 261174 113203 147971 38695 54859 531258 109276 58344 801913 266125 535788 528572 365020 220497 253893 38511 51885 5457 492747 163552 909737 205680 182959 177046 704057 399279 304778 151759 132454 153019 266825 11661 7155 156238 7314 473733 263406 121873 70101 51772 141533 87998 53535 202008
is_linear=0
shrinkage=0.12179


Tree=35
num_leaves=49
num_cat=0
split_feature=0 11 2 3 2 2 10 9 7 9 10 4 2 4 5 2 0 7 5 4 5 4 4 5 4 0 7 11 9 7 2 0 9 9 9 0 2 2 2 5 4 2 7 10 9 2 7 2
split_gain=104.95 110.887 89.7517 68.9843 66.2333 72.1914 170.614 122.884 100.13 89.9528 58.0921 56.6694 55.3413 50.6279 99.1818 88.0658 52.3118 48.253 47.9737 59.8945 63.7011 47.5234 47.9958 46.0662 43.869 43.7572 55.996 37.9978 37.6227 35.6609 35.1362 34.3867 34.2881 32.8826 31.4037 35.5354 34.5418 31.0642 45.8315 30.6123 31.594 29.0379 33.8091 51.9542 28.4971 30.4421 28.3225 28.1849
threshold=3.5000000000000004 0.93464699411117602 635.50000000000011 1.5000000000000002 2155.5000000000005 1635.5000000000002 0.80740994692863011 0.76645112812423111 15.500000000000002 0.80526597431425417 0.88489682511167811 369.50000000000006 1344.5000000000002 296.50000000000006 70.500000000000014 1840.5000000000002 2.5000000000000004 16.500000000000004 90.500000000000014 499.50000000000006 106.50000000000001 872.50000000000011 960.00000000000011 66.500000000000014 1560.0000000000002 2.5000000000000004 81.500000000000014 0.81698138685972421 0.85693921189288269 5.5000000000000009 1345.5000000000002 6.5000000000000009 0.85797757626149773 0.89874539480046922 0.92083740632342559 2.5000000000000004 1050.5000000000002 1545.5000000000002 1525.5000000000002 69.500000000000014 222.50000000000003 1025.5000000000002 182.50000000000003 0.84303767075518621 0.76645112812423111 715.50000000000011 9.5000000000000018 2030.5000000000002
decision_type=2 2 2 2 2 2 2 2 2 2 2 2 2 2 2 2 2 2 2 2 2 2 2 2 2 2 2 2 2 2 2 2 2 2 2 2 2 2 2 2 2 2 2 2 2 2 2 2
left_child=13 2 3 29 5 8 9 -8 31 -7 33 -10 -12 15 34 25 39 24 37 47 -21 -5 -23 -6 44 41 28 46 -27 -2 -14 -4 -18 -3 -15 36 -36 38 -19 40 -17 42 43 -1 -16 -46 -26 -20
right_child=1 10 4 21 23 6 7 -9 11 -11 12 -13 30 14 17 16 32 18 19 20 -22 22 -24 -25 27 26 -28 -29 -30 -31 -32 -33 -34 -35 35 -37 -38 -39 -40 -41 -42 -43 -44 -45 45 -47 -48 -49
leaf_value=-0.02018826548632463 -0.03938744128548205 0.018818932621790591 0.019103853889180997 0.03299859605048306 -0.001387907742065422 -0.0046907854804792712 -0.019396843443259218 -0.0028458233084680245 0.0067308162461646092 0.016567371615758553 0.023703827495620933 -3.4675414453272309e-05 -0.2133370282031585 -0.016746317221534086 0.024634474279728528 0.0032684691441917844 -0.03675020569199472 -0.0066104256095563018 0.008602816590788414 -0.01434674862779819 -0.0020185158742864074 -0.046212954794730268 0.019181946747696649 0.025767359720949477 -0.065697318843180544 -0.0023917603665718971 -0.014477658997630399 0.0083691230691610059 0.019853831934606967 0.011859070095211225 -0.0085186293058963358 0.0064868497114683897 -0.0079055875271703616 0.043329903774196724 0.0015219902008989259 -0.004822701944852811 -0.09401388330713957 -0.016373209082738927 0.049993887990349505 0.027689987044674128 -0.018599848428440178 0.013438121869116406 0.02931980403659782 0.008983000406224944 0.034545394810130241 0.0032559400325168665 -0.015054089847365108 0.05522262310494027
leaf_weight=1502.7696923427284 400.42812219262123 1951.5701290331781 6506.1925236117095 2876.2589531093836 1408.5973546542227 4262.5512872636318 7629.6922336220741 52018.153899401426 23705.819167170674 9606.247647549957 1325.0273997318 81498.339001618326 12.524181162938474 4822.5080049876124 1265.6651189997792 2497.4592173397541 1376.5923813357949 8893.8607560005039 4860.3599013276398 6933.1146927084774 60170.88186868839 239.8720636703074 544.01198503002524 2707.9705410003662 281.29315306246281 2708.3299251031131 3000.979004368186 490.0272327773273 1932.1733932886273 405.24689042940736 1542.7478303536773 6312.9002622868866 1099.5057714246213 1390.0955217583105 72.22462379001081 176.53327233158052 251.9819631241262 6317.9180351216346 217.35600946471095 463.96505954861641 1612.7121818698943 10160.591790722683 565.45859187468886 2278.8574692048132 489.27694357559085 8040.3307683356106 392.14878113567829 200.27775059640408
leaf_count=11601 4055 43349 66638 48447 12099 20001 34537 385313 278054 57439 43023 710981 386 37942 6472 16283 7471 70288 33339 45626 351911 2840 6593 22418 1413 18984 21162 3794 20598 5463 30155 65842 7961 37714 1171 2448 2369 39396 1402 2652 10316 76041 4340 25643 5050 53351 1889 1126
internal_value=0.000358152 0.00207798 0.00158016 0.018652 0.0011905 0.000861997 -0.00213381 -0.0049629 0.00272809 0.0100337 0.0180897 0.0014898 0.00541411 -0.00230859 -0.00356805 0.00217192 -0.00968314 -0.00269342 -0.00364662 -0.00232872 -0.00329226 0.0257538 -0.000829189 0.0164754 0.00492552 0.00594548 -0.00151329 -0.0174328 0.00687067 -0.0136109 -0.010168 0.0128905 -0.0239418 0.0290152 -0.0197606 -0.0487903 -0.072731 -0.00981068 -0.00526008 -0.00196456 -0.00531203 0.00987416 0.00154398 -0.00260928 0.00758122 0.00505077 -0.0362075 0.0104478
internal_weight=339419 206344 200122 4465.82 195656 191540 73516.6 59647.8 118023 13868.8 6221.97 105204 2880.3 133075 103876 29199.4 7050.23 98552.5 87593.8 72164.6 67104 3660.14 783.884 4116.57 10958.7 22149.2 7641.48 1163.47 4640.5 805.675 1555.27 12819.1 2476.1 3341.67 5323.25 500.74 324.207 15429.1 9111.22 4574.14 4110.17 14507.7 4347.09 3781.63 9795.27 8529.61 673.442 5060.64
internal_count=2757386 1875347 1720720 67398 1653322 1618805 497290 419850 1121515 77440 154627 989035 73564 882039 658987 223052 44683 615057 543088 432002 397537 57880 9433 34517 71969 178369 60744 7096 39582 9518 30541 132480 15432 81063 43930 5988 3540 111086 71690 29251 26599 117625 41584 37244 64873 58401 3302 34465
is_linear=0
shrinkage=0.12179


Tree=36
num_leaves=49
num_cat=0
split_feature=2 7 2 6 6 0 8 8 9 7 8 9 2 0 0 0 0 2 4 3 9 2 2 5 2 7 4 4 0 5 9 5 7 11 4 8 6 0 0 5 9 9 6 2 8 9 6 7
split_gain=82.3641 82.1229 107.999 94.5564 85.0528 124.344 93.1725 90.6265 196.981 89.5387 75.1139 68.1585 94.9851 95.0533 92.2564 87.0806 68.084 57.0696 55.382 53.4848 52.9405 48.2805 41.56 107.545 72.461 38.6205 34.0744 33.0564 86.3848 32.7128 28.9935 28.4188 41.7006 27.4286 26.5692 26.4263 38.4527 27.0094 25.7787 24.9357 23.9275 23.8136 22.3652 22.3492 22.3337 21.7162 21.4531 21.9354
threshold=635.50000000000011 15.500000000000002 2237.0000000000005 93.500000000000014 210.50000000000003 8.5000000000000018 0.84698799222000154 0.80235441454681389 0.73796475997026378 186.50000000000003 0.90286652329037753 0.84545679980169808 1510.5000000000002 5.5000000000000009 4.5000000000000009 6.5000000000000009 7.5000000000000009 715.50000000000011 1209.0000000000002 1.5000000000000002 0.78902747439572751 613.50000000000011 1855.5000000000002 69.500000000000014 2120.5000000000005 7.5000000000000009 689.50000000000011 1136.0000000000002 1.5000000000000002 101.50000000000001 0.84002448854272027 63.500000000000007 20.500000000000004 0.6992101632184492 222.50000000000003 0.88637416310275396 141.50000000000003 7.5000000000000009 3.5000000000000004 275.50000000000006 0.78902747439572751 0.93422598073760876 18.500000000000004 2049.5000000000005 0.88637416310275396 0.80526597431425417 25.500000000000004 142.50000000000003
decision_type=2 2 2 2 2 2 2 2 2 2 2 2 2 2 2 2 2 2 2 2 2 2 2 2 2 2 2 2 2 2 2 2 2 2 2 2 2 2 2 2 2 2 2 2 2 2 2 2
left_child=10 17 3 11 7 6 -6 9 -9 -5 19 12 14 -14 -3 18 -17 -2 -13 25 -7 38 27 24 34 -1 46 35 39 -28 -26 32 -4 -25 -24 36 -19 -37 -21 -29 -31 -40 -27 -35 -44 -30 -23 -48
right_child=1 2 31 4 5 20 -8 8 -10 -11 -12 15 13 -15 -16 16 -18 22 -20 21 -22 26 23 33 30 42 29 28 45 40 -32 -33 -34 43 -36 37 -38 -39 41 -41 -42 -43 44 -45 -46 -47 47 -49
leaf_value=-0.030658169853029566 0.036345560805781094 0.0031112653105627181 0.032662542776096003 -0.010678299621785774 -0.0024813012106907925 -0.0028917525308514726 0.028289345073230224 0.032679871107486026 -0.0047202566669720713 -0.040900137818716459 0.079155973180372569 -0.0016398781601170544 0.0056063317045178416 -0.010361392126622087 0.017533524043344087 0.012882212611546316 0.00086218484744577273 0.013654779649841322 -0.011737437955339129 0.014902083301635578 0.032642969691691198 0.0026607765193086609 -0.014574148673434458 -0.021344920458499145 0.013689591357900785 0.029054157861119735 -0.19894715383501763 -0.041467927250543019 -0.010257326408457597 0.036523467498787474 -0.0079208968498019217 0.043131812285974326 -0.16313689517477625 0.0037815199589366481 -0.034702778924778598 0.0019187844211126402 0.0041509945104790469 -0.031660971278918669 0.042391554535958179 -0.11282043105906392 -0.010455670440974998 -0.15651882247149237 -0.0054780447754774891 0.016222777653392518 -0.12975485391271627 0.014093570577653905 0.017806824289129206 0.05402115092291436
leaf_weight=726.77081662788987 829.64309662766755 14332.314673211426 45.405512128025293 14432.353044822812 25669.244059689343 821.07896600663662 1547.6054909508675 2152.9562702067196 70102.85765004158 1617.001566734165 242.49503523577005 72655.13203733135 13385.473691355437 9422.0957764796913 12161.083148868755 10311.3886390673 21697.338345744647 13437.403626305982 9061.5141961220652 1015.6672310195863 2563.2551999166608 1077.6961297020316 2556.8183378931135 437.71015973389149 1580.406493190676 386.5016976967454 13.016573518514631 230.01054978370667 1050.8927323557436 181.56510468199849 2206.5436744708568 999.01511858403683 25.02668235078454 4346.7817184962332 1569.9203335903585 1918.5661672502756 11913.138243623078 436.0359057020396 1251.9866570308805 106.18671111017466 1406.6114486120641 8.9916445761919004 299.93702097609639 4221.7691850960255 23.100649014115334 1124.4706994816661 1246.1116063352674 309.75682201981544
leaf_count=6875 12115 96629 411 82194 150886 4629 11430 12521 508667 9165 7478 660127 77128 57343 116582 125186 247368 131203 68006 9899 16626 16286 17737 1890 10346 4820 102 1287 6302 1542 19169 8251 212 28669 11221 24491 84840 7330 21209 504 14597 203 3115 30356 221 8038 18240 3940
internal_value=0.000319306 2.07457e-05 -0.000769064 -0.000915596 -0.00352721 0.00200599 -0.00073162 -0.00544468 -0.00360587 -0.0137232 0.0123842 0.000989237 0.00477142 -0.000990137 0.00973142 -0.000650373 0.00473435 0.00468064 -0.00275959 0.0103469 0.0240218 0.0150393 0.00412331 -0.00070942 -0.0110678 -0.0109255 0.00734987 0.00682942 -0.00654957 -0.00666084 0.0010978 0.0378603 -0.0369109 0.00839231 -0.0222316 0.00804227 0.00918861 -0.00429967 0.0293422 -0.0640044 -0.00508487 0.0409732 0.00928629 0.00991139 -0.0143652 0.00232994 0.0158683 0.0250167
internal_weight=339159 330968 283002 281933 118906 30601.2 27216.8 88305.2 72255.8 16049.4 8190.21 163026 49301 22807.6 26493.4 113725 32008.7 47966.3 81716.6 7947.71 3384.33 6511.4 47136.7 16919.9 7913.69 1436.31 4234.76 30216.7 2511.56 1601.19 3786.95 1069.45 70.4322 9006.26 4126.74 27705.1 25350.5 2354.6 2276.65 336.197 1588.18 1260.98 709.539 8568.55 323.038 2175.36 2633.56 1555.87
internal_count=2757386 2648859 2253361 2244487 796118 183571 162316 612547 521188 91359 108527 1448369 347682 134471 213211 1100687 372554 395498 728133 101049 21255 86018 383383 119388 58473 15031 54707 263995 16131 16241 29515 8874 623 60915 28958 247864 216043 31821 31311 1791 16139 21412 8156 59025 3336 14340 38466 22180
is_linear=0
shrinkage=0.12179


Tree=37
num_leaves=49
num_cat=0
split_feature=1 1 2 1 10 11 7 1 7 7 1 2 2 9 9 4 7 7 2 5 7 1 7 9 9 10 9 9 9 9 5 7 5 9 2 10 9 9 7 10 1 7 10 2 3 2 9 9
split_gain=87.9319 143.564 97.2096 126.561 105.166 93.8512 83.3154 158.407 110.074 88.2503 74.5816 261.548 111.405 109.01 198.247 85.399 69.2944 75.4572 67.4262 105.456 63.1639 62.422 92.9582 90.2836 112.123 77.607 76.3722 91.2598 61.2929 60.4812 56.7936 53.7513 53.209 52.6524 51.8275 51.4076 50.4609 50.0121 48.9222 47.62 45.9695 44.3157 43.2736 41.0864 40.5619 39.4882 38.337 58.8262
threshold=5.5000000000000009 3.5000000000000004 930.50000000000011 6.5000000000000009 0.80374404239962316 0.9201767990074442 255.50000000000003 4.5000000000000009 316.50000000000006 253.50000000000003 6.5000000000000009 1720.5000000000002 1635.5000000000002 0.78042915279319292 0.79225961247450971 750.00000000000011 223.50000000000003 234.50000000000003 1635.5000000000002 97.500000000000014 162.50000000000003 1.5000000000000002 167.50000000000003 0.82099742410064558 0.84545679980169808 0.83715558595118622 0.80058759343369668 0.78902747439572751 0.78902747439572751 0.73796475997026378 170.50000000000003 255.50000000000003 123.50000000000001 0.73796475997026378 855.50000000000011 0.84494585239523412 0.8753222560433479 0.76645112812423111 16.500000000000004 0.82326400988857973 2.5000000000000004 206.50000000000003 0.78012351836885896 1120.5000000000002 1.5000000000000002 800.50000000000011 0.78042915279319292 0.79615732005208406
decision_type=2 2 2 2 2 2 2 2 2 2 2 2 2 2 2 2 2 2 2 2 2 2 2 2 2 2 2 2 2 2 2 2 2 2 2 2 2 2 2 2 2 2 2 2 2 2 2 2
left_child=1 5 3 30 -4 21 9 8 -8 18 11 15 16 -13 -15 32 43 -18 38 -20 46 22 26 28 -25 -24 27 -1 29 -23 -2 33 -6 -14 -11 45 -27 -21 44 -22 -30 -40 -26 -12 -3 -10 -5 -48
right_child=2 6 4 20 10 -7 7 -9 35 34 12 13 31 14 -16 -17 17 -19 19 37 39 23 25 24 42 36 -28 -29 40 -31 -32 -33 -34 -35 -36 -37 -38 -39 41 -41 -42 -43 -44 -45 -46 -47 47 -49
leaf_value=0.0031276863855858607 0.0084837398683197309 -0.037478697529042225 0.011638363867900446 0.060903807583702764 0.00048035842870196527 0.013298323423146097 0.0074230741652881998 0.035441046192283936 -0.034588322583381841 0.039569018336190302 0.017330486397339289 0.052667374241780217 -0.035051274351772146 -0.03963208281869559 0.02328143045894733 -0.015245620897623345 -0.14043811299499323 -0.018477282834068704 -0.015037478973308671 -0.019701812016724021 -0.011298406577702076 0.010253605505067662 -0.0064328432571032507 -0.0096655516614311821 -0.0072279058844897668 -0.021078150272937041 0.0036772201392339257 -0.01585026711386147 0.017026980030976711 -0.0053539581448246347 -0.013812617576804326 -0.077219170937628409 0.040140520712409235 -0.0092042202220780651 -0.15855142780044704 0.019236259992630639 -0.058434194653925284 -0.00041351817908188591 -0.0045158008990783321 0.03124388706702038 0.0059054326107965309 0.010377775552954962 0.0043047839528846795 0.0013200899354833561 0.0082528432507135291 -0.10012083512169662 -0.002416422902106538 0.034056687143460496
leaf_weight=6824.7322170622647 6591.8932931935415 298.79515121877193 12838.407862018794 582.58619237318635 9456.0518370456994 9521.2133292816579 1464.5595540255308 2176.6577405333519 265.84174797683954 25.370464824140072 3005.2373792175204 1417.4862810522318 1284.2534193992615 846.23390916734934 6084.8291666284204 6629.2958079911768 81.933460988104343 921.83482583239675 19851.354071315378 2241.9964927360415 1064.7983539551497 6414.0464854836464 4600.6003101840615 14542.677784487605 5573.0443351566792 1636.1861311681569 24393.578024085611 8365.0235539898276 10839.217161074281 8648.3301148526371 2280.8757212962955 187.14639557152987 529.87792422808707 13026.980084512383 85.883498273789883 122.00334158912301 797.9253315590322 18020.30124165304 50465.290433150716 616.08052114583552 11217.903693392873 3148.1975954286754 35999.652270158753 11381.386562721804 7732.2681909883395 280.07936001569033 793.49420393630862 3782.9494508262724
leaf_count=38414 79163 2847 79606 5305 102146 176469 11583 16996 2262 194 33434 7767 6055 5116 55383 50756 674 6962 133096 9687 10651 34836 31027 109378 34731 12118 202409 51694 70351 50646 19061 1201 4282 98701 569 1280 7487 103607 425844 7482 70352 24166 321713 104044 72580 2158 7797 53306
internal_value=0.000285311 -0.000835323 0.00371899 0.012349 0.00171575 0.00159842 -0.00425915 0.0123284 -0.0112631 -0.00496082 -0.000606666 0.00430724 -0.00471087 0.0218937 0.0156001 -0.00452933 0.00250592 -0.0284324 -0.00484229 -0.00872864 0.0247982 0.000801884 -0.0028369 0.0026213 -0.000461081 -0.0157375 -0.000544211 -0.0073235 0.00728108 0.00129225 0.00275213 -0.0123717 0.00258482 -0.0115237 -0.113372 -0.0522363 -0.0333238 -0.00254774 -0.00231335 0.00429432 0.0113707 -0.00364125 0.00275876 0.00466452 0.0065514 -0.0682091 0.0314786 0.0277327
internal_weight=338956 255553 83403.6 15712.7 67691 149374 106179 4309.14 2132.48 101869 54852.5 24963.8 29888.8 8348.55 6931.06 16615.2 15390.4 1003.77 101758 40113.7 6839.91 139853 46618 93234.9 56115.4 7034.71 39583.3 15189.8 37119.5 15062.4 8872.77 14498.4 9985.93 14311.2 111.254 667.924 2434.11 20262.3 61644.6 1680.88 22057.1 53613.5 41572.7 14386.6 8031.06 545.921 5159.03 4576.44
internal_count=2757386 2018494 738892 182765 556127 1211625 806869 34279 17283 772590 476521 225450 251071 68266 60499 157184 145114 7636 771827 246390 84541 1035156 343149 692007 465822 50632 292517 90108 226185 85482 98224 105957 106428 104756 763 5700 19605 113294 525437 18133 140703 450010 356444 137478 75427 4420 66408 61103
is_linear=0
shrinkage=0.12179


Tree=38
num_leaves=49
num_cat=0
split_feature=1 1 8 6 8 3 7 1 7 8 3 1 3 7 1 8 6 10 7 10 3 8 9 4 4 7 6 9 8 3 6 3 8 12 8 9 3 6 1 6 6 3 9 6 10 10 9 7
split_gain=68.2638 110.46 103.31 99.5608 90.9614 78.8223 74.953 122.487 86.7508 60.8872 106.668 81.3369 60.5195 60.1654 60.8965 118.115 70.536 58.3408 57.2498 56.6287 74.414 60.036 54.8117 49.3382 48.7313 47.7194 47.6315 45.4972 54.2445 45.5485 45.49 45.0503 44.3758 43.1007 39.906 39.3475 37.7564 50.8977 46.8689 45.2538 44.1372 36.1054 35.1416 35.0361 34.4022 62.0311 50.8311 60.9036
threshold=5.5000000000000009 3.5000000000000004 0.84698799222000154 213.50000000000003 0.90286652329037753 7.5000000000000009 255.50000000000003 4.5000000000000009 287.50000000000006 0.88637416310275396 9.5000000000000018 6.5000000000000009 15.500000000000002 253.50000000000003 4.5000000000000009 0.90286652329037753 97.500000000000014 0.84494585239523412 25.500000000000004 0.80374404239962316 8.5000000000000018 0.83205873009260178 0.86746728588673061 1621.0000000000002 1328.5000000000002 273.50000000000006 55.500000000000007 0.78902747439572751 0.82029770595515661 17.500000000000004 142.50000000000003 16.500000000000004 0.90286652329037753 0.80389237169954297 0.90286652329037753 0.91888412017167387 11.500000000000002 314.50000000000006 4.5000000000000009 256.50000000000006 248.50000000000003 8.5000000000000018 0.78902747439572751 105.50000000000001 0.83715558595118622 0.78196678439231604 0.82330547300850088 92.500000000000014
decision_type=2 2 2 2 2 2 2 2 2 2 2 2 2 2 2 2 2 2 2 2 2 2 2 2 2 2 2 2 2 2 2 2 2 2 2 2 2 2 2 2 2 2 2 2 2 2 2 2
left_child=1 4 19 6 18 -6 13 8 25 24 32 12 -12 14 16 -16 -3 -10 30 -2 21 -21 -7 -23 -4 -8 35 28 29 -22 33 -13 -11 43 -33 -24 38 -38 39 -5 -40 -15 -41 -1 45 -20 -46 -48
right_child=2 3 9 36 5 22 7 -9 17 10 11 31 -14 41 15 -17 -18 -19 44 20 27 23 26 -25 -26 -27 -28 -29 -30 -31 -32 34 -34 -35 -36 -37 37 -39 40 42 -42 -43 -44 -45 46 -47 47 -49
leaf_value=-0.0038148628100974158 0.0069594639504326561 0.001126425616057811 0.014107666656100415 0.017540397184378685 0.057983381911316786 -0.012838935486122371 -0.0039852366515000575 0.032345868243445625 -0.051019427769962676 -0.0083813534511345319 -0.010515791899956085 -0.0069742920270431386 0.030249592407128045 0.035770948107610293 -0.0068869592933964328 -0.029391608416670909 -0.0089654130661188467 0.016797549938474571 -0.0048782337542137054 0.0012468021058906636 -0.010224325161355954 0.033006885387379725 0.0036400172999384935 -0.026210593469968058 -0.0026287346760797388 0.051458859746187802 0.032877511951307559 -0.0068162403300528092 0.018776600637029534 0.012368704699026378 -0.00087654439583159216 0.011342028132103386 0.056149670527023611 0.01319835964045365 -0.045744059826150943 0.034126297661169543 -0.0016419876778927243 0.03279358723826864 0.015435258007966253 0.026308875866655347 0.052450470699172663 -0.13077842665870057 -0.034536219312751311 0.01394298072947577 0.0016275192195761962 0.0045034667352978307 -0.00079958203909025107 -0.011006034497038769
leaf_weight=5380.5606903880835 13555.186543997377 29158.079933303408 20171.99705173634 1282.9235542006791 564.22093389928341 1219.0081120114774 656.71617569029331 2030.3757196627557 783.9783613756299 214.87523770518601 1100.0076739322394 1509.2527359221131 1061.3780860565603 24.692089915275574 42274.359304262325 3767.5291697354987 15860.90735241957 247.57291690632701 14840.639076467603 3848.122989743948 4009.1753472611308 1929.8489292319864 3689.0762605722994 233.99522661231458 2959.0422778371722 354.56931433826685 1684.5708700530231 26140.418244332075 2440.88870742172 1975.8730634227395 11413.79430019483 213.71468475088477 597.82646052725613 12404.465050993487 1210.0357330162078 756.77456072065979 6387.8011446483433 707.13349413871765 1241.4090642668307 185.65779815986753 776.82161093130708 88.520935043692589 582.67825483158231 2375.6141568385065 24695.118604186922 35363.256304200739 18450.764625668526 16362.151471015066
leaf_count=39214 88850 247289 220808 8862 14707 12418 4780 16399 6001 3212 16456 19971 13468 194 314463 38539 105722 2431 86536 43131 23334 24146 54158 2303 23692 3426 21343 205977 15601 10011 76550 2018 14292 123327 11622 15271 34125 4171 8748 1236 5463 542 4478 15105 161572 237599 190067 163758
internal_value=0.000257081 -0.000729067 0.00328781 -0.00372694 0.00140906 0.0141153 -0.00500235 0.0111615 -0.00989357 0.00914842 -0.00188728 -0.008424 0.00950261 -0.00572448 -0.00561416 -0.00872848 -0.00242909 -0.0347433 0.000697368 0.000144087 -0.00213259 0.0103731 0.0107475 0.0266032 0.0119667 0.0154542 0.0154376 -0.00430765 0.00347492 -0.00276558 0.00526727 -0.0216345 0.0390879 0.00874554 -0.037175 0.0088294 0.00715405 0.00179012 0.0165058 0.00354121 0.0296825 -0.0944535 -0.0198338 0.00162413 -0.000617821 0.00173017 -0.0025987 -0.00559664
internal_weight=338783 255612 83171.6 106412 149200 7913.65 95247.3 4073.21 2042.84 29038.1 5907.09 5094.39 2161.39 91174.1 91060.9 46041.9 45019 1031.55 141286 54133.5 40578.3 6011.97 7349.43 2163.84 23131 1011.29 6130.42 34566.4 8425.94 5985.05 31574.4 2933 812.702 20160.6 1423.75 4445.85 11164.4 7094.93 4069.49 2051.26 2018.23 113.213 768.336 7756.17 109712 50203.9 59508 34812.9
internal_count=2757386 2018494 738892 806869 1211625 117897 739786 33037 16638 325539 81039 63535 29924 706749 706013 353002 353011 8432 1093728 413353 324503 69580 103190 26449 244500 8206 90772 254923 48946 33345 254196 33611 17504 177646 13640 69429 67083 38296 28787 14576 14211 736 5714 54319 839532 324135 515397 353825
is_linear=0
shrinkage=0.12179


Tree=39
num_leaves=49
num_cat=0
split_feature=0 11 8 5 2 5 2 9 10 10 1 0 9 1 0 9 11 8 1 8 10 9 9 11 2 0 10 4 4 9 4 2 2 9 8 10 2 4 4 9 9 8 9 10 2 9 0 0
split_gain=76.0091 88.0315 68.4166 68.9241 63.318 122.14 95.0399 148.834 96.181 91.7242 86.7618 82.4128 94.9712 80.9485 231.128 66.8122 55.4829 54.2874 144.869 94.717 133.057 113.543 84.0247 83.8637 68.9359 66.7648 139.049 115.716 54.2675 53.7102 52.7111 50.0563 48.7653 136.858 75.0204 47.0491 60.8349 46.4591 44.1523 43.9847 50.3879 159.239 78.3295 41.6012 74.5784 51.1008 65.1003 43.2117
threshold=3.5000000000000004 0.88504775507428046 0.82029770595515661 241.50000000000003 1950.5000000000002 77.500000000000014 1655.5000000000002 0.76645112812423111 0.81495052016112302 0.77089915842315093 6.5000000000000009 6.5000000000000009 0.79225961247450971 3.5000000000000004 4.5000000000000009 0.79913480369519829 0.95558254798487596 0.8622651991476401 1.5000000000000002 0.84698799222000154 0.84443425531645178 0.79225961247450971 0.82099742410064558 0.83804936900361948 2055.5000000000005 2.5000000000000004 0.81587038644466536 1122.0000000000002 408.50000000000006 0.76645112812423111 1039.0000000000002 2055.5000000000005 1725.5000000000002 0.73796475997026378 0.80235441454681389 0.80374404239962316 2110.5000000000005 2073.5000000000005 1573.5000000000002 0.73796475997026378 0.79225961247450971 0.83205873009260178 0.79615732005208406 0.88428741174235859 1340.5000000000002 0.88342609878221923 6.5000000000000009 4.5000000000000009
decision_type=2 2 2 2 2 2 2 2 2 2 2 2 2 2 2 2 2 2 2 2 2 2 2 2 2 2 2 2 2 2 2 2 2 2 2 2 2 2 2 2 2 2 2 2 2 2 2 2
left_child=2 4 3 31 6 28 10 32 9 -9 13 30 -13 29 -15 -10 43 18 19 20 -4 -22 -19 25 37 27 -27 -20 35 -2 -12 38 34 -34 -8 -6 -37 -24 -1 -7 41 -41 -42 -3 47 -46 -47 -45
right_child=1 16 17 -5 5 39 7 8 15 -11 11 12 -14 14 -16 -17 -18 22 23 -21 21 -23 24 -25 -26 26 -28 -29 -30 -31 -32 -33 33 -35 -36 36 -38 -39 -40 40 42 -43 -44 44 45 46 -48 -49
leaf_value=-0.0054085480919066542 0.015317365509977823 0.0083748946061491959 -0.00033517717317293241 0.010186443286325677 0.020216681650506527 0.032339255546202636 -0.056094264347069357 -0.0218926206278173 0.0020761714055630991 0.013738551681671561 0.027742590248332318 -0.021525932824438907 0.010571340339272144 -0.020086635126095292 0.00098246234934251729 -0.010907855586763307 0.028931779053357573 0.013611062578311482 0.01419134532960676 0.022691741522744651 0.0018690392170820885 -0.054860083662696506 -0.0050587426579665144 0.013744101561777492 0.016015554504315226 -0.027921968734395754 0.0069439746711282913 -0.011062206640150592 -0.068377772056506678 0.002324520818294297 0.0031383376761749027 -0.024287110233166358 0.0024140780871601698 -0.044249107345311553 0.0016621889964030068 -0.019887985991169078 0.0055872495192103274 -0.031684819285097261 -0.030215843860698945 0.016796375061180355 0.036935316922644124 -0.03852939470178926 0.0095924052997070301 -0.015245927278611236 -7.9339623184412176e-05 -0.041350986604538349 -0.00016381973896134106 0.02001818471600152
leaf_weight=41389.65073877573 5332.4762953259051 27320.412423934788 2529.4399973191321 3748.5369762070477 960.37761231511831 1582.2040311917663 1270.3424462527037 1252.0370798408985 9187.071692712605 7437.1364727094769 4542.31972040236 1916.6901029087603 4770.6763846687973 9716.2310818340629 37644.472146503627 16322.231835886836 1635.956365856342 4176.3700923509896 8931.0617537498474 891.12539634108543 719.06466651707888 1922.4090168569237 37444.061717037112 13838.562710402533 2286.7827839627862 3012.706422843039 3883.8597874194384 3852.2016113474965 204.71609196066856 41034.410660583526 1804.6411082223058 2355.2042655572295 2323.9112083241343 1556.8076346665621 452.3668018579483 3233.1704749688506 2439.4539883583784 997.93160022050142 1092.2635594978929 2307.5743465945125 1986.2972195595503 1159.3034561127424 7140.6800655946136 636.75214218720794 3389.6392209231853 1316.3374740071595 1002.9011141899973 2704.7779681291431
leaf_count=235643 35467 403597 13644 19028 6069 7387 5357 6156 50626 42540 45384 14021 46669 67655 318730 110381 56634 26622 50378 5930 3944 14001 306172 112874 15830 14867 20183 19382 1184 350965 15014 12789 10320 7042 2126 20796 18225 5100 5652 12556 12081 6626 50498 12899 40928 16158 16009 65247
internal_value=0.000231229 0.00169918 -0.00203664 -0.00567819 0.000498969 0.00675109 -0.000397437 -0.00547677 -0.00246214 0.0086044 0.00149619 0.0108063 0.00137183 0.000201464 -0.00333994 -0.00623171 0.00699108 5.75348e-05 0.00334587 -0.0139798 -0.0202996 -0.0394172 -0.00284088 0.00647935 -0.00452788 0.00137088 -0.00828692 0.00658126 -0.00661826 0.00381878 0.0207468 -0.00700452 -0.0238754 -0.0163055 -0.040928 -0.00471216 -0.00893262 -0.00574994 -0.00604637 0.0131997 0.0107951 -0.00170424 0.015543 0.00600419 -0.00115224 -0.00961048 -0.0235405 0.0132984
internal_weight=338656 205584 133071 48585.7 167578 21013.8 146564 39801.9 34198.5 8689.17 106762 13034.3 6687.37 93727.6 47360.7 25509.3 38006.8 84485.6 39580.4 6062.04 5170.91 2641.47 44905.1 33518.4 40728.8 19679.8 6896.57 12783.3 6837.72 46366.9 6346.96 44837.1 5603.43 3880.72 1722.71 6633 5672.62 38442 42481.9 14176.1 12593.9 3466.88 9126.98 36370.8 9050.41 5708.88 2319.24 3341.53
internal_count=2757386 1875347 882039 273112 1263875 135422 1128453 234548 209703 48696 893905 121088 60690 772817 386385 161007 611472 608927 255203 37519 31589 17945 353724 217684 327102 104810 35050 69760 46274 386432 60398 254084 24845 17362 7483 45090 39021 311272 241295 89148 81761 19182 62579 554838 151241 73095 32167 78146
is_linear=0
shrinkage=0.12179


Tree=40
num_leaves=49
num_cat=0
split_feature=11 11 11 11 5 2 10 9 2 2 10 10 2 2 0 8 9 8 9 9 7 2 2 0 6 6 9 2 0 7 2 8 10 10 10 2 1 7 5 2 2 7 7 1 6 0 10 1
split_gain=86.7323 51.5314 35.0175 33.6073 33.4473 64.0048 76.6167 83.6183 77.5391 70.3747 119.749 84.7316 64.1414 62.3068 71.3292 55.7808 49.2829 58.7839 54.7018 40.2871 39.0233 34.9668 34.0239 33.9351 31.6763 52.7173 34.5523 40.4795 37.8365 31.8183 30.8776 46.5248 38.3752 68.8056 33.7584 59.3461 50.1102 58.0423 31.7247 44.147 57.4128 36.3387 30.9519 30.8939 30.703 29.7849 40.3023 48.0691
threshold=0.82351295763060472 0.93464699411117602 0.98131335302099143 0.60832460550202494 103.50000000000001 1505.5000000000002 0.76309959923814097 0.73796475997026378 945.50000000000011 1844.5000000000002 0.77089915842315093 0.7836894369319739 1079.5000000000002 2000.5000000000002 4.5000000000000009 0.8622651991476401 0.79225961247450971 0.82029770595515661 0.79615732005208406 0.7850814339496871 13.500000000000002 1100.5000000000002 1345.5000000000002 2.5000000000000004 309.50000000000006 313.50000000000006 0.79913480369519829 740.50000000000011 4.5000000000000009 128.50000000000003 635.50000000000011 0.90286652329037753 0.8421513316613739 0.83868538113941626 0.83394244403776485 2130.5000000000005 2.5000000000000004 110.50000000000001 55.500000000000007 1920.5000000000002 2025.5000000000002 12.500000000000002 137.50000000000003 5.5000000000000009 38.500000000000007 1.5000000000000002 0.89553568266776185 2.5000000000000004
decision_type=2 2 2 2 2 2 2 2 2 2 2 2 2 2 2 2 2 2 2 2 2 2 2 2 2 2 2 2 2 2 2 2 2 2 2 2 2 2 2 2 2 2 2 2 2 2 2 2
left_child=3 30 45 -1 5 6 21 8 -8 10 23 19 -9 24 44 -12 17 -16 -18 -11 -13 -5 -23 -7 26 29 27 -6 -28 -26 31 32 33 -2 35 36 -32 -38 39 -36 -41 -40 -35 -43 -15 46 47 -3
right_child=1 2 -4 4 13 9 7 12 -10 11 15 20 -14 14 16 -17 18 -19 -20 -21 -22 22 -24 -25 25 -27 28 -29 -30 -31 34 -33 -34 42 38 -37 37 -39 41 40 -42 43 -44 -45 -46 -47 -48 -49
leaf_value=-0.015569879823056319 0.0013176995818434693 0.02340654993336793 0.062891227120691257 0.0088320252852461551 0.016017603503295876 -0.011979408483976868 0.041120563026720111 -0.012927170737717221 0.00382435794941697 -0.038389577085397135 -0.0070032762755174649 0.00077359994621908424 0.0020870730729623706 0.020083988497613135 0.026939402297479344 -0.027027810870782147 0.052553076020703637 -0.014153881757416846 0.016812911260241609 0.019640809360094949 -0.014593908299350344 0.062132867474500253 0.014324168216310801 -0.065495901690497696 -0.089150271708206899 -0.0077511100798833008 -0.0070095313412903001 0.00028469808880352584 -8.0602156518381343e-05 0.0074473649036977552 0.010058702087252425 0.074321982561572228 0.01786098556901547 -0.076687910421387687 -0.0011227317774499272 0.029141267103185303 -0.0047125251777903089 0.0063232917923185718 0.0076757761444737659 -0.036735290659764816 -0.0061190689071336062 -0.0010647696182313079 -0.31211366750139763 0.0041326183648789615 -0.0075420240129033637 0.012066005409150211 0.019564276368994767 -0.034637354117256276
leaf_weight=2637.3190199583769 1595.772355441004 286.48984197154641 183.49187383055687 1166.0467556901276 2553.031610481441 223.12840317189693 1093.5642145648599 8872.2331293448806 3389.7400603629649 189.49324804544449 9631.7109150588512 4564.4796202406287 8049.3430865257978 726.96517504751682 976.54845732450485 2625.939387768507 1013.3863212168217 1095.6665678471327 1702.0724864602089 2792.1196749806404 5293.2749036103487 495.92966441065073 397.98665795475245 827.69174125790596 216.21334040164948 1137.8896591290832 23145.553577121347 48637.655410863459 23617.560140557587 66.022990688681602 11607.368539933115 167.27654188685119 2732.1446353364736 111.33412669226527 12648.90236857906 1365.2708289474249 14802.207966860384 13530.754889316857 10651.409101597965 1304.2986993640661 2993.8648610115051 71475.178000289947 8.9490597620606405 22242.930840030313 3330.3737957105041 8858.4913996206596 610.96287508495152 809.88901206478477
leaf_count=11553 20626 4013 7275 8465 22576 1047 9143 68885 21640 850 48421 23880 52502 3884 4896 14046 6058 5888 10885 14935 26230 2983 2265 3916 1182 6163 121325 265339 159512 382 97027 5258 42028 1456 145463 12034 127187 108974 101323 10734 25113 660633 99 238404 16558 195636 8883 10583
internal_value=0.000118165 0.00196936 0.0101432 -0.00193512 -0.00170728 -0.00432576 0.000291976 -0.00186695 0.0129216 -0.00846968 -0.0146756 -0.00203698 -0.00578512 -0.000506849 0.00928836 -0.0112931 0.0193566 0.00521167 0.0301508 0.0159527 -0.00747822 0.0227251 0.0408476 -0.0541323 -0.00137869 -0.0194375 -0.00111688 0.00106934 -0.0035101 -0.0665534 0.00144397 0.011267 0.00889583 -0.00537766 0.00116518 0.00417241 0.00331891 0.000557765 0.000141283 -0.00474624 -0.0154097 0.000934897 -0.0942036 0.000168772 -0.00259219 0.00922719 -0.0055019 -0.0194702
internal_weight=338456 177987 10749.3 160469 157832 49612.7 23464.8 21404.9 4483.3 26147.8 13308.5 12839.4 16921.6 108219 8845.01 12257.7 4787.67 2072.22 2715.46 2981.61 9857.75 2059.96 893.916 1050.82 99373.9 1420.13 97953.8 51190.7 46763.1 282.236 167238 4615.48 4448.2 1716.06 162622 41305.6 39940.3 28333 121317 16947.1 4298.16 104370 120.283 93718.1 4057.34 10565.8 1707.34 1096.38
internal_count=2758158 1822749 226390 935409 923856 299208 165883 152170 30783 133325 67430 65895 121387 624648 48169 62467 27727 10784 16943 15785 50110 13713 5248 4963 576479 7727 568752 287915 280837 1564 1596359 69467 64209 22181 1526892 345222 333188 236161 1181670 181310 35847 1000360 1555 899037 20442 219115 23479 14596
is_linear=0
shrinkage=0.12179


Tree=41
num_leaves=49
num_cat=0
split_feature=11 11 6 2 9 2 2 9 2 6 6 2 0 9 6 13 0 0 0 5 11 2 2 10 2 11 11 7 0 0 9 9 0 0 9 11 9 10 2 2 5 9 5 6 9 5 9 6
split_gain=73.9138 49.1368 37.0911 71.1495 67.346 82.022 115.467 61.5972 73.0601 93.8288 78.6525 53.887 52.8911 109.701 56.2038 49.2459 47.2325 46.2639 42.5276 84.8731 49.9607 39.7351 33.791 32.8751 49.9903 30.4214 29.4424 24.6084 27.4127 96.4579 40.0123 37.6794 63.4015 41.8205 35.9665 32.8227 46.5893 37.0788 31.9979 26.3516 24.9829 24.7863 24.413 29.6745 89.573 48.6184 41.9288 29.664
threshold=0.74246569874769253 0.93464699411117602 96.500000000000014 735.50000000000011 0.79615732005208406 2130.5000000000005 2025.5000000000002 0.84545679980169808 1540.5000000000002 51.500000000000007 9.5000000000000018 745.50000000000011 8.5000000000000018 0.78902747439572751 140.50000000000003 0.79131645187239752 5.5000000000000009 3.5000000000000004 6.5000000000000009 225.50000000000003 0.84177785550517525 1450.5000000000002 1605.5000000000002 0.87232672554846846 704.50000000000011 0.86294615025958321 0.98131335302099143 96.500000000000014 5.5000000000000009 4.5000000000000009 0.78902747439572751 0.73796475997026378 1.5000000000000002 3.5000000000000004 0.88010683964291048 0.60832460550202494 0.84002448854272027 0.81708953688463282 2100.5000000000005 2079.5000000000005 75.500000000000014 0.86918462789123119 104.50000000000001 76.500000000000014 0.79913480369519829 93.500000000000014 0.79913480369519829 56.500000000000007
decision_type=2 2 2 2 2 2 2 2 2 2 2 2 2 2 2 2 2 2 2 2 2 2 2 2 2 2 2 2 2 2 2 2 2 2 2 2 2 2 2 2 2 2 2 2 2 2 2 2
left_child=27 2 7 15 12 6 -6 8 10 22 11 -2 14 -14 -5 -4 -11 -12 23 20 -20 -21 -10 25 -25 -9 -3 28 29 31 39 32 40 -34 -32 36 -30 -37 -38 -31 -1 -39 43 44 -29 -45 -47 -46
right_child=1 26 3 4 5 -7 -8 18 9 16 17 -13 13 -15 -16 -17 -18 -19 19 21 -22 -23 -24 24 -26 -27 -28 42 35 30 34 -33 33 -35 -36 37 38 41 -40 -41 -42 -43 -44 45 47 46 -48 -49
leaf_value=-0.0074277970921496931 -0.048515730568411727 0.0081832652900827585 -0.038650554016624483 0.0086315173380286606 -0.0040895064956016714 0.036514694265566854 -0.028146951037629001 -0.0023319365125556287 -0.017957735600821579 0.00032072969618796764 0.0056512875577507671 -0.0021605457633856735 -0.0085513229039421643 0.02688361535902695 -0.0021330791140461232 0.016463012006389475 -0.014008711224360711 0.016381299120092795 -0.0046259710041940631 0.012186851003496885 0.0057455707113775239 0.044986489598108019 0.013264736381864642 0.021929919386931094 -0.0079948904673376106 0.0027953910389079094 0.058854501153818607 0.052818676851000106 -0.018264074191944549 0.001437312682127509 0.035904428491889982 -0.0065765232102680095 -0.011444950107784237 0.018408514714224264 -0.13196754274160355 0.004693908552160393 -0.13325253916864968 -0.0095408005550647636 0.046892770227491561 0.070028389907394711 0.041490486177240174 0.12470202585514943 -0.0052894250997730938 -0.056618953385491916 -0.014095338010271517 0.024578949780293 -0.04712282093890946 -0.078809291321617611
leaf_weight=188.3325245603919 487.32165424525738 10479.443553566933 254.25016297772527 8856.8977697715163 46490.644391952083 694.84872304275632 3160.4157167449594 39239.273223686963 554.34505022317171 8005.5302803777158 10636.672538269311 1571.4568085558712 2168.5648962408304 3220.20772895962 38326.332481212914 4439.2424290291965 5946.245061147958 13556.678952740505 10350.104374527931 1215.8113073036075 20601.812307783403 997.16595026105642 7090.2708163447678 877.86316685564816 14585.492563759908 30509.380647657439 172.89318198524415 306.69332622736692 658.66047057509422 1294.4766342192888 1624.627461746335 10715.329083845019 2119.0098849758506 1036.4567707404494 19.153691172599792 4295.9809985458851 91.183035120368004 8387.0756147131324 17.418874129652977 88.777149893343449 871.1120843142271 20.4506995677948 18521.560865867883 590.5709984973073 2330.842679142952 293.34889194369316 205.85976971685886 110.02354139089584
leaf_count=986 4900 219115 2386 51876 378650 5607 19848 265139 3365 48252 74061 13098 13801 22965 242675 49978 37953 143685 79230 12554 271628 8927 46938 14646 152345 297083 7275 1900 2898 7214 9227 49647 10040 5154 105 22476 397 43880 80 443 4195 100 93464 2931 11787 1620 1044 590
internal_value=0.000107601 0.000890387 0.0005747 -0.00118695 -0.00185571 -0.00503929 -0.00562082 0.00171516 0.00540274 0.000155775 0.00971917 -0.013133 0.00119307 0.0126238 -0.000112426 0.0134775 -0.00578648 0.0116638 0.000224622 0.00392481 0.0022774 0.0269663 0.0110007 -0.00121551 -0.00629604 -8.91464e-05 0.00900569 -0.0040327 -0.00183544 0.00127988 0.0211035 -0.00273927 0.00701596 -0.00163917 0.0339483 -0.00598834 -0.0304503 -0.0045109 -0.104359 0.00583948 0.0327945 -0.00921426 -0.0071212 -0.0159626 -0.00921755 -0.0329681 -0.00498887 -0.0170124
internal_weight=338276 284489 273837 107611 102918 50345.9 49651.1 166225 47848.5 21596.4 26252.1 2058.78 52572 5388.77 47183.2 4693.49 13951.8 24193.4 118377 33164.9 30951.9 2212.98 7644.62 85212 15463.4 69748.7 10652.3 53786.9 31428 17957.3 3027.03 14930.2 4214.91 3155.47 1643.78 13470.8 767.262 12703.5 108.602 1383.25 1059.44 8407.53 22358.9 3837.34 2747.56 1089.78 499.209 2440.87
internal_count=2758158 2487980 2261590 787786 735422 404105 398498 1473804 372252 136508 235744 17998 331317 36766 294551 52364 86205 217746 1101552 372339 350858 21481 50303 729213 166991 562222 226390 270178 156842 87011 16989 70022 20375 15194 9332 69831 3375 66456 477 7657 5181 43980 113336 19872 14277 5595 2664 12377
is_linear=0
shrinkage=0.12179


Tree=42
num_leaves=49
num_cat=0
split_feature=11 11 1 0 0 1 0 3 10 7 3 0 1 3 1 9 10 9 0 10 1 11 5 3 0 5 4 4 5 12 9 10 4 5 7 7 3 9 10 3 11 4 7 5 11 0 0 0
split_gain=57.1221 34.9547 28.6353 94.0911 178.323 69.0992 123.573 84.0684 63.5375 79.7365 108.465 59.6436 96.3785 112.054 99.7532 80.9096 46.9971 49.7356 44.2007 35.8346 35.5511 31.6234 31.3239 30.5278 26.9151 26.7715 84.0154 59.1989 59.3767 58.1826 57.5847 76.9947 55.4575 54.6997 50.3743 49.8235 78.3426 87.2212 49.9872 45.6077 54.88 41.9062 71.0416 52.1919 40.0612 43.7863 37.1036 130.845
threshold=0.82038159910936936 0.9769672855879753 2.5000000000000004 7.5000000000000009 6.5000000000000009 1.5000000000000002 5.5000000000000009 11.500000000000002 0.8421513316613739 186.50000000000003 15.500000000000002 8.5000000000000018 3.5000000000000004 12.500000000000002 5.5000000000000009 0.88878914821464206 0.79528251122794547 0.84234656360888149 2.5000000000000004 0.77887141370179902 5.5000000000000009 0.84043467322095577 64.500000000000014 10.500000000000002 1.5000000000000002 103.50000000000001 557.50000000000011 629.50000000000011 111.50000000000001 0.83000232769989923 0.73796475997026378 0.76309959923814097 446.50000000000006 96.500000000000014 83.500000000000014 29.500000000000004 18.500000000000004 0.79913480369519829 0.77089915842315093 9.5000000000000018 0.70370662825095531 601.50000000000011 146.50000000000003 91.500000000000014 0.7155701707119303 5.5000000000000009 4.5000000000000009 5.5000000000000009
decision_type=2 2 2 2 2 2 2 2 2 2 2 2 2 2 2 2 2 2 2 2 2 2 2 2 2 2 2 2 2 2 2 2 2 2 2 2 2 2 2 2 2 2 2 2 2 2 2 2
left_child=25 2 3 4 5 6 -2 -7 21 -10 -11 16 13 -13 15 -14 24 18 -18 23 -19 -5 -23 -6 -4 26 29 -27 44 35 39 -32 -33 41 -35 -1 38 -38 -37 -31 -41 42 43 -28 45 -29 -30 -48
right_child=1 -3 11 8 19 7 -8 -9 9 10 -12 12 14 -15 -16 -17 17 20 -20 -21 -22 22 -24 -25 -26 27 33 28 46 30 31 32 -34 34 -36 36 37 -39 -40 40 -42 -43 -44 -45 -46 -47 47 -49
leaf_value=-0.00052189414537052287 0.0024386955521042814 0.039657148827643388 0.02758643060269033 -0.011401921366825643 -0.11620782756374325 -0.0022723025125766629 -0.026482963007781808 0.0149746726602167 -0.0093611191887351466 -0.024484520572713331 -0.14278153333427365 -0.0032313126483285676 -0.012689497410024555 0.046014700103843537 0.017873139537358217 0.0326107248252578 0.010685811264073209 -0.0043302413534714174 0.00035471218027228086 0.031953258584331547 0.0010517590817014334 -0.009949531703593157 0.021073571359263906 0.0075999852258914029 0.0062559809603355667 0.0082101514489910273 -0.22545842240180197 -0.019768402989527527 -0.0035582202936286131 0.037024519840623583 0.021984566306768 -0.00033703459668116482 -0.020214447128317155 -0.0038366155365755412 -0.03349492127207819 -0.040720322868239935 -0.021654222143333356 0.020152906852622138 -0.014063924697029629 -0.025279814362475637 0.016391384047805834 -0.0047433683517822045 -0.36430053625939968 -0.056016180961768559 -0.014476398101064207 -0.11114050871084857 0.014518880212555015 -0.0016879991188661931
leaf_weight=10745.309033572674 16868.344707899727 356.2891896283254 1037.3501178771257 1051.0011951737106 43.100859694182873 6374.4852139037102 2518.4441456161439 12244.329804930836 6268.8390776962042 425.4571223333478 157.53176715783775 1088.0101257422939 5115.2655082307756 1851.7851264625788 3812.0481235794723 660.30927763320506 8564.2734103165567 53720.99776927568 21724.294021794572 4163.458029365167 27536.191339586861 636.41486582159996 1999.4306685291231 93.894586075097322 5692.0078296326101 10289.52174712345 29.495110847055912 170.98347561061382 45286.294251088053 1077.051816880703 1917.0312056206167 11037.942752040923 2565.8650103136897 2170.6208758577704 1395.6048666238785 1199.3527334183455 1176.1671457514167 1996.8538030833006 8028.0134270116687 595.28098905831575 2205.8236904963851 152.71906895190477 12.662320286035536 314.18268364667892 1967.6601446978748 142.72719261795282 9033.8826714679599 40577.152892444283
leaf_count=54438 152370 14899 6380 8531 501 72941 28062 108275 81994 5052 1289 16616 52268 18424 49813 10466 60663 532507 190080 55268 326805 7528 22085 812 44928 60926 202 848 230043 9204 12945 78297 18219 12749 7721 5654 5384 10765 40250 3169 14877 888 80 1772 12135 659 60842 247534
internal_value=9.82786e-05 0.00154694 0.001473 0.00386564 0.00643057 0.00377079 -0.00131838 0.00906986 -0.00643092 -0.0133677 -0.05645 0.00050637 0.00849736 0.0277889 0.00258211 -0.00751042 -0.000340016 -0.00093631 0.00327589 0.0299366 -0.00250641 0.00646072 0.0135832 -0.0313518 0.00954413 -0.00163163 -0.00406897 -0.000574308 -0.00150443 -0.00246882 0.00245078 -0.000866101 -0.00408619 -0.020774 -0.0154431 -0.00659206 -0.011852 0.00465595 -0.0175287 0.0157253 0.00753557 -0.05812 -0.080996 -0.0705581 -0.0209205 -0.0613395 -0.00103766 0.00126318
internal_weight=338092 184004 183647 52844.7 42306.1 38005.6 19386.8 18618.8 10538.7 6851.83 582.989 130803 12527.4 2939.8 9587.62 5775.57 118275 111546 30288.6 4300.45 81257.2 3686.85 2635.85 136.995 6729.36 154088 46620 107468 97178.7 42544.7 19399 15520.8 13603.8 4075.28 3566.23 23145.7 12400.4 3173.02 9227.37 3878.16 2801.1 509.059 356.34 343.678 2281.37 313.711 94897.3 49611
internal_count=2758158 1868557 1853658 544708 418229 361648 180432 181216 126479 88335 6341 1308950 147587 35040 112547 62734 1161363 1110055 250743 56581 859312 38144 29613 1313 51308 889601 276614 612987 552061 253202 136711 109461 96516 23412 20470 116491 62053 16149 45904 27250 18046 2942 2054 1974 13642 1507 538419 308376
is_linear=0
shrinkage=0.12179


Tree=43
num_leaves=49
num_cat=0
split_feature=6 2 9 2 2 4 7 10 9 9 0 2 9 9 0 10 0 9 6 9 2 9 6 5 4 7 2 9 7 10 9 4 5 5 7 6 7 6 7 9 2 3 10 6 10 7 7 0
split_gain=57.2779 49.8939 53.6282 53.1004 88.2013 83.8684 44.8398 55.2484 42.0381 71.0137 41.6477 78.9508 122.683 168.421 90.2034 71.3821 67.912 76.8364 88.0581 66.2241 177.838 65.901 55.4903 62.7385 52.0469 48.1993 45.8442 44.9599 44.4849 62.1331 44.256 41.4453 40.6434 39.5828 40.8524 37.2496 35.9845 35.6867 33.856 33.5204 73.6056 38.8566 31.4705 31.0595 30.9364 43.3309 66.744 58.9926
threshold=96.500000000000014 805.50000000000011 0.87564029177044966 2120.5000000000005 2055.5000000000005 303.50000000000006 84.500000000000014 0.90652280447614142 0.84449626669010347 0.79225961247450971 4.5000000000000009 1340.5000000000002 0.8604297244941671 0.86443648090095448 8.5000000000000018 0.87399432060769955 5.5000000000000009 0.85797757626149773 39.500000000000007 0.86373612040930992 1120.5000000000002 0.88692415834806049 48.500000000000007 260.50000000000006 1704.0000000000002 273.50000000000006 1510.5000000000002 0.86187867799428519 132.50000000000003 0.88489682511167811 0.89874539480046922 1560.0000000000002 246.50000000000003 345.50000000000006 57.500000000000007 114.50000000000001 102.50000000000001 7.5000000000000009 100.50000000000001 0.73796475997026378 940.50000000000011 8.5000000000000018 0.77089915842315093 111.50000000000001 0.83715558595118622 257.50000000000006 239.50000000000003 1.5000000000000002
decision_type=2 2 2 2 2 2 2 2 2 2 2 2 2 2 2 2 2 2 2 2 2 2 2 2 2 2 2 2 2 2 2 2 2 2 2 2 2 2 2 2 2 2 2 2 2 2 2 2
left_child=10 2 8 4 6 43 39 -8 9 -2 33 12 14 19 37 38 28 22 24 27 -21 -20 23 -18 -19 32 -24 -14 29 -13 -17 -11 -16 34 -1 -5 -31 -12 -15 40 -3 -41 -7 -6 -36 46 -46 -47
right_child=1 3 -4 35 5 42 7 -9 -10 31 11 16 13 15 25 30 17 18 21 20 -22 -23 26 -25 -26 -27 -28 -29 -30 36 -32 -33 -34 -35 44 -37 -38 -39 -40 41 -42 -43 -44 -45 45 47 -48 -49
leaf_value=0.0026995623451385076 -0.001697940668296078 0.03280527548207765 0.038417971580920127 -0.003099886728317017 0.0042933513442636254 -0.081765940319035196 -0.0050953644948232082 -0.035561068552745968 -0.0064177069675820982 0.032820030324055963 -0.0055052409091670531 0.01805521121543683 -0.029744093041950369 -0.0062628520232301662 -0.0024108506276369155 0.01019707060110135 0.0035700092306570003 -0.0039071919142216836 0.018225534800966458 -0.018880852620990127 -0.15787322721060595 -0.013011941160174385 0.0041173715590535022 -0.05109885641009225 0.033860489882091629 0.047908355907268531 -0.014645686889585429 0.027718980154933282 -0.0052458648928440203 -0.018628960453772669 0.040317844590408436 -0.016164313186631699 -0.055077617044512764 0.025552409831591193 0.00028971198688502477 0.021706394977072059 0.09673607403508408 0.02047559074507611 0.0056282076787751512 -0.012145412290062023 0.001835308818178916 -0.0011442158257751044 -0.0067117379531736777 -0.078070362447892158 -0.0051717393260964301 -0.025555629333733964 -0.040119726483650267 0.027013058389258229
leaf_weight=37996.515471239574 2934.7032782919705 1246.3693233393133 733.82902306690812 1484.2829563431442 78.375545375049114 88.835234507918358 38838.494196383283 903.45114172250032 3406.2720619924366 2056.1293711941689 831.19093458354473 6724.3235732540488 995.41094472073019 5807.3146555079147 3267.6657453067601 1964.8731305692345 7505.9650644809008 13735.908715521917 6746.4203599505126 392.19163030013442 209.46648892574012 1176.4401907073334 2318.1045610513538 324.844163171947 563.4218234885484 265.51663338392973 11581.918949110433 253.36829400248826 2383.4596155192703 994.79107199050486 1145.2650640802458 292.66932777315378 232.82470370456576 875.00005475431681 32482.654587173834 2272.6932063624263 41.788660356774926 13868.371967934072 9143.0817082896829 5118.2448816727847 13125.76345298253 68454.385630046949 1233.1248933859169 508.65988899022341 28825.156534201466 421.96122970432043 834.0201213657856 1268.5767327845097
leaf_count=328544 27759 9948 9285 9281 444 370 235316 7187 34359 20828 9464 62502 11219 91857 36932 48832 54688 147628 65897 5069 1932 14437 18678 1618 5544 2678 72905 3406 18916 12493 38817 2148 1630 4897 191124 15030 667 160670 108968 46027 68058 476352 6737 3085 245690 3054 6324 8864
internal_value=9.14588e-05 -0.00176234 0.0068021 -0.00236756 -0.00278135 -0.0287664 -0.00239286 -0.00578794 0.00413222 0.0109337 0.00144755 0.00332243 0.00754751 0.00091612 0.014698 0.00450149 0.000325175 -0.00174789 0.00328763 -0.0340776 -0.0672709 0.0135872 -0.00689727 0.00130219 -0.00241907 -0.00211917 -0.0115166 -0.0180853 0.00930727 0.0137767 0.0212886 0.0267164 -0.00591382 -0.000240587 -0.000462223 0.0119061 -0.0139781 0.0190065 0.00100926 -0.000858635 0.00452106 -0.00190954 -0.0117554 -0.0670739 -0.00234429 -0.00507348 -0.00615448 0.0138918
internal_weight=337954 142776 9423.6 133353 129596 1909 127687 39741.9 8689.77 5283.5 195178 92473.9 38376.5 19911 18465.6 18060.5 54097.4 43953 22222.2 1850.44 601.658 7922.86 21730.8 7830.81 14299.3 3766.01 13900 1248.78 10144.4 7760.9 3110.14 2348.8 3500.49 102704 101829 3756.98 1036.58 14699.6 14950.4 87944.8 14372.1 73572.6 1321.96 587.035 63832.4 31349.7 29659.2 1690.54
internal_count=2758158 972214 94379 877835 853524 10636 842888 242503 85094 50735 1785944 997447 521474 310100 211374 288474 475973 381395 233506 21626 7001 80334 147889 56306 153172 41240 91583 14625 94578 75662 87649 22976 38562 788497 783600 24311 13160 170134 200825 600385 78006 522379 7107 3529 455056 263932 252014 11918
is_linear=0
shrinkage=0.12179


Tree=44
num_leaves=49
num_cat=0
split_feature=8 9 11 7 10 3 3 1 8 1 0 0 0 0 7 8 1 0 1 10 10 10 6 3 7 13 11 10 1 1 8 1 3 10 7 3 3 10 3 3 10 8 7 10 6 10 6 9
split_gain=49.4837 210.067 110.965 79.4682 104.012 75.5898 70.1955 76.5388 66.243 65.094 91.2798 53.927 52.3835 203.463 157.308 78.8876 106.698 63.7783 100.684 71.0093 64.1362 90.5068 63.2184 61.9054 59.0564 55.3241 53.4141 44.1751 42.2099 46.0721 41.9009 41.8694 39.4557 38.6004 38.546 37.7977 79.706 36.9182 36.0522 43.8001 35.6985 34.4373 33.042 32.4509 30.8477 29.8066 28.1465 27.5266
threshold=0.82029770595515661 0.73796475997026378 0.74471505046562214 149.50000000000003 0.81495052016112302 20.500000000000004 16.500000000000004 6.5000000000000009 0.83205873009260178 1.5000000000000002 8.5000000000000018 8.5000000000000018 5.5000000000000009 3.5000000000000004 131.50000000000003 0.80235441454681389 4.5000000000000009 8.5000000000000018 1.5000000000000002 0.77887141370179902 0.83277120318400211 0.8373870745196309 141.50000000000003 15.500000000000002 352.50000000000006 0.79131645187239752 0.70370662825095531 0.82412929233864862 3.5000000000000004 5.5000000000000009 0.80235441454681389 2.5000000000000004 9.5000000000000018 0.83715558595118622 156.50000000000003 12.500000000000002 13.500000000000002 0.77413245550436538 16.500000000000004 6.5000000000000009 0.80374404239962316 0.80235441454681389 303.50000000000006 0.80631923638998237 150.50000000000003 0.8373870745196309 46.500000000000007 0.76645112812423111
decision_type=2 2 2 2 2 2 2 2 2 2 2 2 2 2 2 2 2 2 2 2 2 2 2 2 2 2 2 2 2 2 2 2 2 2 2 2 2 2 2 2 2 2 2 2 2 2 2 2
left_child=12 27 -3 5 -5 6 7 -4 -8 11 -11 -6 13 -1 22 38 42 20 30 23 25 33 -15 37 26 43 -23 -2 32 -30 -19 40 -21 -22 -18 41 -37 -20 39 -16 -27 -24 -17 -14 45 -7 -26 -45
right_child=1 2 3 4 9 44 8 -9 -10 10 -12 -13 17 14 15 16 34 18 19 28 21 24 35 -25 46 31 -28 -29 29 -31 -32 -33 -34 -35 -36 36 -38 -39 -40 -41 -42 -43 -44 47 -46 -47 -48 -49
leaf_value=-0.0043495330850568149 0.0065464888213559507 -0.0073331678620701729 0.00068453115379234317 0.026896537132329895 -0.0063374988538196109 0.024711712816662498 0.0079986475773442083 0.011033159031950446 -0.0052342401932929262 0.0047070037909575655 0.032454378354222449 -0.065141756443744189 0.0012064795815896886 0.02189532629345782 0.024206162675239083 -0.0033389993858417002 -0.0032717779365388213 -0.040526582325268706 0.00013230095247803716 -0.0050981072959547817 -0.035940201589935654 -0.030951330198640704 0.0025012172720543738 0.020025038928869143 -0.030111368366055949 0.012905666703375195 -0.0075820892523299115 0.038808325392027165 -0.0040980685160644193 0.01745871605274318 -0.0018203679801963887 -0.008198698026046192 0.028428655459763242 -0.10294677673456822 0.043881748684844707 -0.034786398532128116 0.0076308608919085866 -0.056697046276256824 0.007542221869152768 -0.025212674961510015 -0.0066978947626063438 0.031974775443792638 -0.048264614041938797 0.072140473463666657 -0.019644111041882309 0.0087001112615191466 -0.27458734985359079 0.022158951459817833
leaf_weight=48725.300572101027 828.97190140932798 22585.435964487493 87473.971218403429 3703.5468430221081 3155.0998619459569 2341.7474846169353 6405.0784127879888 12062.593875916675 45267.967244550586 16369.881926606409 1970.1865686737001 249.61930501647294 929.23770974203944 10031.486811722629 289.37023723497987 1812.8069962114096 331.10051493160427 1004.453864114359 241.67101516202092 646.66301562264562 1168.3720389232039 1600.0904596894979 1019.9273373372853 376.62663023546338 11.260098744183781 3147.0918574742973 15542.088089289144 2616.7109701279551 3558.4894257821143 2506.3806403558701 706.71877867914736 13544.728568591177 2671.8721028957516 143.14294761046767 1151.1757744662464 781.93605646118522 4115.6182775124907 568.22667820751667 788.25645452737808 3296.4074537251145 2450.8879693336785 1388.5278977304697 280.38673705980182 209.99737358093262 453.49607040733099 6542.5443273987621 18.398396350443363 737.16634783521295
leaf_count=273147 4618 115360 931676 26697 26875 18312 42809 144815 349480 146449 20450 2273 5358 85888 3632 13067 2575 7066 1568 7087 8638 7597 8078 2076 163 21659 125111 17877 25493 21204 5215 97962 18747 869 9447 5013 22115 3978 4470 23746 19179 11162 2225 898 3300 56751 210 5773
internal_value=8.54336e-05 0.0012208 0.000728084 0.00170696 0.00803003 0.000704693 4.79846e-05 0.00193866 -0.00359397 0.0048167 0.00768777 -0.0106488 -0.0018282 0.000250625 0.00911463 -0.00507137 0.0083476 -0.00479939 0.00286618 0.00730311 -0.00718258 -0.0124158 0.0156191 -0.0207689 -0.0100605 -0.00258072 -0.00976343 0.0310467 0.0108528 0.00481053 -0.0245408 -0.00453696 0.0218955 -0.0432535 0.0333489 0.00700162 0.000858586 -0.0397393 -0.0160405 -0.0212246 0.0043229 0.0194934 -0.00935686 0.0173765 0.011339 0.0129205 -0.18177 0.0332404
internal_weight=337823 212027 208581 185996 25448.3 160547 151210 99536.6 51673 21744.8 18340.1 3404.72 125796 74012.3 25287 7949.5 3575.47 51783.6 12281.1 10569.9 39502.5 18483.4 17337.5 1186.52 17171.8 21019.1 17142.2 3445.68 9383.41 6064.87 1711.17 19142.7 3318.54 1311.51 1482.28 7306.01 4897.55 809.898 4374.03 3585.78 5597.98 2408.46 2093.19 1876.4 9337.79 8884.29 29.6585 947.164
internal_count=2758158 1907742 1885247 1769887 222744 1547143 1468780 1076491 392289 196047 166899 29148 850416 464565 191418 59162 27314 385851 92434 80153 293417 142588 132256 7622 133081 150829 132708 22495 72531 46697 12281 138800 25834 9507 12022 46368 27128 5546 31848 27378 40838 19240 15292 12029 78363 75063 373 6671
is_linear=0
shrinkage=0.12179


Tree=45
num_leaves=49
num_cat=0
split_feature=11 9 1 6 0 1 6 2 2 2 6 9 0 9 8 6 2 9 0 9 8 0 9 9 9 1 6 2 0 2 2 8 3 4 8 6 0 6 9 2 2 9 9 2 2 2 2 5
split_gain=43.8423 36.0122 82.1321 112.669 61.4922 59.2195 62.2902 76.8595 56.201 48.6095 47.5836 46.1312 44.03 185.862 58.314 43.6624 42.8175 42.8152 41.8444 61.989 40.4517 66.2602 144.935 108.27 91.8165 73.9565 67.809 56.1452 39.0142 38.6509 76.7649 54.5452 35.8414 52.0494 48.3924 35.359 33.747 43.9913 33.6823 89.9876 33.4332 32.9085 31.7401 50.361 37.8478 27.6 54.2544 41.7542
threshold=0.88652410410237403 0.79913480369519829 1.5000000000000002 194.50000000000003 8.5000000000000018 2.5000000000000004 311.50000000000006 1179.5000000000002 735.50000000000011 1879.5000000000002 117.50000000000001 0.7850814339496871 8.5000000000000018 0.78902747439572751 0.84698799222000154 143.50000000000003 2130.5000000000005 0.79225961247450971 7.5000000000000009 0.79225961247450971 0.80235441454681389 1.5000000000000002 0.81056320994217546 0.81056320994217546 0.80526597431425417 2.5000000000000004 26.500000000000004 1435.5000000000002 1.5000000000000002 1179.5000000000002 1200.5000000000002 0.88085919287258096 6.5000000000000009 1763.0000000000002 0.90286652329037753 187.50000000000003 2.5000000000000004 109.50000000000001 0.80526597431425417 1730.5000000000002 835.50000000000011 0.87923995566930502 0.84919620254308603 720.50000000000011 1105.5000000000002 1800.5000000000002 2055.5000000000005 76.500000000000014
decision_type=2 2 2 2 2 2 2 2 2 2 2 2 2 2 2 2 2 2 2 2 2 2 2 2 2 2 2 2 2 2 2 2 2 2 2 2 2 2 2 2 2 2 2 2 2 2 2 2
left_child=1 2 3 9 40 6 7 11 36 15 20 -4 14 -14 -10 -1 29 -6 -8 -20 21 22 24 27 -3 -24 -25 -23 -9 42 -31 -32 33 34 -22 -17 -7 -38 39 -34 -5 -40 43 -12 -44 -2 47 -47
right_child=45 10 5 4 17 8 18 28 12 -11 16 -13 13 -15 -16 35 -18 -19 19 -21 32 23 25 26 -26 -27 -28 -29 -30 30 31 -33 38 -35 -36 -37 37 -39 41 -41 -42 -43 44 -45 -46 46 -48 -49
leaf_value=0.015925134659669705 0.0042866036902278878 0.013156300256572755 -0.01563548298904965 0.0089547220817755031 -0.032058313250613237 0.037838717059243542 -0.0022144854136457574 -0.0047429096142084627 -0.0018651557666902361 -0.013338327185650355 0.030619533334522404 0.0093760379878358776 -0.0097573692719843345 0.028539533196969672 0.011491744471042075 -0.010402861097575393 0.046543849503398259 -0.10003057193505271 -0.0090264244123518505 -0.13601713192019685 -0.0090464252438337452 -0.0015178950189634456 -0.037004830034748387 0.00053719042704052479 -0.094336936983496059 0.00087109702070017989 -0.012522082181938258 0.025591293153154063 0.019549129761529522 -0.06856216066755394 -0.013390090026001234 0.0023155061788553075 0.00074487892466073376 -0.070254051726115596 0.070211942627009305 0.035093399081484802 0.027545747199288258 -0.0066769759592848442 0.0021568827730499315 -0.035167090899844475 -0.01830844796502526 -0.0035512361267254367 0.0031365126540481955 -0.0098832479415594879 0.039454647235352393 -0.011920915964895491 0.011550481505001403 0.002440437626588987
leaf_weight=3808.505078099668 46718.19817921333 151.85372069478035 2077.211660746485 756.74506675824523 395.82975239306688 846.08325329422951 313.48823998868465 1102.1775737628341 57339.25580162555 2178.6740373671055 496.98584296554327 2310.3487738519907 3811.9653661511838 3708.1900845840573 5296.0185162872076 2132.1306852921844 223.81277047097683 210.57748568058014 117.27399949729443 110.96193455159664 4989.8041522074491 1929.3381340354681 1044.6777120828629 11998.066161405295 526.56321905553341 2852.8140497803688 11598.822048600763 2746.0747728869319 8894.1492481455207 330.31149812042713 12537.786427106708 4442.017698995769 3872.1209518201649 202.0680220797658 116.94140484184027 287.55029205977917 1044.2204970791936 1194.3829251714051 82530.177285347134 1412.5070696249604 5637.3650672584772 18303.622414553538 3453.3214863762259 5435.3877677321434 485.4426801726222 6713.634748481214 3586.520306257531 5432.7590606492013
leaf_count=23820 692590 791 14570 5950 2462 7115 1711 5675 327374 11136 4711 18260 22149 25041 36046 12188 1504 1329 721 715 53895 13973 5668 84357 2807 15746 82254 15722 49773 2588 80850 30358 26573 1898 2579 1721 11757 13549 613268 7595 31699 149234 30269 44523 4231 70675 38550 55743
internal_value=-0.000112484 -0.00077347 0.00102005 -0.00718402 -0.018597 0.00245375 0.00944575 0.0109726 0.00102885 0.00231977 -0.00185548 -0.00246522 0.000321416 0.00912684 -0.000735786 0.0077971 -0.00650769 -0.055662 -0.0310961 -0.0707658 -0.000971794 -0.00472777 -0.0183241 -0.00252718 -0.0702761 -0.00928111 -0.00588197 0.0144045 0.0168707 -0.00694452 -0.0104126 -0.00928141 0.000135448 -0.00963027 -0.00723146 -0.00499617 0.017118 0.00928658 0.000624 -0.00885389 -0.0150818 0.00112073 -0.000862864 -0.00649012 0.00761263 0.00280082 -0.00161117 -0.00549746
internal_weight=337705 275254 103573 15407.4 7000.52 88165.7 14925.6 14383.9 73240.1 8406.86 171681 4387.56 70155.4 7520.16 62635.3 6228.19 27405.1 606.407 541.724 228.236 144275 32848.2 4575.91 28272.3 678.417 3897.49 23596.9 4675.41 9996.33 27181.3 17310.1 16979.8 111427 5308.81 5106.75 2419.68 3084.69 2238.6 106118 5284.63 6394.11 100834 9871.14 5932.37 3938.76 62451.1 15732.9 12146.4
internal_count=2757713 1900155 624761 90305 41440 534456 91425 88278 443031 48865 1275394 32830 410610 47190 363420 37729 199034 3791 3147 1436 1076360 221318 25012 196306 3598 21414 166611 29695 55448 197530 113796 111208 855042 58372 56474 13909 32421 25306 796670 34168 37649 762502 83734 49234 34500 857558 164968 126418
is_linear=0
shrinkage=0.12179


Tree=46
num_leaves=49
num_cat=0
split_feature=11 0 0 1 1 1 1 9 9 8 1 1 0 8 0 0 0 8 6 3 9 8 1 0 1 8 6 6 8 12 4 5 6 1 6 8 1 9 3 5 4 4 4 8 3 11 1 3
split_gain=38.2147 35.2177 119.777 171.836 289.885 121.936 115.652 117.914 111.068 120.662 94.9139 88.2088 168.999 211.827 209.816 81.116 83.8204 82.4353 80.4816 70.7251 65.9495 55.7375 54.6513 102.542 54.541 67.2735 53.5857 48.1421 41.7506 38.6177 34.5275 51.0522 28.105 59.8343 53.1577 44.577 51.5219 43.3566 38.0282 30.4095 37.5236 28.0366 27.454 27.0882 26.5114 26.6403 26.4326 24.878
threshold=0.65805280023219248 4.5000000000000009 5.5000000000000009 3.5000000000000004 2.5000000000000004 4.5000000000000009 6.5000000000000009 0.88878914821464206 0.86687508111313971 0.90286652329037753 5.5000000000000009 5.5000000000000009 6.5000000000000009 0.90286652329037753 7.5000000000000009 8.5000000000000018 6.5000000000000009 0.88637416310275396 223.50000000000003 10.500000000000002 0.86765667371301236 0.87366003285681904 1.5000000000000002 8.5000000000000018 1.5000000000000002 0.8622651991476401 65.500000000000014 200.50000000000003 0.90286652329037753 0.80389237169954297 185.50000000000003 45.500000000000007 256.50000000000006 1.5000000000000002 230.50000000000003 0.80235441454681389 4.5000000000000009 0.79225961247450971 11.500000000000002 352.50000000000006 2433.0000000000005 795.00000000000011 2480.5000000000005 0.80235441454681389 19.500000000000004 0.7354861408554122 5.5000000000000009 19.500000000000004
decision_type=2 2 2 2 2 2 2 2 2 2 2 2 2 2 2 2 2 2 2 2 2 2 2 2 2 2 2 2 2 2 2 2 2 2 2 2 2 2 2 2 2 2 2 2 2 2 2 2
left_child=-1 30 3 4 24 8 10 19 22 20 43 12 13 -7 -14 16 -13 -17 21 -8 -10 -6 23 -4 25 -3 -11 -24 -9 -26 31 44 34 37 39 46 -37 -34 -39 40 -32 -12 -41 -5 -2 -46 -35 -36
right_child=1 2 5 6 18 11 7 28 9 26 41 15 14 -15 -16 17 -18 -19 -20 -21 -22 -23 27 -25 29 -27 -28 -29 -30 -31 32 -33 33 35 47 36 -38 38 -40 42 -42 -43 -44 -45 45 -47 -48 -49
leaf_value=-0.0085678894874451281 0.0023017737307552367 0.009303593766182899 -0.000996163884390476 0.0018683658124521857 -0.038815441028010753 -0.022839238868216691 0.038286185236862065 -0.036726363441449632 0.020427274192732988 0.022632625144359781 0.046649782458885201 0.0063670641346624084 0.013877709473053708 -0.11410784309492153 -0.015439769135584076 0.014351346288216642 -0.008652978748658828 -0.035786900104296082 0.03095581435711121 -0.0028265867222159249 0.0028865550670826752 -0.003176699176309669 -0.00018998727952277103 -0.026045121611415537 0.025921240005634165 0.039173628768531435 0.058910238848727689 0.0097050326581068994 -0.12482758332542421 -0.0056683269074289441 -0.0016570470861163287 0.014733534431290758 -0.017782580732529921 0.027312017351902283 0.0086853047831215498 -0.024160627757500323 0.0037832570395948252 -0.00096316775398161219 -0.097347040867301143 0.045335928386545599 -0.020197636691890921 0.025310087498439528 0.0044799099066253432 0.018778868148818559 -0.091908033637139272 -0.012603246179929077 -0.016182625016675792 0.038617948589549964
leaf_weight=7714.5311042293906 5645.003003587015 3526.7624951731414 10208.602124109864 1761.5517851486802 3343.4120072815567 4688.7117563541979 770.72667211759835 215.55442877300084 3933.595479009673 2589.5945947505534 2345.3848272589967 8002.1377608012408 5734.8258132077754 410.18833376094699 9822.4528029002249 6638.677943598479 17702.41853653267 524.85763790085912 326.12565587460995 3187.1673483550549 16581.096298730932 808.27422587852925 33335.337320525199 3178.9181460421532 694.85101804323494 1637.7446693768725 787.62653380446136 9335.5356386825442 126.67009633220732 3300.643288304098 140920.57128583547 4884.3698429055512 519.93676777929068 842.91514727473259 4027.8287326842546 2070.0442239195108 1856.2978265583515 79.994044438004494 251.97563648223877 373.98161759600043 1637.9371063522995 1495.5051281712949 701.68037167191505 6942.4033145010471 65.855890974402428 1367.0158120952547 274.817322447896 458.76700994372368
leaf_count=34992 52091 30483 78554 14209 28829 37095 12913 3503 40227 53616 31308 77797 52485 4063 83389 65319 174034 8880 2253 29082 197671 10039 266907 23636 5892 21222 13171 62242 2030 35515 999782 40276 2598 4378 21512 10924 10402 404 1174 1831 9678 14689 4004 69047 296 9616 1417 2238
internal_value=-9.45985e-05 0.000103523 0.00136953 0.0082577 -0.00190485 -0.000203581 0.0164854 -0.000750927 0.00280833 0.00976161 0.0223936 -0.00470254 -0.0109392 -0.0301815 -0.00463257 -0.000783057 -0.00397706 0.0106778 -0.0273009 0.00517937 0.00624991 -0.0318771 -0.00015513 -0.00694414 0.0105099 0.0187758 0.0310932 0.00197485 -0.0693359 -0.000174628 -0.00114707 0.00515589 -0.00163661 -0.0098827 -0.00130837 -0.00484058 -0.0109493 -0.0397367 -0.0741216 -0.00171614 -0.00187007 0.0383409 0.0186846 0.0153564 -0.00145354 -0.0162482 0.016618 0.011746
internal_weight=337651 329936 163957 30482.8 13637.8 133475 16845 4300.12 79950.3 23891.9 12544.8 53524.3 20656.2 5098.9 15557.3 32868.1 25704.6 7163.54 4477.81 3957.89 20514.7 4151.69 56058.4 13387.5 9160 5164.51 3377.22 42670.9 342.225 3995.49 165979 11962.2 154017 5895.98 148121 5044.07 3926.34 851.906 331.97 143634 142559 3840.89 1075.66 8703.96 7077.87 1432.87 1117.73 4486.6
internal_count=2757713 2722721 1550100 311014 134233 1239086 176781 47528 736024 304685 129253 503062 177032 41158 135874 326030 251831 74199 41121 41995 237898 38868 431339 102190 93112 51705 66787 329149 5533 41407 1172621 102279 1070342 31297 1039045 27121 21326 4176 1578 1015295 1009460 45997 5835 83256 62003 9912 5795 23750
is_linear=0
shrinkage=0.12179


Tree=47
num_leaves=49
num_cat=0
split_feature=7 2 8 8 8 7 0 6 6 8 2 4 0 0 0 7 0 2 1 1 0 10 0 0 0 10 10 10 0 9 10 10 1 0 4 9 2 10 9 4 4 7 1 1 6 2 0 0
split_gain=41.6622 61.0824 99.1678 86.3721 44.3232 74.3622 77.3036 65.952 62.3105 72.1779 60.4084 56.2983 53.8533 53.2072 47.9542 51.0485 50.9635 46.3491 44.7406 96.7854 168.003 277.989 88.8446 67.8501 72.566 150.131 71.1866 56.1102 62.0719 43.9701 41.9914 48.7135 41.0913 83.3673 40.4873 57.2517 37.8238 37.694 37.5305 37.0884 71.357 42.7216 36.7479 50.7899 104.152 78.8977 54.3399 88.2142
threshold=75.500000000000014 740.50000000000011 0.90286652329037753 0.87366003285681904 0.80235441454681389 149.50000000000003 8.5000000000000018 67.500000000000014 154.50000000000003 0.87366003285681904 1679.5000000000002 1450.0000000000002 4.5000000000000009 1.5000000000000002 6.5000000000000009 347.50000000000006 7.5000000000000009 1225.5000000000002 4.5000000000000009 5.5000000000000009 6.5000000000000009 0.82326400988857973 1.5000000000000002 6.5000000000000009 2.5000000000000004 0.81495052016112302 0.78196678439231604 0.82326400988857973 3.5000000000000004 0.90678650017680862 0.80216454089062672 0.78196678439231604 1.5000000000000002 8.5000000000000018 986.50000000000011 0.79615732005208406 945.50000000000011 0.78196678439231604 0.84858872484371817 396.50000000000006 689.50000000000011 236.50000000000003 2.5000000000000004 1.5000000000000002 179.50000000000003 1200.5000000000002 7.5000000000000009 8.5000000000000018
decision_type=2 2 2 2 2 2 2 2 2 2 2 2 2 2 2 2 2 2 2 2 2 2 2 2 2 2 2 2 2 2 2 2 2 2 2 2 2 2 2 2 2 2 2 2 2 2 2 2
left_child=1 2 3 37 7 6 10 14 9 38 12 17 13 -6 -2 16 -16 34 23 27 22 -22 -21 24 26 -26 -7 -20 -29 -17 31 -12 33 -25 -9 -36 -34 -1 -8 41 -41 -19 43 44 -3 -45 -47 -48
right_child=4 42 -4 -5 5 18 8 11 -10 -11 30 -13 -14 -15 15 29 -18 39 19 20 21 -23 -24 32 25 -27 -28 28 -30 -31 -32 -33 36 -35 35 -37 -38 -39 -40 40 -42 -43 -44 45 -46 46 47 -49
leaf_value=-0.01894450259631553 -0.0045666617172381877 0.003917420111505982 0.054585857947077175 -0.015565873668190341 0.0059628779898750778 -0.046966267533394106 -0.03821577549767334 0.0006660206947943203 0.008702222349467827 0.0033508138054093705 -0.00065616409008095419 0.0073759778447177208 0.0057464059581374015 -0.0058253138081718701 0.025891105594868947 -0.34186478464176134 0.001247049816634857 0.00073907702415464962 0.028630230494142855 -0.0106012204596655 -0.048861662550318659 0.024122269504322839 0.020912246925657324 0.0082996191313248809 0.017763894051477123 -0.014899967103939123 0.012531227491213187 -0.018160050189452125 0.020256935437301622 0.036080163763168568 -0.0089254759466443137 0.038040232679156079 0.0012720310745781911 -0.047633635014419605 0.010259776510012983 -0.049076097375715048 0.020270918165749344 0.016408364236041733 -0.016367796027231585 -0.03941911727518671 -0.01338574740962048 -0.11858811250588765 -0.00045184289532602273 -0.0048181943578995152 -0.015036424482601278 0.015045925071413601 -0.019473825293582513 0.018193365032625843
leaf_weight=482.72233332507312 14227.789114994928 19143.271572683007 709.71015592757612 1915.3145586317405 7937.079326281324 318.54581613838673 2299.4248577691615 3796.6676028110087 1416.8701146133244 1529.5842659063637 3324.6882773935795 2013.2731081955135 20526.18277636636 19965.532081978396 1856.0502162668854 11.401420697569849 3778.6573435477912 1440.0300864577293 4127.9498406965286 1842.1727101430297 2068.5259945113212 1237.0215985495597 4744.6880047488958 1579.4844232052565 2598.4182265102863 10607.863530179486 4688.0729173757136 992.92935943230987 1678.2214474119246 7.6156115010380736 19070.761549558491 564.45942758768797 2368.5573665816337 527.1763609405607 388.17503280937672 637.02105036377907 4521.0997900404036 6104.222167850472 2366.4378451285884 2689.5113150700927 3724.1965681612492 45.922237806022167 122630.45647348557 5757.9877823060378 5546.1151484381407 14049.370477904566 1937.84148732014 1759.6159725170583
leaf_count=3997 93496 169081 21128 26118 56264 1740 16729 28110 9621 18981 16709 10858 222079 151203 16039 118 31119 9502 27959 12511 17511 14204 42894 14037 16332 81639 28598 6664 16628 109 130698 3027 26956 4182 2182 4390 34491 85067 25065 13653 17795 319 993582 58696 32770 111043 16564 15255
internal_value=-7.66716e-05 0.00118892 0.0108491 0.0071983 -0.00152319 -0.000438961 -0.00267216 -0.00537265 -0.0143389 -0.0196083 -0.00142811 -0.0115476 0.00101126 -0.00247209 -0.000796172 0.00869239 0.0093647 -0.0145424 0.00357976 0.00854381 0.000855298 -0.0215492 0.0120988 0.000534566 -0.00373979 -0.00847315 0.0087457 0.0197303 0.00597644 -0.190512 -0.00657341 0.00496012 0.00918793 -0.00569727 -0.00513313 -0.0266095 0.0137394 0.0138175 -0.0271349 -0.0202858 -0.0243025 -0.00294864 0.000667981 0.00351738 -0.000340288 0.00756946 0.0115887 -0.00154805
internal_weight=337555 180037 9211.97 8502.26 157518 122902 79001 34616.3 7612.32 6195.45 71388.7 14734.8 48428.8 27902.6 19881.5 5653.72 5634.71 12721.5 43900.7 16691.5 9892.41 3305.55 6586.86 27209.2 18212.9 13206.3 5006.62 6799.1 2671.15 19.017 22959.9 3889.15 8996.32 2106.66 4821.86 1025.2 6889.66 6586.94 4665.86 7899.66 6413.71 1485.95 170825 48194.2 24689.4 23504.8 17746.8 3697.46
internal_count=2757713 1533301 136310 115182 1224412 996722 650376 227690 70396 60775 579980 86809 429546 207467 140881 47385 47158 75951 346346 138371 87120 31715 55405 207975 128309 97971 30338 51251 23292 227 150434 19736 79666 18219 34682 6572 61447 89064 41794 41269 31448 9821 1396991 403409 201851 201558 142862 31819
is_linear=0
shrinkage=0.12179


Tree=48
num_leaves=49
num_cat=0
split_feature=7 2 8 8 2 8 7 1 6 7 2 7 4 8 1 5 6 2 5 1 9 8 1 8 9 11 11 6 2 9 4 2 2 8 9 5 2 7 2 13 9 4 3 7 11 4 2 1
split_gain=31.9695 47.8691 82.2906 66.9364 37.5117 32.6341 52.7241 48.2067 45.7814 51.0629 45.6508 79.6221 67.4866 45.7849 45.3052 45.1395 38.0082 36.716 32.637 31.6294 121.449 96.1895 87.7771 76.6336 51.6597 48.3894 36.3186 35.269 52.7295 59.4627 45.6202 49.4399 40.4869 37.6387 73.0725 39.9394 38.6681 34.0033 30.471 56.9692 28.1722 27.7307 27.5691 110.803 26.8859 26.8646 26.3271 31.9382
threshold=75.500000000000014 740.50000000000011 0.90286652329037753 0.87366003285681904 613.50000000000011 0.80235441454681389 148.50000000000003 5.5000000000000009 67.500000000000014 121.50000000000001 755.50000000000011 218.50000000000003 1663.0000000000002 0.88085919287258096 1.5000000000000002 285.50000000000006 27.500000000000004 1800.5000000000002 107.50000000000001 4.5000000000000009 0.8604297244941671 0.80235441454681389 5.5000000000000009 0.90286652329037753 0.86810292074514339 0.88229097630801845 0.93066287900928601 141.50000000000003 1920.5000000000002 0.86373612040930992 366.50000000000006 1100.5000000000002 2237.0000000000005 0.80235441454681389 0.73796475997026378 103.50000000000001 2044.5000000000002 59.500000000000007 1579.5000000000002 0.79131645187239752 0.82099742410064558 2480.5000000000005 6.5000000000000009 137.50000000000003 0.67772180980915453 85.000000000000014 1840.5000000000002 6.5000000000000009
decision_type=2 2 2 2 2 2 2 2 2 2 2 2 2 2 2 2 2 2 2 2 2 2 2 2 2 2 2 2 2 2 2 2 2 2 2 2 2 2 2 2 2 2 2 2 2 2 2 2
left_child=1 2 3 -1 -2 8 7 42 17 38 11 16 -13 14 -12 18 -8 41 -11 27 25 24 23 -23 -22 -21 -24 28 30 32 31 -3 -30 35 -35 36 -29 -37 -10 -40 -32 -6 43 -7 -44 -31 -9 -48
right_child=4 19 -4 -5 5 6 10 46 9 15 13 12 -14 -15 -16 -17 -18 -19 -20 20 21 22 26 -25 -26 -27 -28 33 29 45 40 -33 -34 34 -36 37 -38 -39 39 -41 -42 -43 44 -45 -46 -47 47 -49
leaf_value=0.012285525525099285 0.019728488868645793 -0.0018979668718310681 0.050553205255690847 -0.013492869066342237 -0.0030019325712542714 -0.0137616113317426 -0.035005121574909016 0.0047835508311733091 0.0057314204900489711 -0.029355085528206315 -0.0071137706286482126 0.010998228418455781 -0.047401463933385568 0.020480938814053194 0.0053908624455868354 0.055982035166831846 -0.009609940890013902 0.0106730626222319 -0.012430529210900421 0.00061401435551600462 -0.057248064655670783 -0.0079354652610844345 -0.0025424268299318454 -0.033791690504231135 -0.018236233891537734 0.013148881062048937 0.016362724711150706 0.0030349260073833156 -0.0087001747241927697 -0.035195698507836312 0.0082501762371524033 0.013742974558875728 0.020542787499470926 0.035413660507149607 -0.005283638359224645 0.020980612568336592 -0.024745026254677064 -0.010844936562994152 0.052858758805911288 -0.016133567221231441 0.00031845103188139941 -0.07581944355027076 -0.016252450752996812 -0.20194373013543623 -0.0030916448150512255 0.0090611351890058124 0.013301918353835511 -0.02022239120250139
leaf_weight=6513.1652576429769 1244.9563790895045 3784.2017765045166 675.27483599074185 1938.8248477634043 15980.870471201837 1903.6678598131984 1252.3872505128384 15744.603215547279 3579.2929448857903 2364.0996446870267 5069.9328805878758 3854.1736013069749 317.69988626241684 2530.0125821791589 28211.927574228495 126.73336457461119 2894.6379225654528 3343.4505498725921 5927.4072738066316 44800.143099702895 841.58826260827482 5202.2259254250675 9389.7359707690775 2525.7167789991945 1253.20023265481 5086.7345167081803 1795.483492732048 5313.7891653440893 11506.535250868648 210.40121974423528 9674.5191885009408 14420.845699038357 747.89682159945369 674.61918905749917 21835.386717829853 2874.5752907693386 864.06108183413744 602.28694923222065 190.8057487308979 2550.548793759197 21190.930303607136 77.951191686093807 2401.1467607468367 47.569996843114495 55986.057535771281 6150.9868460306898 604.75976768322289 1391.1032492928207
leaf_count=89064 16542 54679 21128 26118 113927 25321 14637 148790 24152 14707 34193 38604 2803 23949 202517 689 30813 20476 32703 297860 6698 48984 102853 24656 11729 59475 37217 30888 71004 1859 60357 151469 4762 4179 147136 14894 4012 2991 783 13041 199371 708 10848 469 439276 59918 4767 9697
internal_value=-6.20007e-05 0.00104756 0.00964086 0.00637215 -0.00132841 -0.00149607 -0.000566074 -0.00246788 -0.00482504 -0.00994197 0.00279872 -0.00532854 0.00655093 0.00468664 0.00348599 -0.0161535 -0.0172792 -0.000937975 -0.0172561 0.000588202 -0.001379 -0.00914687 -0.00640422 -0.016386 -0.0339094 0.00189214 0.000492282 0.00198493 0.0035628 -0.00195615 0.00565651 0.0104918 -0.00691546 -0.00133548 -0.00406395 0.00502597 -0.000850499 0.0154676 -0.00166902 -0.0113315 0.00280458 -0.0033554 -0.00410878 -0.0183494 -0.00363288 0.00759735 0.00311312 -0.0100643
internal_weight=337469 179873 9127.26 8451.99 157596 156351 122210 78078.9 34141.2 14738.9 44130.8 8318.9 4171.87 35811.9 33281.9 8418.24 4147.03 19402.3 8291.51 170746 70894.8 21008 18913.2 7727.94 2094.79 49886.9 11185.2 99851 67686.3 18615.8 49070.5 18205 12254.4 32164.7 22510 9654.71 6177.85 3476.86 6320.65 2741.35 30865.4 16058.8 60338.4 1951.24 58387.2 6361.39 17740.5 1995.86
internal_count=2757713 1533301 136310 115182 1224412 1207870 986684 639168 221186 86075 347516 86857 41407 260659 236710 48099 45450 135111 47410 1396991 589472 232137 213710 73640 18427 357335 140070 807519 603419 137543 465876 206148 75766 204100 151315 52785 34900 17885 37976 13824 259728 114635 475914 25790 450124 61777 163254 14464
is_linear=0
shrinkage=0.12179


Tree=49
num_leaves=49
num_cat=0
split_feature=11 11 9 8 9 12 1 8 8 0 9 8 12 0 11 8 0 10 10 9 11 9 7 10 0 8 8 1 0 5 7 7 11 5 0 8 9 7 0 0 0 1 1 8 8 5 0 7
split_gain=28.9068 27.0987 25.0706 53.9672 115.753 70.8385 58.3349 51.8177 54.4223 44.1116 142.974 53.1758 38.9485 35.8654 35.6444 33.1235 50.4016 148.588 122.663 58.2147 46.5245 45.4386 35.4358 56.954 45.2082 443.546 74.4298 41.5853 35.1094 32.7623 22.8163 22.0156 17.0873 19.6287 76.3364 80.9688 46.1392 45.0662 37.7015 22.7535 32.0612 32.4746 30.9555 26.531 25.049 22.8038 21.4214 17.0519
threshold=0.72611518277234899 0.97132064083509528 0.79913480369519829 0.8622651991476401 0.79225961247450971 0.87723895378272065 1.5000000000000002 0.83205873009260178 0.82029770595515661 8.5000000000000018 0.78902747439572751 0.83205873009260178 0.80389237169954297 3.5000000000000004 0.77129865740882986 0.82029770595515661 1.5000000000000002 0.84991520804606246 0.84547624853687875 0.81056320994217546 0.82572007200720088 0.80526597431425417 149.50000000000003 0.81495052016112302 1.5000000000000002 0.87366003285681904 0.88085919287258096 1.5000000000000002 8.5000000000000018 58.500000000000007 116.50000000000001 398.50000000000006 0.60832460550202494 254.50000000000003 5.5000000000000009 0.82029770595515661 0.73796475997026378 196.50000000000003 2.5000000000000004 4.5000000000000009 1.5000000000000002 2.5000000000000004 2.5000000000000004 0.87366003285681904 0.84698799222000154 100.50000000000001 4.5000000000000009 33.500000000000007
decision_type=2 2 2 2 2 2 2 2 2 2 2 2 2 2 2 2 2 2 2 2 2 2 2 2 2 2 2 2 2 2 2 2 2 2 2 2 2 2 2 2 2 2 2 2 2 2 2 2
left_child=31 2 3 6 5 12 7 8 -2 11 -11 -8 -5 -9 -7 16 17 18 -4 21 -21 -18 24 28 25 -17 -26 -25 -24 -6 -19 32 47 39 35 38 -36 -38 -35 40 41 -34 -42 44 -41 -45 -37 -1
right_child=1 -3 15 4 29 14 9 13 -10 10 -12 -13 -14 -15 -16 22 19 30 -20 20 -22 -23 23 27 26 -27 -28 -29 -30 -31 -32 -33 33 34 36 46 37 -39 -40 43 42 -43 -44 45 -46 -47 -48 -49
leaf_value=-0.034653538202162819 -0.0061897735241775121 0.027062811072329607 -0.011100567599136961 -0.01443293596690089 -0.10960586794893858 -0.055514902422767791 0.0044050902724416217 -0.035205191855199429 0.021319093593601422 -0.0088021740118106682 0.029159385865318504 -0.0038618975933021071 0.021636995736805626 -0.0095505341039374431 -0.0072198022690737381 0.020903697544996033 -0.0052560708567388802 -0.065535159168593093 0.04047314108465757 -0.0073351711244964138 0.00038321615933603338 0.018602291017805372 0.024402707755198198 -0.010122392688229424 -0.0032665868122422098 -0.016878622433751871 0.0033155701396053758 0.0049806241563742438 -0.015112496962854044 0.055383660652724598 0.040497927359810178 -0.10610119980281715 -0.016034073650489953 0.011762669095544048 0.047594141462577892 -0.0089559723021935891 -0.011581995036822607 -0.09595272808347112 0.044380188204003718 -0.0016733564895967696 -0.00055173471508726622 0.0092673621289609369 -0.01458489002345695 0.080290915121323747 0.013715562969227994 -0.059588200234853804 0.025800323740216589 -0.0081137371737732087
leaf_weight=428.77485796809196 5669.3081306628883 563.45215949695557 7257.7310704626143 539.30035933852196 18.194475904107094 309.1035006865859 35639.669179413468 1302.8952179253101 1313.9568154215813 2591.8256913423538 3404.7965018711984 17067.89707493037 2513.8194945938885 2129.1628706045449 850.03961985744536 11195.900593172759 1765.0086159519851 766.01169726252556 755.21377401798964 18965.179610934108 29762.24044556357 3597.1286006271839 2905.6327103357762 3218.7957029761747 76023.273466376588 7833.2682079318911 38329.25639459677 16913.484107106924 376.7611438035965 947.87489100918174 31.332350492477417 30.701955683529377 1026.800977230072 907.37978256493807 189.98198562860489 1664.7341182082891 2949.7152761146426 96.992791876196861 1249.3498991206288 15894.825219485909 3323.965309612453 2816.0737378001213 7809.4463891610503 19.203957438468933 1740.720095988363 173.19389902800322 312.38397952914238 2209.3277610689402
leaf_count=1840 34346 22779 42777 2955 137 2501 222520 6983 8045 16696 25954 114384 17213 14723 9123 86715 12891 5491 5623 119661 277801 24844 21486 27476 739507 63454 452594 156844 2977 8303 206 176 4633 4057 837 7423 14892 504 6138 82798 15348 13174 36331 122 10112 901 1776 9642
internal_value=-5.04927e-05 0.000379435 0.000328295 0.00226225 0.0142543 0.00553404 0.00136382 -0.00703605 -0.00101376 0.00285413 0.0127519 0.00172805 0.0152656 -0.0192897 -0.0200984 -0.000325739 -0.00268682 -0.011229 -0.00623979 -0.00129544 -0.00262085 0.010749 0.000621424 0.00499128 -0.00014569 0.00535078 -0.00106035 0.00256592 0.0198671 0.0522763 -0.0613685 -0.00300632 -0.00293239 -0.0023089 0.00337039 0.0143377 -0.0106369 -0.014268 0.0306573 -0.00358494 -0.00708454 0.00250692 -0.0103952 -0.00064512 -0.00015439 -0.0456263 -0.00346449 -0.0124273
internal_weight=337401 294558 293994 74297.8 5178.33 4212.26 69119.5 10415.3 6983.26 58704.2 5996.62 52707.6 3053.12 3432.06 1159.14 219696 62899.8 8810.29 8012.94 54089.6 48727.4 5362.14 156796 23414.7 133382 19029.2 114353 20132.3 3282.39 966.069 797.344 42843.6 42812.9 40174.8 7370.54 4133.85 3236.69 3046.71 2156.73 32804.2 14976.3 3842.87 11133.4 17827.9 17635.5 192.398 1977.12 2638.1
internal_count=2757713 2547009 2524230 483883 40232 31792 443651 64097 42391 379554 42650 336904 20168 21706 11624 2040347 489294 54097 48400 435197 397462 37735 1551053 208783 1342270 150169 1192101 184320 24463 8440 5697 210704 210528 199046 35627 19394 16233 15396 10195 163419 69486 17807 51679 93933 92910 1023 9199 11482
is_linear=0
shrinkage=0.12179


Tree=50
num_leaves=49
num_cat=0
split_feature=2 7 8 4 7 2 6 8 9 2 10 2 4 10 5 4 5 2 7 10 10 10 10 9 4 4 11 6 2 2 8 2 11 9 6 5 10 2 10 9 5 7 2 8 6 9 7 9
split_gain=41.552 39.6664 39.3727 36.5873 34.5537 77.8063 42.1567 30.0424 128.011 72.2643 92.7749 65.731 61.6111 44.6865 29.9206 26.3554 38.9152 24.2988 23.7147 22.3595 55.0793 27.6634 20.5943 21.9282 27.8119 18.0145 17.8364 17.4613 15.5226 22.6452 18.2166 15.3305 14.9945 14.5843 13.8652 13.1737 12.7057 17.7986 15.3004 12.8018 12.4051 9.97391 9.22304 8.54145 7.97853 7.51908 6.77244 6.7488
threshold=635.50000000000011 412.50000000000006 0.90286652329037753 710.00000000000011 12.500000000000002 2237.0000000000005 6.5000000000000009 0.80235441454681389 0.73796475997026378 2055.5000000000005 0.87232672554846846 1945.5000000000002 551.50000000000011 0.85046214118857588 27.500000000000004 227.50000000000003 54.500000000000007 2310.5000000000005 7.5000000000000009 0.8421513316613739 0.83868538113941626 0.84547624853687875 0.78196678439231604 0.88509204033473221 246.50000000000003 2480.5000000000005 0.85270449666312109 39.500000000000007 805.50000000000011 1500.5000000000002 0.8622651991476401 2135.5000000000005 0.88815189113233362 0.908101553501662 3.5000000000000004 44.500000000000007 0.85035474575294889 600.50000000000011 0.78196678439231604 0.91166050163100321 94.500000000000014 13.500000000000002 710.50000000000011 0.80235441454681389 32.500000000000007 0.87834939749025465 8.5000000000000018 0.92249041852515201
decision_type=2 2 2 2 2 2 2 2 2 2 2 2 2 2 2 2 2 2 2 2 2 2 2 2 2 2 2 2 2 2 2 2 2 2 2 2 2 2 2 2 2 2 2 2 2 2 2 2
left_child=2 4 14 42 6 7 28 9 12 11 -11 -6 -9 -10 -1 36 18 25 -17 20 -18 -21 -7 24 -24 31 -5 35 40 34 -31 -8 -29 -25 -30 -19 38 41 -16 -40 -2 -38 -3 -27 -4 -44 -20 -39
right_child=1 3 44 26 5 22 17 8 13 10 -12 -13 -14 -15 15 16 19 27 46 21 -22 -23 23 33 -26 43 -28 32 29 30 -32 -33 -34 -35 -36 -37 37 47 39 -41 -42 -43 45 -45 -46 -47 -48 -49
leaf_value=-0.073072373392006923 0.05345670292526257 0.042771928343798463 0.095286925579661327 -0.080343493606976346 -0.0035740234148646235 0.096101985383261007 0.0042727080060429709 0.046338113867460229 0.00084122064148603817 -0.011746115519039988 -0.073373254525655837 0.010950596819009652 0.012030704746851311 -0.0027585563728858434 -0.0091767908854000907 -0.15968389936421379 0.0037654171711950578 -0.091648068377641431 0.045044549187825994 0.031861842607841362 -0.057933265586747586 0.0063189118783903136 -0.060704710416260951 0.086130901608301197 0.02414517554995076 -0.048020072363404817 -0.22060309456403726 -0.056574695461293879 -0.072833842426361622 -0.012758914383903272 0.016753774841590303 0.012985092559050169 0.0017395773876650636 0.01795226647647161 -0.024740734090284624 0.013733223133286006 -0.050471939035959111 0.042314877783262449 0.04543821388513232 -0.033637437468963062 -0.14282424450820005 0.014488137245280672 -0.069150991890276736 -0.0089149628241304638 0.043284776888959597 0.043130952768931981 -0.066599102472888527 -0.035753342128792158
leaf_weight=67.742386827245355 75.119564180262387 45.87341745197773 75.693668664433062 98.871429093182087 52260.54389299918 66.765424802899361 31718.053274424747 1123.7040588706732 148182.98737496696 1668.745987161994 462.82542568072677 5069.8202425576746 2512.3943551816046 78113.491087991744 102.16068011149764 33.474312700331211 3322.6778090819716 19.236723311245441 15.39190127328038 904.46523560211062 229.43301357701421 2064.2315727975219 61.340539677068591 134.31610419228673 869.74091554060578 122.96765087544918 15.565292671322821 224.63964400067925 104.04924767278135 1365.0102465357631 401.45841608941555 3308.1819330211729 92.267944127321243 71.212038207799196 611.3662775401026 206.23926008865237 90.366136712953448 142.19954865984619 615.61216162610799 31.943109221756458 5.1002584341913453 57.281433150172234 29.941100731492043 253.9372827783227 103.73978190124035 12.556254424154757 16.917368272319436 18.569652603939176
leaf_count=569 1277 302 3050 544 341803 453 266122 7843 1086535 9410 3145 28852 15743 820042 1226 369 35261 161 239 12781 2390 32649 524 1436 7183 618 117 1921 1256 10698 4359 24668 1068 888 7505 1909 1098 2963 8764 629 43 1215 194 1537 4320 88 225 432
internal_value=9.07619e-05 -0.00011853 0.00882396 -0.0539636 -8.53484e-05 -0.000539622 0.00334283 -0.000668129 -3.70964e-05 -0.00310826 -0.0251271 -0.00228959 0.0226331 -0.000401358 0.00751184 0.00822592 0.00535974 0.00441866 -0.0878436 0.0063 -0.000219739 0.014101 0.0303645 0.026503 0.0185552 0.0048106 -0.0994211 -0.0211642 -0.0117508 -0.0134551 -0.00605168 0.00509558 -0.0395964 0.0625082 -0.0317353 0.00474251 0.0260671 0.00525969 0.0346269 0.0415375 0.0409774 -0.02527 0.00490208 -0.0216733 0.0652218 -0.0359762 -0.0134129 0.0332976
internal_weight=337200 329308 7891.9 202.807 329106 290598 38507.6 289395 229933 59461.9 2131.57 57330.4 3636.1 226296 7712.47 7644.72 6586.59 35945.5 65.7836 6520.81 3552.11 2968.7 1203.38 1136.61 931.081 35403.1 114.437 542.384 2562.1 2481.88 1766.47 35026.2 316.908 205.528 715.416 225.476 1058.13 308.417 749.716 647.555 80.2198 147.648 88.3708 376.905 179.433 42.4974 32.3093 160.769
internal_count=2756424 2648244 108180 1245 2646999 2323857 323142 2313373 1930163 383210 12555 370655 23586 1906577 100810 100241 83914 298004 833 83081 37651 45430 10484 10031 7707 292945 661 5059 25138 23818 15057 290790 2989 2324 8761 2070 16327 5708 10619 9393 1320 2313 584 2155 7370 282 464 3395
is_linear=0
shrinkage=0.12179


Tree=51
num_leaves=49
num_cat=0
split_feature=11 0 9 8 6 3 9 8 5 3 1 0 7 4 7 5 6 4 3 6 11 7 0 4 7 1 5 3 9 6 9 5 6 8 3 6 11 6 3 3 7 8 4 0 3 11 5 1
split_gain=31.0662 35.7508 108.69 57.5635 45.7155 32.0425 30.5377 41.7839 41.9204 44.2036 32.8161 29.3107 29.1238 25.8988 23.4677 42.0398 31.3367 27.9798 27.8491 27.0773 26.8259 25.469 59.3835 43.5801 27.654 37.9304 24.9529 23.0975 21.249 52.66 38.479 52.6211 48.2782 26.5771 24.4781 22.1422 21.2707 19.9564 24.2244 22.1847 20.6375 19.7182 19.6196 19.3904 46.1269 29.4865 18.3429 18.0799
threshold=0.90846370003774701 2.5000000000000004 0.91888412017167387 0.90286652329037753 12.500000000000002 10.500000000000002 0.92083740632342559 0.90286652329037753 64.500000000000014 13.500000000000002 4.5000000000000009 1.5000000000000002 412.50000000000006 710.00000000000011 12.500000000000002 30.500000000000004 64.500000000000014 1560.0000000000002 21.500000000000004 117.50000000000001 0.90811480487301266 259.50000000000006 8.5000000000000018 1663.0000000000002 251.50000000000003 6.5000000000000009 91.500000000000014 7.5000000000000009 0.88629392050254319 19.500000000000004 0.88010683964291048 132.50000000000003 38.500000000000007 0.80235441454681389 10.500000000000002 3.5000000000000004 0.91040954000802654 74.500000000000014 10.500000000000002 21.500000000000004 2.5000000000000004 0.82029770595515661 327.50000000000006 6.5000000000000009 22.500000000000004 0.92081733921113529 54.500000000000007 2.5000000000000004
decision_type=2 2 2 2 2 2 2 2 2 2 2 2 2 2 2 2 2 2 2 2 2 2 2 2 2 2 2 2 2 2 2 2 2 2 2 2 2 2 2 2 2 2 2 2 2 2 2 2
left_child=12 2 28 11 -5 -6 37 43 9 -9 -11 41 14 -14 15 16 -1 20 21 -20 27 24 23 -23 26 -26 -16 -17 30 33 34 32 -32 36 35 -2 -30 39 -39 47 -41 -4 -35 -8 45 -45 -7 -3
right_child=1 6 3 4 5 46 7 8 -10 10 -12 -13 13 -15 18 17 -18 -19 19 -21 -22 22 -24 -25 25 -27 -28 -29 29 -31 31 -33 -34 42 -36 -37 -38 38 -40 40 -42 -43 -44 44 -46 -47 -48 -49
leaf_value=-0.018021307251935209 -0.18475965643472983 0.0087728629045743748 -0.090768321790156481 0.0014648481057847956 -0.021261241288458278 -0.1916008327251181 0.014548395566789447 0.055959701007201844 0.050323672063041044 0.015126037076645596 -0.070464192694175601 0.011546353522354124 0.0044207949299176121 -0.082450894735971503 -0.0026420113051125503 0.018590231342511643 -0.12169461450524241 -0.011270964444202891 0.0088286982987410383 0.061675308677870216 -0.076745400924109641 0.0039893093807140557 0.027989062550773568 -0.022947574455357514 -0.0083937075780462621 -0.05568432712383635 -6.7322648594231129e-05 0.0036086073398458318 -0.20926734026938523 0.026295592267296022 -0.00093458069447395183 0.038295747268199815 -0.054813518225444037 0.0088887078544764332 0.0099995876361941571 -0.0088897726219758118 -0.046720293505194806 0.026108560816183811 0.0063171429649662575 -0.17203326405753483 0.043598547124735848 -0.022896972562025792 -0.028454788719762373 -0.072775533913311999 -0.39690218954972961 0.002547270365465453 -0.090838434826343947 -0.00093594199703114593
leaf_weight=857.19171634688973 10.71202516928315 3910.5092313084751 76.27486340329051 125.25311858579516 100.56198832951486 29.269893925637007 1158.9434004258364 149.84209642466158 842.05918966699392 135.79397035483271 130.10594778880477 380.01949199289083 88.08994597196579 120.5815961882472 83226.833199406043 1605.8609751882032 45.54315085336566 1831.9183924011886 2412.8100381009281 152.92594388872385 60.616925366222858 9950.9743742514402 1427.6645630672574 978.46910743042827 1883.3221417441964 290.35502945259213 169631.62343102321 30848.72066754289 15.239676110446451 1530.8354869987816 431.5971710998565 189.04722931049764 575.75258990935981 593.04516761004925 3000.8614525776356 1214.8534621205181 55.168895594775677 1232.8615084011108 3584.0894316304475 6.762216353788971 248.99151815287769 378.831173857674 321.97647068463266 92.186407679691911 4.6029403842985621 470.70145757496357 317.22646548971534 10441.637744531035
leaf_count=6371 142 78814 849 1511 1720 364 23404 5421 19680 2794 1935 5381 584 661 678025 20450 376 13297 19293 883 566 81808 13241 7551 13287 2067 1148447 227288 128 17572 4593 1930 6138 7046 31682 16973 615 26567 49688 91 3382 5154 3835 1560 64 13298 2744 187154
internal_value=8.22335e-05 0.0037077 -0.00261977 -0.0338123 -0.0635652 -0.0817848 0.00634681 0.0178172 0.0347009 0.00305799 -0.0267536 -0.0134226 -0.000294728 -0.0457783 -0.00026363 0.00269177 -0.0232516 0.00337364 -0.000649537 0.0119785 0.00419872 -0.00077071 0.00462916 0.00157776 -0.00103235 -0.0147107 -0.000914766 0.0043499 0.00291003 0.0121598 -0.00138198 -0.0206643 -0.0317292 -0.00979982 0.00407636 -0.010427 -0.081903 0.00458461 0.0113826 0.00234297 0.0378972 -0.0342721 -0.00425167 0.00551654 -0.0129285 -0.00978865 -0.0993502 0.0017094
internal_weight=337169 31755.6 9346.53 1407.44 572.311 447.058 22409.1 2984.24 1257.8 415.742 265.9 835.126 305414 208.672 305205 35249.9 902.735 34347.1 269955 2565.74 32515.2 267389 12357.1 10929.4 255032 2173.68 252858 32454.6 7939.09 2516.27 5422.82 1196.4 1007.35 985.43 4226.43 1225.57 70.4086 19424.9 4816.95 14607.9 255.754 455.106 915.022 1726.43 567.491 562.888 346.496 14352.1
internal_count=2756424 522229 108377 17723 6339 4828 413852 68156 29830 10150 4729 11384 2234195 1245 2232950 268348 6747 261601 1964602 20176 248304 1944426 102600 89359 1841826 15354 1826472 247738 90654 29196 61458 12661 10731 11624 48797 17115 743 345696 76255 269441 3473 6003 10881 38326 14922 14858 3108 265968
is_linear=0
shrinkage=0.12179


Tree=52
num_leaves=49
num_cat=0
split_feature=2 8 1 0 0 9 10 1 2 0 0 10 0 0 1 0 8 9 8 0 9 9 8 0 10 10 0 0 10 0 8 2 8 9 6 2 10 2 8 8 9 4 2 1 6 1 8 6
split_gain=31.7125 32.4686 27.9093 69.3692 103.82 99.754 68.5914 66.8576 107.44 89.175 102.969 80.5755 70.2686 57.4844 51.205 114.794 126.472 144.059 112.124 111.61 218.999 229.037 73.4009 129.702 70.3925 61.5092 61.6127 132.596 233.539 93.4301 73.2148 55.8676 45.9438 54.645 81.6005 101 56.2247 43.5706 71.1984 38.1291 36.9041 36.5566 35.7616 96.7161 30.0482 33.6955 28.2683 28.0238
threshold=635.50000000000011 0.90286652329037753 2.5000000000000004 7.5000000000000009 6.5000000000000009 0.78902747439572751 0.83781828904422406 1.5000000000000002 1220.5000000000002 5.5000000000000009 4.5000000000000009 0.81495052016112302 1.5000000000000002 2.5000000000000004 5.5000000000000009 6.5000000000000009 0.84698799222000154 0.76645112812423111 0.82029770595515661 1.5000000000000002 0.8604297244941671 0.86765667371301236 0.88085919287258096 8.5000000000000018 0.80631923638998237 0.80374404239962316 8.5000000000000018 6.5000000000000009 0.81970728183356467 1.5000000000000002 0.88637416310275396 1655.5000000000002 0.87366003285681904 0.79225961247450971 287.50000000000006 1555.5000000000002 0.84426331692035683 1235.5000000000002 0.84698799222000154 0.88637416310275396 0.79225961247450971 391.50000000000006 1720.5000000000002 6.5000000000000009 166.50000000000003 1.5000000000000002 0.84698799222000154 260.50000000000006
decision_type=2 2 2 2 2 2 2 2 2 2 2 2 2 2 2 2 2 2 2 2 2 2 2 2 2 2 2 2 2 2 2 2 2 2 2 2 2 2 2 2 2 2 2 2 2 2 2 2
left_child=1 -1 3 4 7 44 -7 9 13 10 -2 -11 -10 -9 15 19 17 31 -19 20 24 -22 23 -18 -4 42 27 29 -29 -27 40 -17 33 -5 36 -36 -35 39 -39 -21 -28 -24 46 -44 -6 -46 -16 -8
right_child=2 -3 14 32 5 6 47 8 12 11 -12 -13 -14 -15 25 16 22 18 -20 37 21 -23 41 -25 -26 26 30 28 -30 -31 -32 -33 -34 34 35 -37 -38 38 -40 -41 -42 -43 43 -45 45 -47 -48 -49
leaf_value=0.0065765348435511007 -0.0028326196977957758 0.060746683429217296 -0.0050591181620686047 0.0037872189812968543 0.00062558295150986565 0.0092189832915247245 0.032163030836123929 -0.015133714053260154 -0.004540323009030651 0.012211115882903738 0.016168454556419513 -0.026268814310841045 0.01401368517963757 0.0026993227577075223 0.00255819048769087 -0.00066809568870761053 -0.0014590077112889668 0.0043440055638850556 0.020945520946899967 -0.003615908263936209 -0.050358508237687886 -0.00031661159649120323 0.015124788130724254 -0.029623167993168144 0.01902711532452243 -0.007922313872078585 0.00028027595527023002 -0.051862727953729156 -0.0053888703612398805 0.0051768264653049689 -0.031815099018900804 -0.02901598960642875 0.0086058521318122319 -0.0028920999239111359 0.0094061995026009249 -0.10989295891460291 -0.020181222468154365 -0.011623451163529632 -0.0027978525722515478 0.013640194394105838 0.02287675070483039 -0.003011082964934349 0.041306200340077238 0.0021367555078927727 -0.066973701511185563 -0.005802923128204485 0.018623481422138443 0.10458802160812282
leaf_weight=7658.8485865360126 24431.492659231648 167.71506519801915 2219.4948290735483 4792.4665930457413 932.59488984197378 3133.4234599675983 3580.4601559583098 4194.8398871701211 3656.0385400429368 1039.1181984208524 5116.1663364544511 3615.7303513139486 17615.524893360212 7430.1479661455378 9869.7796736881137 2374.7069104872644 6683.7443343773484 14138.945242829621 10527.063449630514 28883.672021584585 1777.4166482910514 5730.3479957450181 2836.8935016300529 3806.7019387967885 9516.2875306550413 10561.515246180817 1505.8171429894865 1840.9097026828676 12454.683868126944 34325.480069005862 513.74926555529237 1822.6632217392325 3236.6280941469595 7156.7894624527544 173.46517428010702 267.71284452080727 4572.5321851670742 34565.1426820755 22308.958371134475 2032.9767308505252 3721.6004818249494 3935.6935973009095 1623.4852580074221 2204.9375499039888 260.34023345634341 274.2993385642767 1944.6925988905132 81.038531787693501
leaf_count=100810 165814 7370 10825 28912 5759 25964 45408 30944 23362 6783 50205 32966 130851 72357 64979 14632 65934 105702 87872 236391 11691 42502 44620 35365 59636 76768 10570 14498 130377 325634 8518 7881 45393 56910 1229 1416 46872 199958 164867 30645 42828 42140 10348 12812 1486 1604 15420 596
internal_value=7.53931e-05 0.00773734 -0.000106717 0.00164681 0.00334564 0.0162278 0.0224463 0.00175941 0.00567937 -0.00201087 0.000457409 -0.0176788 0.0108247 -0.00373567 -0.000823656 -0.00213108 0.00294799 0.00787994 0.0114293 -0.0043199 0.00408015 -0.0121637 -0.00529811 -0.011679 0.0144719 0.00166181 1.00014e-05 -0.00115855 -0.0113735 0.00209471 0.0120559 -0.0129779 -0.00469126 -0.00722842 -0.0115661 -0.0629862 -0.00963205 -0.00616117 -0.0081616 -0.0024812 0.0163676 0.00458565 0.00851742 0.018747 -0.0125708 -0.0355897 0.00520258 0.033766
internal_weight=337115 7826.56 329288 95560.8 75361.2 8262.16 6794.92 67099.1 32896.6 34202.5 29547.7 4654.85 21271.6 11625 233727 153161 46126.4 28863.4 24666 107034 19243.5 7507.76 17263 10490.4 11735.8 80566.7 64923.8 59182.6 14295.6 44887 5741.17 4197.37 20199.6 16963 12170.5 441.178 11729.3 87790.7 56874.1 30916.6 5227.42 6772.59 15642.9 3828.42 1467.23 534.64 11814.5 3661.5
internal_count=2756424 108180 2648244 774831 594099 80817 71968 513282 257514 255768 216019 39749 154213 103301 1873413 1160661 404146 216087 193574 756515 124654 54193 188059 101299 70461 712752 609193 547277 144875 402402 61916 22513 180732 135339 106427 2645 103782 631861 364825 267036 53398 86760 103559 23160 8849 3090 80399 46004
is_linear=0
shrinkage=0.12179


Tree=53
num_leaves=49
num_cat=0
split_feature=11 11 0 10 11 2 5 2 10 2 10 10 2 7 3 10 1 10 0 10 10 0 10 10 1 9 11 7 9 11 3 10 9 9 2 2 0 9 3 2 2 0 5 2 10 7 10 9
split_gain=29.3796 24.7775 25.7142 29.7771 40.4175 60.9541 44.1509 44.022 36.9265 57.4707 52.3345 36.4541 54.7547 33.5376 27.7719 27.0841 33.2189 28.8573 57.2891 233.117 157.059 35.5551 67.9547 60.0423 26.3188 25.3825 20.4847 20.1361 19.2052 17.7447 16.1214 60.9536 58.4955 93.8472 110.736 48.6717 36.3272 31.1074 24.3705 19.4618 28.0816 17.6902 18.0492 17.6105 16.9725 34.461 29.327 16.5366
threshold=0.9769672855879753 0.74471505046562214 3.5000000000000004 0.84547624853687875 0.84881292378232409 1810.5000000000002 37.500000000000007 1710.5000000000002 0.87254732409612157 715.50000000000011 0.8826398491876456 0.8034400510947084 1429.5000000000002 174.50000000000003 4.5000000000000009 0.91247048341958636 1.5000000000000002 0.87783551284709571 2.5000000000000004 0.8826398491876456 0.88394400514895188 2.5000000000000004 0.87432366318277344 0.77413245550436538 3.5000000000000004 0.8604297244941671 0.8197373952311201 4.5000000000000009 0.89977089353197381 0.90746092913722987 9.5000000000000018 0.77089915842315093 0.73796475997026378 0.76645112812423111 834.50000000000011 935.50000000000011 6.5000000000000009 0.79225961247450971 6.5000000000000009 1120.5000000000002 1125.5000000000002 2.5000000000000004 219.50000000000003 850.50000000000011 0.80740994692863011 7.5000000000000009 0.77719158662646826 0.80526597431425417
decision_type=2 2 2 2 2 2 2 2 2 2 2 2 2 2 2 2 2 2 2 2 2 2 2 2 2 2 2 2 2 2 2 2 2 2 2 2 2 2 2 2 2 2 2 2 2 2 2 2
left_child=1 30 15 4 5 7 -7 -4 13 14 -11 12 -6 25 -10 17 -17 21 19 -19 -20 23 -23 -3 27 -5 -15 -18 -26 -13 31 38 35 34 -34 43 -37 -35 41 47 -41 -1 -43 -33 46 -46 -42 -32
right_child=-2 2 3 8 11 6 -8 -9 9 10 -12 29 -14 26 -16 16 24 18 20 -21 -22 22 -24 -25 28 -27 -28 -29 -30 -31 39 32 33 37 -36 36 -38 -39 -40 40 44 42 -44 -45 45 -47 -48 -49
leaf_value=0.042337059347492108 0.036632808221601927 0.019018476730517681 0.00036466618440285961 -0.00048306860983964121 0.0033799588238148815 -0.043542554247601707 0.009470710391450669 -0.011825234046088904 -0.036826148230452313 0.0090432413143004924 -0.0017636025133435001 0.0040275390890940873 0.033933644751095324 -0.16306084642454913 0.030552393980381249 -0.035506827339067362 -0.015217420459487057 -0.038757834222569267 0.036180836708772028 -0.0004679912170865657 -0.007208971266675827 -0.0043286817442204951 0.029461879563346928 0.00070335086539510176 0.028026259409445874 -0.0069534365092504963 -0.035800816102785682 0.072666163254684432 -0.017583523475328631 0.014526038335666394 0.011303857716539606 0.013648436182037824 -0.022045638059543848 0.004480232096694149 -0.10060189505184439 0.0050924527859144584 -0.075967887422033184 -0.012691482779304404 0.030827299344964528 -0.086645326576475654 -0.0053378562208378976 -0.051892785031237135 0.11597202384305573 0.045959420869182394 0.014160819355611518 -0.0050260856616785492 0.0056205469732913231 -0.0065420444077536723
leaf_weight=53.94715628027916 325.70817184448242 2783.9329058304429 42346.96952464059 32089.977455064654 1780.3861983120441 237.33929837495089 12801.799416895956 4903.0930187627673 97.035797825083137 9806.6416046973318 20628.322235245258 24181.507517761551 1701.3712492976338 20.28757156431675 1397.7548131458461 145.42619475536048 46.306321516633034 3175.859937408939 1656.6765464451164 9163.2689423747361 4889.2605857662857 32412.538869969547 907.49058271944523 57309.529608789831 424.25812923908234 12494.235231633298 249.40537033230066 234.51360299997032 202.20358873531222 2649.6733583845198 3041.302056491375 1115.6674230471253 1054.5816533304751 2215.7092904113233 356.01979422569275 185.10195355117321 147.23020154237747 5326.5385013073683 843.68528641015291 58.121950462460518 5994.2346454039216 130.59709800034761 10.24619837105274 322.5349765829742 1476.1126463413239 23387.43863414228 9154.6065221130848 1031.3533557876945
leaf_count=299 14831 15393 331346 284408 21241 1601 77919 27175 1474 120531 261425 268162 15510 217 37113 1778 536 25984 14530 80908 42273 202819 7225 386801 4026 172695 3779 3042 2262 48025 16751 8194 6580 12676 2064 1255 1053 30599 4921 301 28233 981 95 2150 7229 110139 42184 5691
internal_value=7.25427e-05 3.71699e-05 0.000503433 0.00146262 0.00295802 0.00113403 0.00850576 -0.000900268 -0.000301908 0.00286363 0.00171854 0.00658572 0.0183101 -0.00255533 0.0261784 -0.000912993 0.0185311 -0.00109527 -0.00543733 -0.0103231 0.00377233 -0.000217445 -0.00340838 0.00155183 0.0271927 -0.00229632 -0.0453739 0.0581744 0.0133048 0.0050643 -0.00230425 -0.00631089 -0.00903926 -0.0130394 -0.0418723 0.0111879 -0.030819 -0.0076469 0.0218626 -0.00123669 -0.00205195 -0.016966 -0.0396808 0.0208946 -0.00192907 -0.00388699 0.00128442 0.00678459
internal_weight=336968 336642 280737 167386 90602.1 60289.2 13039.1 47250.1 76783.7 31929.8 30435 30312.9 3481.76 44853.9 1494.79 113351 1052.71 112299 18885.1 12339.1 6545.94 93413.5 33320 60093.5 907.282 44584.2 269.693 280.82 626.462 26831.2 55905 11761.9 10723.4 8952.85 1410.6 1770.53 332.332 7542.25 1038.48 44143.2 40070.5 194.79 140.843 1438.2 40012.4 24863.6 15148.8 4072.66
internal_count=2756424 2741593 2460198 1672621 790979 438041 79520 358521 881642 420543 381956 352938 36751 461099 38587 787577 11644 775933 163695 106892 56803 612238 210044 402194 9866 457103 3996 3578 6288 316187 281395 70867 64571 51919 8644 12652 2308 43275 6296 210528 188086 1375 1076 10344 187785 117368 70417 22442
is_linear=0
shrinkage=0.12179


Tree=54
num_leaves=49
num_cat=0
split_feature=11 1 0 0 9 10 1 3 8 0 10 10 1 0 6 1 0 9 0 8 1 5 9 10 8 0 0 8 0 9 10 0 0 8 1 7 6 0 8 9 6 3 8 8 7 3 0 6
split_gain=23.5727 23.0109 55.1411 82.2456 76.2787 57.1513 48.8847 81.3749 76.4703 90.7513 80.3515 54.2793 37.6254 87.6175 112.164 108.104 184.698 112.457 87.1293 171.469 91.5897 69.7629 66.4716 61.6566 47.104 82.241 80.8338 93.3201 54.2995 47.353 57.0339 74.3505 41.3598 91.4954 57.916 36.6719 36.47 39.76 35.6296 46.9105 68.3557 33.8188 32.4861 31.7402 31.077 27.2572 25.4075 25.0609
threshold=0.9769672855879753 2.5000000000000004 7.5000000000000009 6.5000000000000009 0.78902747439572751 0.83781828904422406 1.5000000000000002 19.500000000000004 0.84698799222000154 5.5000000000000009 0.84426331692035683 0.78012351836885896 5.5000000000000009 6.5000000000000009 200.50000000000003 4.5000000000000009 7.5000000000000009 0.87564029177044966 1.5000000000000002 0.87366003285681904 3.5000000000000004 320.50000000000006 0.76645112812423111 0.80631923638998237 0.84698799222000154 2.5000000000000004 5.5000000000000009 0.87366003285681904 3.5000000000000004 0.78902747439572751 0.8034400510947084 1.5000000000000002 1.5000000000000002 0.87366003285681904 6.5000000000000009 344.50000000000006 152.50000000000003 5.5000000000000009 0.87366003285681904 0.79225961247450971 140.50000000000003 17.500000000000004 0.84698799222000154 0.83205873009260178 146.50000000000003 12.500000000000002 1.5000000000000002 187.50000000000003
decision_type=2 2 2 2 2 2 2 2 2 2 2 2 2 2 2 2 2 2 2 2 2 2 2 2 2 2 2 2 2 2 2 2 2 2 2 2 2 2 2 2 2 2 2 2 2 2 2 2
left_child=1 2 3 6 -5 -6 8 11 10 -10 -1 -8 13 18 15 17 -17 -15 19 23 -21 42 43 -3 29 32 28 -28 -27 36 44 -32 34 -34 -26 38 45 -38 39 -4 -41 -24 -20 -16 -31 -14 -9 -7
right_child=-2 12 35 4 5 47 7 46 9 -11 -12 -13 24 14 22 16 -18 -19 21 20 -22 -23 41 -25 25 26 27 -29 -30 30 31 -33 33 -35 -36 -37 37 -39 -40 40 -42 -43 -44 -45 -46 -47 -48 -49
leaf_value=0.00039053461210353236 0.033392024722570995 -0.0043513217724836925 0.0034208646468841353 -0.010447956358740816 0.0080912076984835293 0.026029439484798887 -0.011572376380230171 -0.00017455533152788662 0.010113820686064069 -0.019322368992486887 -0.014480650618478395 0.0048188437970995354 0.0015657851164733937 0.00067602748833568704 -0.011668690901897117 0.010884402780721133 -0.018914442815640777 0.020325543534745628 -0.0074721443175685765 -0.047200938766924078 -0.0069517564013739912 0.021773568904582426 0.017671143038557612 0.01383503510930623 0.017602185365298114 0.0060869396075009493 0.013926143525827762 -0.0080381779269306786 0.026150775416605876 0.0091853538730684494 -0.018749293678982364 -0.0025749975340458773 -0.034286489633459406 0.0051432360898873318 -0.0091060915323263637 0.042468837301776995 0.0097085651850542607 -0.011268460732288973 0.0071078546136060031 -0.006544270208879743 -0.030314090084364767 0.039874809607076893 -0.0026838705307597422 0.045430422724353776 -0.0041205457176206562 0.019193665995719089 0.02710103011549235 0.053724298646969759
leaf_weight=12962.223455548286 314.55071349907666 3598.7141337692738 4820.7427475750446 1488.2478091306984 3196.3139743637294 3067.3936434388161 3375.7959555275738 611.25730906426907 11105.778524728492 1806.14511065837 9224.3001283034682 26679.294229106978 1977.944397661835 20775.411113594659 1364.6048096977174 4716.7862413814291 8919.0573848905042 5454.4526575626805 54514.338203825057 1164.4710263516754 2996.630607649684 1400.0823610909283 4164.7834684289992 11936.758668150753 2145.5153192467988 3183.0997411776334 5802.6516894586384 5675.544998084195 5386.2593214903027 7828.6016174871475 5038.7193253934383 25803.748291742057 1761.0651132687926 1730.8616006560624 2745.122537849471 249.12017422541976 2679.1696360446513 2681.752813834697 3269.7221566960216 10143.411162732169 2180.2096455618739 1346.4335842579603 34202.278043150902 161.49046142399311 3900.9215423986316 3801.9727316126227 2957.6077199298888 575.58058967068791
leaf_count=78785 14831 18422 29550 9026 27225 42831 19161 3812 101151 19025 66245 222163 15163 173083 7256 45594 75980 76935 353542 9240 21105 7684 31185 80321 19324 30012 66703 79420 74962 51409 33737 231644 15133 16471 21114 2466 15800 15504 46291 93011 15808 7720 294212 1011 27914 21008 21817 4618
internal_value=6.72477e-05 3.61033e-05 0.00161057 0.00310882 0.0145395 0.0199768 0.00172369 0.00504238 -0.00145559 0.00599623 -0.00579233 0.00297778 -0.000607982 -0.00171463 0.00269169 0.000189382 -0.0086067 0.00476211 -0.00359664 0.00374128 -0.0182154 -0.00520046 0.016867 0.00962226 0.00150333 0.00551203 0.00974771 0.0030656 0.018698 -0.000618474 -0.00246835 -0.00521738 -0.00461793 -0.0147422 0.00261079 -0.00397618 0.00645037 -0.000785002 -0.00454297 -0.00676497 -0.0107495 0.0230957 -0.00562616 -0.0056265 0.00476017 0.0131612 0.0224294 0.0304052
internal_weight=336887 336572 97713.1 77049.9 8327.54 6839.29 68722.4 33624 35098.4 12911.9 22186.5 30055.1 238859 156716 46903 39865.7 13635.8 26229.9 109813 19696.6 4161.1 90116.7 7037.31 15535.5 82143 28430.1 20047.6 11478.2 8569.36 53712.8 42572 30842.5 8382.56 3491.93 4890.64 20663.2 11140.8 5360.92 20414.1 17144.4 12323.6 5511.22 88716.6 1526.1 11729.5 5779.92 3568.87 3642.97
internal_count=2756424 2741593 802985 615859 83700 74674 532159 266953 265206 120176 145030 241324 1938608 1203290 418764 371592 121574 250018 784526 129088 30345 655438 47172 98743 735318 323139 251097 146123 104974 412179 344704 265381 72042 31604 40438 187126 67475 31304 184660 138369 108819 38905 647754 8267 79323 36171 25629 47449
is_linear=0
shrinkage=0.12179


Tree=55
num_leaves=49
num_cat=0
split_feature=6 2 2 8 9 0 8 9 2 9 6 2 4 10 5 2 2 9 9 10 5 5 9 4 12 4 0 0 6 2 2 10 0 10 11 0 5 4 10 2 8 8 8 11 8 9 4 11
split_gain=17.2452 66.8196 57.5846 52.3407 70.7806 51.9279 75.0783 51.8039 45.8236 127.766 223.595 56.3085 67.8098 45.4481 45.2168 44.6778 43.0382 42.7406 42.8628 41.7637 39.8793 37.5902 36.5227 54.6057 36.0865 64.6102 37.6101 35.6804 34.1901 36.5779 34.7234 34.0364 34.0337 32.6247 32.5414 31.847 30.9254 36.2336 30.5193 29.3021 75.466 73.5069 54.9951 41.8156 31.744 28.4316 27.2782 26.3929
threshold=44.500000000000007 2025.5000000000002 820.50000000000011 0.88085919287258096 0.87900898597039345 2.5000000000000004 0.90286652329037753 0.82330547300850088 900.50000000000011 0.83773463753738309 199.50000000000003 1130.5000000000002 1196.0000000000002 0.88394400514895188 41.500000000000007 844.50000000000011 532.00000000000011 0.87472877828671858 0.73796475997026378 0.84830924090295401 171.50000000000003 219.50000000000003 0.86687508111313971 403.50000000000006 0.83000232769989923 109.50000000000001 2.5000000000000004 2.5000000000000004 79.500000000000014 755.50000000000011 710.50000000000011 0.86158144372722179 1.5000000000000002 0.8719725586164867 0.70370662825095531 5.5000000000000009 338.50000000000006 1189.5000000000002 0.77089915842315093 820.50000000000011 0.90286652329037753 0.8622651991476401 0.88637416310275396 0.89517889843639964 0.83205873009260178 0.83773463753738309 342.50000000000006 0.87664835961048004
decision_type=2 2 2 2 2 2 2 2 2 2 2 2 2 2 2 2 2 2 2 2 2 2 2 2 2 2 2 2 2 2 2 2 2 2 2 2 2 2 2 2 2 2 2 2 2 2 2 2
left_child=1 7 16 4 8 6 21 27 9 10 -4 12 -10 22 -3 -6 46 18 -18 47 -13 -5 35 -24 26 -26 -17 -1 29 30 -19 -16 -20 -21 -9 -7 37 -29 -30 40 41 -36 44 -44 -41 -34 -2 -8
right_child=2 14 3 5 15 13 19 34 11 -11 -12 20 -14 -15 31 24 17 28 32 33 -22 -23 23 -25 25 -27 -28 36 38 -31 -32 -33 45 -35 39 -37 -38 -39 -40 42 -42 -43 43 -45 -46 -47 -48 -49
leaf_value=-0.0032860034593369179 -0.079064942618724168 -0.0113758791821319 -0.03872660182304874 0.0063964478313700245 0.030309676991631122 0.01366239043196826 -0.032230466950579684 -0.014870035764394536 0.0080313980272141653 0.0063103157203789045 0.0066251452396443988 -0.0028789701154018727 -0.0066796665742164321 -0.0034426652796196488 0.021427899915103681 -0.027551977576680466 0.028501929487508616 0.016331156763500918 0.015217028480084428 0.019703343620440891 0.0021320390801797123 -0.02601852292572189 0.030868956551248057 0.0051082529163262178 -0.1639438350585761 -0.020183145311740345 0.0033632995361283363 0.015426999499630297 -0.085388947550542854 0.041664699849367666 -0.016561147866221908 0.0039477647850389526 0.0055528846153143361 -0.025162309856765281 -0.00092900076012911669 0.00017260424694719379 0.054856571304196876 -0.0070097025402185535 0.039566598387090424 -0.00033622593508501403 0.037841765552019985 -0.020243028203198139 -0.017522589201272573 -0.0017854284336377832 0.0055120563438908867 -0.0048187590374983444 -0.01396486181657546 -0.094641984768553677
leaf_weight=2752.2677692212164 121.57109209522605 1082.9135273713619 3859.242636250332 4506.434932211414 338.21059861779213 4662.3330595251173 223.31465115398169 2288.2099919244647 19089.028781149536 4801.490892175585 2769.755970004946 109601.17332987301 6143.2454398181289 4734.5397028867155 4715.0294317957014 786.30506569705904 988.31958398781717 1192.8427992174402 2654.7006071973592 299.00687838718295 30006.216268748045 601.46940371394157 2621.8893110044301 2283.5170875415206 46.83821589872241 4643.6046462561935 2265.1161017362028 6039.3305379860103 29.799706175923347 449.91432241909206 792.2179143121466 2543.5629115132615 7749.1674923598766 1226.5800279900432 9251.0902487486601 5856.6490482836962 251.94362065196037 1296.873489882797 1070.1935104420409 28043.287676834501 579.73960154363886 4272.7916745729744 3625.2557249013335 8100.3298992561176 27041.247105289251 7934.514979975298 444.7061133403331 182.74970140680671
leaf_count=17111 933 8740 26387 32054 3672 35763 1271 10953 163438 45013 19294 716050 38651 56651 36974 5050 9546 19036 20763 2063 165607 3316 34053 24658 416 43480 19229 50093 178 5863 10827 25242 73984 9590 111185 49204 1569 8453 14513 209660 18498 65848 32214 122319 292533 89690 4510 1215
internal_value=7.10876e-05 0.00139445 -0.000502711 -0.00113718 -0.00187301 0.00385022 -0.00515511 0.000463068 -0.00136208 -0.00881908 -0.0197775 -0.000844987 0.00444973 0.00699491 0.011839 -0.0130192 0.00522643 0.00604797 0.00379586 -0.0256079 -0.00180194 0.0025795 0.0101987 0.0188771 -0.0149121 -0.0216187 -0.0046031 0.00859297 0.0183609 0.0103106 0.00320417 0.0153025 0.00246436 -0.0163689 -0.000547323 0.00615169 0.0129015 0.0114607 0.0361815 -0.000142282 -0.00518662 -0.00703116 0.000922578 -0.00665096 0.00253472 0.000305777 -0.0279409 -0.0603188
internal_weight=336861 101884 234977 211549 184350 27198.5 7039.56 93542.4 176270 11430.5 6629 164840 25232.3 20158.9 8341.51 8080.07 23427.9 22861.7 19326.7 1931.65 139607 5107.9 15424.4 4905.41 7741.86 4690.44 3051.42 10340.4 3534.97 2434.98 1985.06 7258.59 18338.4 1525.59 83202 10519 7588.15 7336.2 1099.99 80913.7 14103.6 13523.9 66810.1 11725.6 55084.5 15683.7 566.277 406.064
internal_count=2757360 1011392 1745968 1496125 1246287 249838 49509 940436 1174440 90694 45681 1083746 202089 200329 70956 71847 249843 244400 193983 14139 881657 35370 143678 58711 68175 43896 24279 77226 50417 35726 29863 62216 184437 11653 863210 84967 60115 58546 14691 852257 195531 177033 656726 154533 502193 163674 5443 2486
is_linear=0
shrinkage=0.12179


Tree=56
num_leaves=49
num_cat=0
split_feature=7 1 7 2 3 8 8 8 2 2 9 9 2 5 8 2 8 1 1 3 8 10 7 2 6 2 7 2 5 10 7 2 1 5 11 5 6 4 2 10 9 6 4 8 10 10 11 9
split_gain=23.464 27.0417 19.3641 24.908 58.528 28.3262 35.646 24.1563 58.128 42.0181 58.3749 83.4121 36.756 86.3137 44.2292 36.0793 52.5909 48.8696 23.2949 22.5268 23.0875 32.2323 31.3553 41.9353 29.568 92.1709 58.4929 57.6389 65.0108 53.5952 27.6866 38.4166 22.4868 20.9708 20.8828 20.5936 22.1325 21.8007 19.6249 17.2949 15.9457 15.3036 15.126 14.445 13.6044 13.1608 19.8285 12.9993
threshold=412.50000000000006 4.5000000000000009 44.500000000000007 740.50000000000011 1.5000000000000002 0.90286652329037753 0.88085919287258096 0.88637416310275396 2044.5000000000002 945.50000000000011 0.73796475997026378 0.76645112812423111 1825.5000000000002 70.500000000000014 0.88085919287258096 1015.5000000000001 0.90286652329037753 4.5000000000000009 4.5000000000000009 22.500000000000004 0.88085919287258096 0.84589801993562974 140.50000000000003 1145.5000000000002 13.500000000000002 825.50000000000011 180.50000000000003 1245.5000000000002 171.50000000000003 0.77089915842315093 78.500000000000014 1820.5000000000002 1.5000000000000002 207.50000000000003 0.91657509157509165 57.500000000000007 20.500000000000004 1444.0000000000002 2125.5000000000005 0.83756661956966283 0.91888412017167387 9.5000000000000018 759.50000000000011 0.82029770595515661 0.80216454089062672 0.86158144372722179 0.88504775507428046 0.88010683964291048
decision_type=2 2 2 2 2 2 2 2 2 2 2 2 2 2 2 2 2 2 2 2 2 2 2 2 2 2 2 2 2 2 2 2 2 2 2 2 2 2 2 2 2 2 2 2 2 2 2 2
left_child=2 42 3 4 35 6 34 9 15 10 33 -12 14 -14 -11 16 -9 -17 -10 20 24 22 23 -22 25 26 -4 29 -29 -26 38 -32 -27 -5 -6 41 37 -37 -23 -8 -20 -1 43 -2 -24 46 -7 -38
right_child=1 -3 19 7 5 45 39 8 18 12 11 -13 13 -15 -16 17 -18 -19 40 -21 21 30 44 -25 27 32 -28 28 -30 -31 31 -33 -34 -35 -36 36 47 -39 -40 -41 -42 -43 -44 -45 -46 -47 -48 -49
leaf_value=-0.019313996443082078 0.018214428894760888 0.047576624664698294 -0.030787292101052695 0.031385604018312703 0.021540516907000505 0.061761497797893576 0.025341492565281429 -0.03008326368613181 0.034150702928030727 0.0036201786564213191 -0.058022517768909584 -0.0056538097447083073 -0.0085143156192098376 0.0036476073422744533 0.018093277471568841 -0.0014615279462092759 0.023788937908590966 -0.018051073094785236 -0.0035239358719979076 0.033483461387235389 -0.0086133519338285579 0.0049003546856704822 0.043086801628930707 0.011058407940480254 0.015299221196302313 -0.0037785497272605642 0.0010068532680257015 -0.0054281229811320841 0.0020911166751127574 0.00015970396406305028 -0.0016328784738294454 -0.02455433500775786 0.0079620402177052862 -0.076725024648312587 -0.0045814540432247463 0.056499793020163364 -0.067267354754724756 -0.00098640567278284494 0.082534657015559412 -0.027410849870038924 0.067768545430469243 -0.07614120969373829 -0.099043395646253987 -0.080980181006990726 0.017321184792358033 0.05460960617782739 -0.037812421909604661 -0.01404554975221947
leaf_weight=184.8462466429919 48.214662544429302 41.699193641543388 1773.7785782441497 710.20152692124248 2793.1269525922835 55.149842085316777 117.1387328132987 351.48766075540334 756.43693848419935 48290.17778852582 474.08368344604969 9319.5889403447509 12964.146922226995 26043.961688637733 3349.0986966202036 5717.0579308215529 1142.3041760893539 4883.823853735812 569.20936144702137 287.29115979373455 2328.9156882371753 7663.4063270715997 384.73557519167662 5188.0061130784452 3660.9063221588731 2835.2870059106499 1662.9232338964939 72502.977234821767 22301.32090742141 65939.439409179613 10386.639929081313 1211.0193456141278 16510.218416289426 27.649483487010002 542.03004386741668 129.99540789239109 78.813051287084818 395.71402829233557 48.603355262428522 432.71826771833003 50.677743368782103 113.42252238467336 83.143266305327415 39.70922863483429 1447.8051164727658 377.07777267508209 64.187772462144494 499.42293747141957
leaf_count=1450 274 313 23405 6471 37808 1174 1416 4830 8364 380546 3177 93038 92002 167015 34993 74246 26764 54729 4797 3187 23435 90444 2523 37833 24051 23200 17324 477580 123872 581530 122166 10484 139405 203 13505 1835 819 4566 503 6498 636 991 405 239 12036 14490 1996 4792
internal_value=6.66149e-05 -0.0403651 9.21745e-05 0.00132972 0.00912789 0.0160588 0.0125584 0.000936331 -0.00390856 0.00158138 -0.00570003 -0.00818883 0.00242735 -0.000394346 0.00455884 -0.00660734 0.0111129 -0.00910433 0.0198074 -0.000597409 -0.00064277 0.00257632 0.00844605 0.00496364 -0.00113563 0.00297628 -0.015403 -0.00170543 -0.00365933 0.000956027 -0.000265723 -0.00402632 0.00624133 0.0273344 0.0172952 -0.0125288 -0.00485698 0.0132286 0.00538963 -0.0161728 0.00230445 -0.0409237 -0.0618017 -0.026585 0.0227306 0.0434538 0.00820397 -0.0212996
internal_weight=336780 212.766 336567 120434 5783.64 4381.43 3885.01 114650 13471 101179 10531.5 9793.67 90647.4 39008.1 51639.3 12094.7 1493.79 10600.9 1376.32 216133 215846 28659.1 9349.46 7516.92 187187 22782.2 3436.7 164405 94804.3 69600.3 19309.7 11597.7 19345.5 737.851 3335.16 1402.21 1103.95 525.709 7712.01 549.857 619.887 298.269 171.067 87.9239 1832.54 496.415 119.338 578.236
internal_count=2757360 1231 2756129 1043151 91340 76887 59227 951811 174366 777445 102889 96215 674556 259017 415539 160569 31594 128975 13797 1712978 1709791 299424 75827 61268 1410367 203334 40729 1207033 601452 605581 223597 132650 162605 6674 51313 14453 12012 6401 90947 7914 5433 2441 918 513 14559 17660 3170 5611
is_linear=0
shrinkage=0.12179


Tree=57
num_leaves=49
num_cat=0
split_feature=7 1 11 2 10 7 7 2 0 1 8 3 6 10 0 0 1 0 9 8 9 9 0 11 6 6 0 6 0 10 6 8 11 10 9 2 9 11 12 2 10 6 9 7 9 1 0 9
split_gain=17.6809 20.3816 17.1789 16.2489 39.5333 30.0333 18.5243 29.3899 25.5054 51.7798 25.1575 24.6446 42.8102 27.5958 24.7544 23.6302 56.1023 54.6082 17.3502 17.9151 16.0871 23.0627 16.085 17.9672 15.3911 13.5257 13.0797 22.3276 11.281 11.0624 10.6418 9.61925 8.87779 6.24498 6.15667 14.7867 8.63631 5.92489 5.87442 15.1157 7.29968 10.2581 14.1525 5.68441 5.37541 4.281 5.11849 4.07778
threshold=412.50000000000006 4.5000000000000009 0.9769672855879753 640.50000000000011 0.88809864074212641 219.50000000000003 35.500000000000007 715.50000000000011 8.5000000000000018 1.5000000000000002 0.90286652329037753 6.5000000000000009 34.500000000000007 0.78196678439231604 4.5000000000000009 7.5000000000000009 4.5000000000000009 6.5000000000000009 0.78042915279319292 0.90286652329037753 0.84234656360888149 0.86687508111313971 7.5000000000000009 0.92511610712721903 64.500000000000014 194.50000000000003 3.5000000000000004 125.50000000000001 3.5000000000000004 0.87232672554846846 115.50000000000001 0.82029770595515661 0.86762797656089707 0.94274284822230048 0.8604297244941671 715.50000000000011 0.87564029177044966 0.83489900955841023 0.83000232769989923 1505.5000000000002 0.90548957699120591 20.500000000000004 0.92509389984292545 79.500000000000014 0.84489769959187988 3.5000000000000004 1.5000000000000002 0.88782991899232233
decision_type=2 2 2 2 2 2 2 2 2 2 2 2 2 2 2 2 2 2 2 2 2 2 2 2 2 2 2 2 2 2 2 2 2 2 2 2 2 2 2 2 2 2 2 2 2 2 2 2
left_child=2 28 3 4 5 18 7 20 10 -10 -9 12 14 -14 -8 17 -17 -13 29 -20 25 -22 33 32 -25 -5 31 -28 34 -1 -3 -7 -24 43 35 44 -36 -30 39 -4 45 -42 -43 -6 -2 -41 -47 -38
right_child=1 30 38 6 22 26 11 8 9 -11 -12 15 13 -15 -16 16 -18 -19 19 -21 21 -23 23 24 -26 -27 27 -29 37 -31 -32 -33 -34 -35 36 -37 47 -39 -40 40 41 42 -44 -45 -46 46 -48 -49
leaf_value=0.028685506253966344 -0.0018507072080646498 0.07944299282167834 -0.30467175022259663 0.040406267879640349 0.053632983603494271 -0.0080188225127655558 -0.041586744394823898 0.0010434402515714866 -0.01469504210863154 0.010745648376947151 -0.00613429442668929 -0.00070833341272188218 -0.039759111205819229 0.0084299209135268172 -0.0092716712705016753 0.00034406536471497123 -0.0083577676828552709 0.0057276096342515261 -0.0030857361850708488 0.04664283283925294 -0.01804723267601762 0.022114100790331149 -0.023248525857007301 -0.058637774393643857 -0.37777825188991532 -0.0032778251670542795 0.031875230730860425 -0.054659095301749651 -0.07584647961057632 -0.042615240161355185 -0.064676343665537248 0.022508550776989916 0.061620044390795735 -0.10582695760871881 -0.11975587402013907 -0.081531382433296717 -0.0013794111595104241 -0.16964112907279896 0.041594899035460334 0.086143321147340274 0.025766608404877173 -0.029542497021465559 -0.2599228720794669 0.027704504208926624 0.092618794713981295 -0.098433252707821037 0.036958087393322112 -0.08027097107387432
leaf_weight=399.76054206676781 18.197049088776112 30.242607988417149 2.265753310173749 545.74205018766224 334.81524012610316 367.56718605011702 778.64351770095527 79928.551702015102 1389.5594155229628 8126.5334301907569 7964.6687158392742 156425.16138286795 202.41713374853134 1364.3336306260899 641.12421413511038 28725.142796389759 17799.072018793784 22348.682758896612 6194.1278010439128 109.35259445849806 337.70697017200291 570.16104511544108 31.996090479195118 32.382016657851636 2.4081195611506692 130.21643751114607 871.56535907834768 46.591123268008232 36.889582917094231 35.111071966588497 10.150280147790907 262.40051033347845 42.655292115174234 4.1629027426242819 22.503091216087341 22.480788573622704 29.826353341341019 13.69921315461397 195.39317154372111 22.116752027533948 33.171795284375548 18.117892796173695 5.0597025947645298 200.53128123190254 17.550925299525261 4.8700928278267375 27.69291050825268 14.414850994944571
leaf_count=4255 100 245 86 7317 8043 2885 7126 617265 12475 76304 103309 1141430 1432 15252 9626 246358 155949 206513 78481 4560 4728 12943 620 1362 87 1707 12890 547 186 405 68 2378 1266 90 103 111 154 95 10140 1078 1441 748 204 3499 90 136 1194 79
internal_value=6.15356e-05 -0.0347756 8.38914e-05 5.75248e-05 0.00518161 0.00291459 -8.23743e-05 0.00130905 0.00104146 0.00703075 0.000393011 -0.00068575 -0.0116766 0.00220412 -0.0269942 -0.000540057 -0.00298505 9.62297e-05 -0.00059983 -0.00222305 0.0177661 0.00717497 0.0341293 -0.00844273 -0.0807282 0.031991 0.0182114 0.0274841 -0.0527223 0.0229288 0.0432274 0.00469675 0.0252448 0.0427652 -0.0330802 -0.00413922 -0.0583288 -0.101246 0.0288016 0.00673765 0.0130925 -0.0176693 -0.0798349 0.0439206 0.0445303 0.0447937 0.0167091 -0.0270842
internal_weight=336738 215.955 336522 336213 8935.43 8286.48 327278 98993.1 97409.3 9516.09 87893.2 228285 2986.52 1566.75 1419.77 225298 46524.2 178774 6738.35 6303.48 1583.83 907.868 648.951 109.442 34.7901 675.958 1548.12 918.156 175.562 434.872 40.3929 629.968 74.6514 539.509 124.973 58.2288 66.7443 50.5888 308.688 113.295 111.029 56.3494 23.1776 535.347 35.748 54.6798 32.563 44.2412
internal_count=2757360 1231 2756129 2741102 121368 106401 2619734 836048 809353 88779 720574 1783686 33436 16684 16752 1750250 402307 1347943 87701 83041 26695 17671 14967 3335 1449 9024 18700 13437 918 4660 313 5263 1886 11632 637 301 336 281 15027 4887 4801 2393 952 11542 190 2408 1330 233
is_linear=0
shrinkage=0.12179


Tree=58
num_leaves=49
num_cat=0
split_feature=4 5 4 6 3 4 3 6 1 6 5 6 9 6 6 9 6 1 1 11 5 4 7 5 4 7 3 9 5 3 0 10 7 3 3 6 6 7 10 3 9 6 6 6 1 0 11 7
split_gain=18.5202 72.3855 86.8101 103.027 53.0155 47.9836 42.734 42.4469 53.5228 36.3254 36.0994 34.8606 36.2396 34.1903 39.7582 44.2862 41.1709 32.6227 51.2514 29.5475 28.4404 28.2577 44.281 26.9881 29.9287 26.7013 26.3082 25.8765 25.4606 66.5039 32.8582 25.3222 25.0834 51.8356 51.5042 39.6795 29.5671 24.4121 34.9749 42.9786 33.4415 24.2014 36.6373 33.8458 50.5123 23.5613 35.4305 23.3949
threshold=247.50000000000003 69.500000000000014 348.00000000000006 187.50000000000003 17.500000000000004 428.50000000000006 19.500000000000004 314.50000000000006 2.5000000000000004 65.500000000000014 27.500000000000004 44.500000000000007 0.84858872484371817 44.500000000000007 126.50000000000001 0.82852241901918278 275.50000000000006 4.5000000000000009 5.5000000000000009 0.72353943144424959 45.500000000000007 373.50000000000006 109.50000000000001 30.500000000000004 73.000000000000014 219.50000000000003 14.500000000000002 0.89494008501667277 58.500000000000007 11.500000000000002 4.5000000000000009 0.82233692244169931 88.500000000000014 18.500000000000004 17.500000000000004 10.500000000000002 59.500000000000007 5.5000000000000009 0.77089915842315093 18.500000000000004 0.76645112812423111 297.50000000000006 278.50000000000006 277.50000000000006 5.5000000000000009 5.5000000000000009 0.77129865740882986 122.50000000000001
decision_type=2 2 2 2 2 2 2 2 2 2 2 2 2 2 2 2 2 2 2 2 2 2 2 2 2 2 2 2 2 2 2 2 2 2 2 2 2 2 2 2 2 2 2 2 2 2 2 2
left_child=4 2 17 5 9 21 41 13 -9 25 -11 12 -6 -8 15 -15 -16 32 26 20 -13 22 -4 24 -14 28 -19 -28 45 30 -30 -26 34 35 -2 -34 -36 -21 39 -39 -40 42 43 -3 -45 46 -1 -23
right_child=1 6 3 -5 11 -7 7 8 -10 10 -12 19 23 14 16 -17 -18 18 -20 37 -22 47 -24 -25 31 -27 27 -29 29 -31 -32 -33 33 -35 36 -37 -38 38 40 -41 -42 -43 -44 44 -46 -47 -48 -49
leaf_value=-0.027003406004263774 0.0085116182951165496 -0.00023038318138482306 -0.026183788091388199 -0.21625295333018599 0.019156807184298696 -0.23195010217936068 0.012745282855708102 -0.014860957462828943 0.06720008440050218 -0.20277102825802507 0.0092194272258209944 -0.051618020015772162 -0.00061223716218583254 -0.012177096364809344 0.012113382954320658 0.0034236539769620885 -0.017137449565014267 -0.0098658474119357135 -0.0032244042992504913 0.0015636589902202481 0.052515355438189318 -0.0096146713892505831 -0.1082199681992468 0.00070529609607674671 0.00056130077646126641 0.015872300484017287 -0.024766862765698828 -0.060703698693174157 -0.02157149896169196 0.020999318711063808 0.010193969099694718 -0.087589110515828295 0.0031495798126940405 0.036479845072517496 0.0019908984604456196 -0.026540998546797534 -0.020587627899817388 -0.11247902820623143 -0.035169119681144501 -0.0029452320768673084 -0.0085492589202155259 -0.010930623608040882 0.014876515557993188 0.0034634723350336523 -0.10274666396965858 -0.0091032456410131309 0.0033255086184025527 0.10206142987271141
leaf_weight=613.75496943667531 5964.0417631939054 231024.10525563359 439.28465835098177 49.241027124226093 1551.451850052923 17.883332490921021 5507.3145930944011 178.59291572868824 346.86234228312969 11.923684064298866 16096.648214719258 48.128477945923805 256.27601429633796 4436.787149310112 6434.9768763631582 6890.692512517795 802.76999770104885 1552.9183819284663 5107.3298737797886 2122.5864331200719 202.93847219645977 179.27996871806681 125.47054775059223 5444.0290957074612 69.074236638844013 1712.2961139772087 1832.7192599177361 354.72061977535486 1190.4072918025777 2538.4764360124245 812.80334556382149 161.00063665211201 1042.0091291703284 310.5443790666759 1597.9780423035845 1858.3763189278543 1863.5051443036646 115.05239804089069 798.28325071185827 98.731827184557915 5685.2879508603364 3115.7895692884922 2389.8474661987275 150.44192025065422 118.91927909106016 5185.8653129553422 8264.6457351488061 32.935736302286386
leaf_count=3123 76133 1805315 5199 348 10572 191 44785 1028 2212 111 147936 198 2028 23587 35194 51635 4418 18663 58781 14699 888 1539 1197 49997 456 16835 11790 2910 11291 21738 12354 1182 9452 2272 16258 18865 12421 507 3820 455 39750 18252 14877 812 732 82621 97728 205
internal_value=5.58084e-05 -0.000334505 -0.00699046 -0.0453022 0.00214608 -0.0347118 0.000234038 0.00506559 0.039309 0.00474315 0.00906251 -0.00356912 0.00258499 0.00431813 0.00181824 -0.0026869 0.00886905 -0.00548522 -0.0111569 -0.00864508 0.0325534 -0.030172 -0.0444096 -0.00175037 -0.0292382 0.0013187 -0.0219884 -0.0305945 -2.06618e-05 0.00790744 -0.00868265 -0.0611242 -0.00151409 -0.0108108 0.00165295 -0.0158742 -0.0101644 -0.00981783 -0.013425 -0.0618931 -0.0118268 -0.000267849 -0.000125679 -0.000280689 -0.0434268 -0.00258083 0.0012289 0.00771739
internal_weight=336705 283725 22328.2 844.095 52979.7 794.854 261397 24598 525.455 36426.8 16108.6 16552.8 7481.83 24072.5 18565.2 11327.5 7237.75 21484.1 8847.69 9071.01 251.067 776.971 564.755 5930.38 486.351 20318.2 3740.36 2187.44 18606 4541.69 2003.21 230.075 12636.5 3210.93 9425.52 2900.39 3461.48 8819.94 6697.36 213.784 6483.57 236799 233683 231293 269.361 14064.3 8878.4 212.216
internal_count=2757360 2239071 236224 8679 518289 8331 2002847 162859 3240 393737 148047 124552 64235 159619 114834 75222 39612 227545 92144 60317 1086 8140 6396 53663 3666 245690 33363 14700 228855 45383 23645 1638 135401 30589 104812 28317 28679 59231 44532 962 43570 1839988 1821736 1806859 1544 183472 100851 1744
is_linear=0
shrinkage=0.12179


Tree=59
num_leaves=49
num_cat=0
split_feature=6 9 7 7 0 10 9 4 2 9 2 2 9 2 2 4 6 6 10 6 0 2 4 4 10 9 4 2 6 0 2 0 0 9 2 10 2 9 2 0 0 5 3 4 2 2 4 7
split_gain=16.3995 33.5704 51.5524 31.4752 29.747 84.9176 71.0382 51.0869 34.3891 33.5433 126.652 106.579 48.4815 28.6003 65.5691 162.923 57.6183 44.2234 43.4225 42.3504 84.8977 30.1839 44.6347 33.5972 24.9828 24.7326 24.3354 24.3381 22.8362 65.0641 45.9826 28.418 67.8635 114.685 72.5897 47.582 35.5895 62.0156 58.7014 31.4923 36.9087 28.4134 64.4521 43.0301 36.191 51.9891 97.1152 37.136
threshold=95.500000000000014 0.87344324868822321 3.5000000000000004 257.50000000000006 8.5000000000000018 0.78196678439231604 0.84919620254308603 2120.0000000000005 1910.5000000000002 0.79913480369519829 1779.5000000000002 940.50000000000011 0.79225961247450971 1005.5000000000001 1025.5000000000002 109.50000000000001 20.500000000000004 78.500000000000014 0.81495052016112302 28.500000000000004 6.5000000000000009 755.50000000000011 1809.0000000000002 188.50000000000003 0.84573351075768022 0.88509204033473221 1196.0000000000002 1779.5000000000002 210.50000000000003 8.5000000000000018 1740.5000000000002 2.5000000000000004 1.5000000000000002 0.79225961247450971 1420.5000000000002 0.87232672554846846 1735.5000000000002 0.79225961247450971 1714.5000000000002 6.5000000000000009 5.5000000000000009 141.50000000000003 13.500000000000002 813.50000000000011 2130.5000000000005 2025.5000000000002 296.50000000000006 6.5000000000000009
decision_type=2 2 2 2 2 2 2 2 2 2 2 2 2 2 2 2 2 2 2 2 2 2 2 2 2 2 2 2 2 2 2 2 2 2 2 2 2 2 2 2 2 2 2 2 2 2 2 2
left_child=1 3 -3 4 9 8 7 -7 -6 10 11 -1 -12 17 15 16 -15 21 -17 -16 -21 22 -4 -23 -8 -19 27 -5 41 31 -31 32 33 -30 -35 36 38 -38 -33 40 -37 43 -43 44 45 47 -47 -2
right_child=28 2 13 26 5 6 24 -9 -10 -11 12 -13 -14 14 19 18 -18 25 -20 20 -22 23 -24 -25 -26 -27 -28 -29 29 30 -32 35 -34 34 -36 39 37 -39 -40 -41 -42 42 -44 -45 -46 46 -48 -49
leaf_value=-0.0019487860790135018 0.0073970504684565137 -0.045026399409433981 -0.001613433130572934 0.014044226496614978 -0.036969428633613605 -0.0056575216791787258 0.020411053018106272 -0.056202060869721106 0.016634701691423563 0.0013196869039132256 -0.015002197880883771 0.024707671499688381 0.0097538331175477406 -0.056078971565240804 0.0013046826657650546 -0.079175852414481163 -0.2906445239070285 0.049129923256728936 -0.0090732249071281273 -0.01049843372317733 0.0063642964540704255 -0.018084720296588051 -0.056489239041329228 0.0098678230310951503 0.00022681495332169761 0.0038631533658891135 -0.0063610470842994102 0.10490200117778151 0.011532475396881054 0.0084437761804739015 0.038118625728937192 -0.0058728212813633288 0.021574329038984128 0.0084725698185525583 -0.049900937591696413 0.0082049359769353208 -0.0052140605797566623 0.022638028406682342 -0.042221319055198388 0.02067072422126702 -0.020359427785949083 -0.0040134693239739488 0.0058623413184429709 -0.015790084390798775 0.01255742492042841 -0.037560112595665489 -0.0030510314288135403 -0.0030930779142902495
leaf_weight=3365.9704020060599 5561.3672238141298 399.13542096409947 8850.7516447883099 4349.9544747546315 1409.3894265405834 5880.8426977982745 2417.5752133764327 312.36152247712016 203.10096730291843 91880.375272739679 3804.4703947752714 6562.1574743222445 1696.649597465992 23.327531207352877 26774.949928737246 154.91655477508903 46.48656990006566 469.15450512617826 851.02619343623519 16179.174062511884 6097.5639484813437 700.78307684417814 225.45274880900979 7096.0391659429297 1458.1948052505031 289.51210154406726 969.43876427412033 44.174419857561588 2777.325544051826 2845.756858073175 1064.1608168110251 15040.001489840448 2787.4602933451533 469.09337665140629 968.10051696747541 2859.997653067112 3569.9133934900165 1775.5573389604688 689.21678661555052 1927.3106885831803 876.6258228905499 20270.477215717547 18979.752376932651 3892.7753419280052 2254.0091420412064 1810.3934182375669 3644.9184970185161 50087.269437702373
leaf_count=30405 47131 4498 133250 36911 9080 49896 22927 1789 1212 756467 19897 42495 9261 356 278793 1149 488 5513 12225 145369 76483 9881 2131 91371 19839 3898 6875 258 15756 20214 6132 96650 15151 2676 4748 19233 18163 9979 3537 14703 6363 144466 101708 26387 15347 10517 19791 385991
internal_value=5.18991e-05 0.00078744 -0.00138491 0.0019781 0.00156673 -0.00426968 -0.000114248 -0.00820679 -0.0302177 0.00220207 0.00745658 0.0156702 -0.00736697 -0.00112784 -0.0026118 -0.0323553 -0.212267 0.00309109 -0.0198691 -0.00195949 -0.00588279 0.00179774 -0.00297655 0.00735543 0.0128171 0.0318558 0.0111044 0.0149576 -0.000930409 0.00164772 0.0165204 -7.57478e-05 0.00683126 -0.00291973 -0.0308481 -0.00188447 -0.0045479 0.00403732 -0.00746553 0.00802577 0.00150363 -0.00184184 0.000762055 -0.00336157 -0.00259795 -0.003157 -0.0145032 -0.00204472
internal_weight=336664 192513 68158.3 124355 118991 11681.5 10069 6193.2 1612.49 107310 15429.2 9928.13 5501.12 67759.1 50127.4 1075.76 69.8141 17631.7 1005.94 49051.7 22276.7 16873 9076.2 7796.82 3875.77 758.667 5363.57 4394.13 144151 37650.5 3909.92 33740.6 7001.98 4214.52 1437.19 26738.6 21074.7 5345.47 15729.2 5663.93 3736.62 106501 39250.2 67250.7 63358 61103.9 5455.31 55648.6
internal_count=2757360 1772717 765405 1007312 963268 104743 94451 51685 10292 858525 102058 72900 29158 760907 514863 14218 844 246044 13374 500645 221852 236633 135381 101252 42766 9411 44044 37169 984643 233305 26346 206959 38331 23180 7424 168628 128329 28142 100187 40299 25596 751338 246174 505164 478777 463430 30308 433122
is_linear=0
shrinkage=0.12179


Tree=60
num_leaves=49
num_cat=0
split_feature=11 1 1 8 1 0 0 0 4 8 1 0 2 4 0 9 0 7 7 7 4 2 3 4 6 2 3 7 8 0 9 0 2 1 2 1 8 8 8 2 1 8 8 9 0 8 0 4
split_gain=28.5349 25.0801 29.3606 30.3733 48.5858 78.6132 44.0272 117.4 36.6967 27.6756 40.2573 86.2365 58.9659 42.9608 37.1145 33.7236 24.7943 23.7661 36.4816 21.5801 21.3504 19.2264 19.0103 24.7795 19.1909 18.9775 42.0693 23.8209 31.0071 23.0916 24.7597 19.4766 18.8644 40.0779 78.5245 39.7576 38.1558 31.4879 18.4045 22.9136 19.8147 18.3982 18.9966 18.3211 18.2078 72.5945 17.7781 16.185
threshold=0.88155602420685863 5.5000000000000009 3.5000000000000004 0.90286652329037753 1.5000000000000002 3.5000000000000004 1.5000000000000002 3.5000000000000004 303.50000000000006 0.90286652329037753 4.5000000000000009 2.5000000000000004 1225.5000000000002 324.50000000000006 4.5000000000000009 0.86687508111313971 5.5000000000000009 312.50000000000006 330.50000000000006 114.50000000000001 255.50000000000003 112.50000000000001 1.0000000180025095e-35 1847.0000000000002 13.500000000000002 613.50000000000011 1.5000000000000002 30.500000000000004 0.87366003285681904 3.5000000000000004 0.90412561335899799 8.5000000000000018 1045.5000000000002 6.5000000000000009 1324.5000000000002 6.5000000000000009 0.90286652329037753 0.90286652329037753 0.84698799222000154 2255.5000000000005 1.5000000000000002 0.83205873009260178 0.87366003285681904 0.89494008501667277 1.5000000000000002 0.82029770595515661 2.5000000000000004 518.00000000000011
decision_type=2 2 2 2 2 2 2 2 2 2 2 2 2 2 2 2 2 2 2 2 2 2 2 2 2 2 2 2 2 2 2 2 2 2 2 2 2 2 2 2 2 2 2 2 2 2 2 2
left_child=25 2 3 19 5 43 8 -8 -6 22 11 13 20 -11 -14 -13 -7 21 -19 38 -12 -3 23 24 -4 26 27 31 -29 30 41 -1 35 34 -34 37 -35 -23 39 -2 -40 -28 -43 -5 45 -24 -46 -31
right_child=1 17 9 4 6 16 7 -9 -10 10 12 15 14 -15 -16 -17 -18 18 -20 -21 -22 32 44 -25 -26 -27 29 28 -30 47 -32 -33 33 36 -36 -37 -38 -39 40 -41 -42 42 -44 -45 46 -47 -48 -49
leaf_value=-0.023451478954950311 0.0089620803995428631 -0.058105860626668102 0.034825021352497113 -0.012846281969959872 0.024269110030897611 0.046467901123554173 0.059364923131249622 0.0081823209743979927 -0.036651730227035148 -0.0054973472679362536 0.045682187191221336 -0.04892866570129499 -0.015033780088364373 -0.065872161437957558 -0.046436911928722235 0.021571537679414107 0.0048197728552244216 -0.16256246529560767 0.025882702602261408 -0.0050911338336097458 -0.0018851823487519453 -0.0014198609980640268 -0.031018705220820286 -0.24374102533743663 -0.094269843360848371 -0.00067733251213173101 0.0007395224212035389 0.058366531459850879 -0.11939634760845864 0.0565071344155052 -0.10621665540471401 0.038866628439415116 -0.012294353847123187 0.0036270758037148455 0.021422386521189284 0.027838500152068957 -0.016617240280488669 0.043591102241559106 0.007612297125331834 -0.059681746264720358 -0.002857004230474941 0.075934107788697025 -0.031247249753504482 -0.048788662463188345 -0.010727397511398139 0.019233402648066975 0.00036543223616774238 0.02224533249053378
leaf_weight=769.20790985971689 7385.7295489013195 68.05821115616709 31.835533458739519 404.30109782889485 260.35482702590525 333.68571859784424 1028.3990011895075 1879.7475117752329 335.8502846211195 370.5373499430716 196.14777262648568 107.65071137715131 1250.0236544925719 330.95966909267008 1008.7056458201259 1545.517226733733 581.51617101114243 30.915617223829031 30.048325002193451 5518.3898276910186 488.61331635620445 2078.8222561785951 530.29785621911287 9.5572923347353917 36.852427862584591 262524.79539714381 550.82420871406794 121.6260667219758 16.533056128770113 337.09567282255739 27.983095169067383 82.352443519979715 1387.3527386020869 5818.412922648713 3917.9344259863719 1751.6464769570157 1810.6896701026708 259.28355689905584 4004.8082755245268 72.840624528005719 8114.9660950228572 104.23753470182419 32.075351977720857 438.51813656836748 2553.9652500655502 2176.3333627954125 13317.786480528302 519.95839834399521
leaf_count=6331 97869 912 365 4288 2855 7313 13952 44153 3056 3158 4121 1489 7705 2654 10062 24452 14563 314 495 69187 9312 36019 4289 97 367 1775919 4542 1539 175 6367 191 818 21948 69373 54578 36781 21475 7815 52930 859 105818 1063 345 5571 21780 20554 170031 7491
internal_value=6.74158e-06 0.00216654 0.000884385 0.00339968 0.0118123 -0.00470986 0.0201009 0.0262819 -0.0100484 -0.00230338 -0.0100715 0.00179812 -0.0195667 -0.0339816 -0.0290578 0.0169807 0.0200048 0.00622635 -0.0696803 0.0016357 0.0117403 0.00649709 -9.73602e-05 -0.0600024 -0.0344369 -0.000575536 0.00985582 -0.00981429 0.0370942 0.0222386 0.00608009 -0.0174248 0.00675535 0.00447567 0.0126053 0.0139652 -0.00117771 0.00357162 0.00353174 0.0082917 0.000602429 0.0106533 0.0507136 -0.0315471 0.000154938 0.00938774 -0.00141954 0.0357212
internal_weight=336554 71467.1 54313.9 30359.1 5262.37 1758.02 3504.35 2908.15 596.205 23954.8 5298.16 2354.66 2943.49 701.497 2258.73 1653.17 915.202 17153.2 60.9639 25096.7 684.761 17092.2 18656.6 78.2453 68.688 265087 2561.89 989.719 138.159 1572.17 715.12 851.56 17024.1 12934.4 5305.29 4089.75 7629.1 2338.11 19578.3 7458.57 12119.8 687.137 136.313 842.819 18578.4 2706.63 15871.8 857.054
internal_count=2757341 952560 702850 422414 95751 31735 64016 58105 5911 280436 62953 31753 31200 5812 17767 25941 21876 249710 809 326663 13433 248901 217483 829 732 1804781 28862 8863 1714 19999 6141 7149 247989 167374 76526 80615 90848 43834 257476 98728 158748 5950 1408 9859 216654 24843 191811 13858
is_linear=0
shrinkage=0.12179


Tree=61
num_leaves=49
num_cat=0
split_feature=2 10 1 1 8 6 1 6 2 4 2 1 8 8 2 10 5 1 2 1 2 7 10 10 7 8 8 5 8 8 4 10 2 5 4 8 8 3 0 1 6 4 10 0 2 8 7 4
split_gain=20.6242 71.3859 53.4663 204.149 103.85 48.0812 46.7949 48.2827 47.1467 46.0137 70.033 65.546 53.4963 61.3042 81.7802 50.857 48.8471 44.2064 43.9877 91.2992 66.4724 48.6463 47.4982 50.2738 48.6425 48.1436 62.1571 60.1149 46.8309 44.9368 53.2053 45.9686 43.549 41.912 99.0425 59.9025 48.0653 41.8117 40.5416 84.9175 40.4942 38.522 38.3748 37.8789 36.5134 36.3371 36.1506 35.4351
threshold=1635.5000000000002 0.79078998951168811 6.5000000000000009 5.5000000000000009 0.8622651991476401 216.50000000000003 1.5000000000000002 256.50000000000006 1735.5000000000002 369.50000000000006 1100.5000000000002 6.5000000000000009 0.90286652329037753 0.8622651991476401 800.50000000000011 0.82890609290467321 73.500000000000014 4.5000000000000009 1120.5000000000002 6.5000000000000009 1425.5000000000002 167.50000000000003 0.81159692662215799 0.77089915842315093 157.50000000000003 0.8622651991476401 0.83205873009260178 123.50000000000001 0.83205873009260178 0.80235441454681389 1200.0000000000002 0.77089915842315093 2035.5000000000002 315.50000000000006 1746.0000000000002 0.8622651991476401 0.83205873009260178 4.5000000000000009 5.5000000000000009 4.5000000000000009 198.50000000000003 327.50000000000006 0.77719158662646826 3.5000000000000004 755.50000000000011 0.90286652329037753 82.500000000000014 1722.0000000000002
decision_type=2 2 2 2 2 2 2 2 2 2 2 2 2 2 2 2 2 2 2 2 2 2 2 2 2 2 2 2 2 2 2 2 2 2 2 2 2 2 2 2 2 2 2 2 2 2 2 2
left_child=9 -2 3 5 32 38 7 -7 -8 10 11 12 13 14 -1 -15 17 -12 19 22 33 40 23 -11 -25 26 -24 -27 29 30 -22 -31 -5 34 36 -36 -20 -13 43 -40 47 -19 -39 -3 -42 -4 -47 -21
right_child=1 2 45 4 -6 6 8 -9 -10 18 16 37 -14 15 -16 -17 -18 41 20 21 28 -23 25 24 -26 27 -28 -29 -30 31 -32 -33 -34 -35 35 -37 -38 42 39 -41 44 -43 -44 -45 -46 46 -48 -49
leaf_value=0.0127676090129952 0.0062142357389873316 -0.0044981231884245899 -0.0072198066691680851 0.002152868362990988 0.033375850897420338 0.0079396152005628065 -0.0064513308968529035 -0.031935136308299507 0.01637088550715992 0.011717059654890651 0.0091708797585623707 -0.10162190736199132 0.015710741798057832 0.0084691793359672751 -0.0081723974297154278 -0.017429597493442535 0.016950392602725156 0.0016113581973307323 -0.0085920190799314098 0.028080023171588944 -0.0058419186108948093 -0.0040047714825070255 0.00051261095079562565 -0.012790663764444926 0.0013928189785359152 -0.012111348919714986 0.011375198116643438 0.0038178100691909737 -0.0027618410294644041 -0.014752589193238847 0.021088241278793243 0.014487171179905559 0.024817304523580368 0.017382287441983928 -0.0165807170770478 -0.055837016746629248 -0.00045899075325562112 0.094420433779042967 -0.0042812193742496653 -0.019621211740674143 -0.14158344230829287 -0.022073628813099735 0.016928842226336931 0.003054136376149911 0.0021772674057855008 -0.019396138617359782 -0.073522670375842383 -0.0017979201597648632
leaf_weight=4703.9918185919523 16608.576618434861 28507.188845532015 13745.746031068265 5996.909415172413 3095.1115848515183 898.20217169448733 1856.7558948919177 903.48925818502903 4848.9011943638325 2304.2911106497049 16079.592957809567 42.504815131425858 1967.5815634639002 1339.4395855907351 6716.1582400202751 7012.9991961605847 6251.6753416527063 10513.259334844537 20999.420694001019 4317.506224649027 5913.8560533057898 1707.6777368281037 19183.694143661298 9743.0581561196595 5675.8162639923394 6564.6693684784696 13182.843120508827 7562.2969175688922 16587.356997330673 877.69677345454693 1333.5532515496016 8729.0121090635657 1591.1583905685693 1181.3128299620003 1952.8159895353019 818.10834693722427 22143.876573426649 99.085462816059589 24508.143441641703 6848.3297502882779 26.815996117889881 1127.8184299394488 2186.0516356099397 15051.795662183315 1151.0953698400408 1122.4752070531249 218.68552733212709 681.75033926963806
leaf_count=61035 88580 168617 96808 42088 34561 4528 9982 4626 26169 14683 167267 439 50654 12520 64522 96508 54098 107946 138442 53743 34264 17452 162443 64760 41300 92021 124488 74824 123970 4145 6709 53189 11666 7410 12766 6397 199793 1050 186726 45004 314 12341 35975 113652 8556 10432 1822 6056
internal_value=9.31878e-06 -0.0012246 -0.00235607 -0.00127701 0.0145744 -0.00330695 0.00536954 -0.0120563 0.0100516 0.000746123 0.00366497 -0.00136125 -0.00344091 -0.0053467 0.00045285 -0.0132763 0.00722582 0.00503269 -0.000363757 0.00182133 -0.00231998 0.0141893 0.000302731 -0.00506203 -0.00756961 0.00234776 0.00493693 -0.00358432 0.00183224 0.00635361 -0.000886658 0.0118157 0.00690542 -0.00526838 -0.00585115 -0.028171 -0.00441763 0.0180627 -0.00429225 -0.00763151 0.0192191 -0.000683306 0.0202889 -0.00188844 -0.00109555 -0.0090868 -0.0282218 0.0240056
internal_weight=336480 125801 109193 94106 10683.2 83422.8 8507.35 1801.69 6705.66 210679 58040.2 24067.8 21740.2 19772.6 11420.2 8352.44 33972.3 27720.7 152639 72101.5 80537 7884.85 64216.7 17723.2 15418.9 46493.5 32366.5 14127 33441.5 16854.1 7247.41 9606.71 7588.07 47095.5 45914.2 2770.92 43143.3 2327.64 74915.5 31356.5 6177.17 11641.1 2285.14 43559 1177.91 15086.9 1341.16 4999.26
internal_count=2757341 845261 756681 647619 88315 559304 45305 9154 36151 1912080 664355 322703 285239 234585 125557 109028 341652 287554 1247725 660640 587085 86121 574519 120743 106060 453776 286931 166845 222277 98307 40973 57334 53754 364808 357398 19163 338235 37464 513999 231730 68669 120287 37025 282269 8870 109062 12254 59799
is_linear=0
shrinkage=0.12179


Tree=62
num_leaves=49
num_cat=0
split_feature=11 1 2 4 2 4 9 1 9 6 0 0 10 4 2 6 11 10 0 10 10 0 0 9 6 9 9 11 2 6 3 1 2 9 1 0 10 10 10 10 10 10 10 0 2 11 0 0
split_gain=23.6937 16.7905 20.9581 46.1753 29.3079 27.55 25.6379 35.0877 22.3796 23.619 19.7955 36.3975 26.9076 21.7595 23.5917 19.497 19.4009 22.5913 25.5142 28.6524 22.917 23.9908 20.4667 18.742 21.0735 18.2333 17.8001 17.0005 16.9889 16.8238 16.1217 17.5546 15.6138 15.1717 15.0286 39.3825 119.298 87.3904 57.0004 54.9581 88.1559 44.3366 79.5117 43.8754 36.2584 32.2716 48.2561 31.8273
threshold=0.88155602420685863 5.5000000000000009 1755.5000000000002 821.50000000000011 2055.5000000000005 237.50000000000003 0.90081760343143091 4.5000000000000009 0.86687508111313971 101.50000000000001 6.5000000000000009 7.5000000000000009 0.87041453609451969 267.50000000000006 1115.5000000000002 74.500000000000014 0.93464699411117602 0.87232672554846846 6.5000000000000009 0.83715558595118622 0.87646467211755608 6.5000000000000009 3.5000000000000004 0.84234656360888149 36.500000000000007 0.86373612040930992 0.81056320994217546 0.96046117769671713 635.50000000000011 106.50000000000001 1.0000000180025095e-35 3.5000000000000004 1614.5000000000002 0.94897173476868735 2.5000000000000004 1.5000000000000002 0.77413245550436538 0.80473058075118209 0.76309959923814097 0.77887141370179902 0.80401801705884368 0.83781828904422406 0.84547624853687875 5.5000000000000009 735.50000000000011 0.85495061856450427 2.5000000000000004 4.5000000000000009
decision_type=2 2 2 2 2 2 2 2 2 2 2 2 2 2 2 2 2 2 2 2 2 2 2 2 2 2 2 2 2 2 2 2 2 2 2 2 2 2 2 2 2 2 2 2 2 2 2 2
left_child=34 2 10 4 6 -6 27 -8 -5 -10 13 12 32 14 28 -16 17 18 -3 25 21 22 -19 26 -25 -20 -13 -4 -2 -21 31 -15 -12 -14 35 36 38 -38 -1 44 45 -39 -43 -42 -37 47 -47 -41
right_child=1 16 3 8 5 -7 7 -9 9 -11 11 23 33 30 15 -17 -18 20 19 29 -22 -23 -24 24 -26 -27 -28 -29 -30 -31 -32 -33 -34 -35 -36 39 37 41 -40 40 43 42 -44 -45 -46 46 -48 -49
leaf_value=0.011565338935535265 0.02241569297772681 0.011547830032722301 -0.0061132974304929661 -0.0014105237219128419 -0.0077921424466284323 0.016534933846272786 -0.011255845277511171 -0.049527610154386996 0.01961542450095782 0.070676355687074158 0.013336980895242666 0.025450697628535961 0.030971804330462944 -0.0052042728973053422 0.0061944988761496976 0.022284349565585719 0.015196365803605281 -0.013814768806734436 0.016448982182803475 0.0096205474254493009 0.0013152713805136026 0.011693463711688839 -0.054401448556676536 -0.0033810508155876205 0.010602373737946936 -0.036542361298585541 -0.025889272523242877 0.059597537948798435 -0.0052470546389566091 -0.020800619048946641 -0.0011818959510304069 -0.10953509340054199 -0.015603002316330028 -0.14695509368749735 -0.0011082587808253232 -0.029334070859247118 -0.035261257740510005 0.0088210747518102355 0.082257595299633612 0.021688123952953234 0.0046994969616181567 -0.036280084393709292 -0.00085339245510053811 -0.0024584758533039508 -0.0042673459597309081 -0.030740491225627879 0.051786755331099887 0.0057100399105949598
leaf_weight=390.21238048374653 369.50599768711254 6357.9800090612844 8274.9188152942806 628.25929903239012 1253.6052205581218 1537.2039626603946 1299.6304747769609 489.0176485478878 809.44072603806853 161.11690749228001 1395.5700959702954 121.45483977720141 1436.6858882005326 54.609610864892602 4051.3029343262315 1542.3636110126972 2514.3586334325373 471.68146289326251 120.1415734719485 1570.1450628461316 4599.9850736781955 284.34625092428178 302.46710038837045 2953.3996735294349 3484.7093180436641 485.55882537737489 571.54419728368521 58.81452922616154 3026.6661569587886 325.55406606942415 20385.837410681881 42.568101262673736 344.85629126243293 7.1437456132844082 187320.97695282195 956.58313501998782 1692.010096013546 2440.3541868552566 298.67927311360836 3191.6909373290837 27258.194692663848 1349.4721877798438 3094.6797649674118 23784.96910034772 8133.8128871023655 125.28653890639544 652.07337313890457 4396.0459551904351
leaf_count=1936 7049 74745 76618 5409 12675 15692 17526 4247 8769 1701 26138 1804 33453 611 48099 15884 58523 4708 1703 25037 63924 4753 4828 58261 58984 7010 8128 1471 47167 4479 248380 397 4126 261 1278923 7461 8412 13894 1532 16671 181697 7929 19094 184229 46371 783 6224 29625
internal_value=1.2784e-05 0.0019831 0.000936617 -0.00302524 -0.00544256 0.00560744 -0.00848912 -0.0217194 0.0164988 0.0280918 0.00238163 0.00697345 0.0177997 0.000774515 0.00576963 0.010631 0.00531939 0.00360879 0.00744833 -0.00297167 -0.00240269 -0.0185602 -0.0296724 0.0021392 0.00418766 -0.0260314 -0.0168914 -0.00564955 -0.00223733 0.00439623 -0.0014178 -0.0509057 0.00760268 0.0300915 -0.000517414 0.000905834 -0.00654631 -0.010463 0.042215 0.00191384 0.00326328 -0.00436827 -0.0116108 0.00136404 -0.00690512 0.0148523 0.0384859 0.012431
internal_weight=336417 71332.4 54300.2 14512 12913.2 2790.81 10122.4 1788.65 1598.82 970.558 39788.2 10315.4 3184.26 29472.9 8989.84 5593.67 17032.2 14517.9 8859.38 2501.4 5658.48 1058.49 774.149 7131.11 6438.11 605.7 692.999 8333.73 3396.17 1895.7 20483 97.1777 1740.43 1443.83 265085 77764.1 9265.41 8576.52 688.892 68498.7 59408.3 6884.51 4444.15 51043.2 9090.4 8365.1 777.36 7587.74
internal_count=2757341 952560 702850 144108 128229 28367 99862 21773 15879 10470 558742 191155 63978 367587 118199 63983 249710 191187 112974 38229 78213 14289 9536 127177 117245 8713 9932 78089 54216 29516 249388 1008 30264 33714 1804781 525858 52797 49329 3468 473061 419229 40917 27023 365926 53832 53303 7007 46296
is_linear=0
shrinkage=0.12179


Tree=63
num_leaves=49
num_cat=0
split_feature=11 9 3 5 10 8 7 5 13 8 9 3 7 3 5 8 11 3 7 5 5 7 5 10 7 5 5 5 3 10 7 6 8 3 5 3 10 11 3 7 7 10 6 3 9 8 1 3
split_gain=21.0005 29.7366 29.9998 31.0885 27.0657 24.2665 27.8774 23.1329 41.6662 67.072 44.3679 64.065 38.5627 37.0812 37.03 56.5192 65.7313 45.3613 32.4528 28.2475 22.4518 22.0555 36.3425 21.8768 18.7792 17.4393 25.7841 16.566 21.4294 16.5244 73.7799 24.2554 24.0537 30.6954 19.1106 29.4985 36.0069 24.113 22.125 20.7126 29.7905 21.2176 17.7961 56.066 24.6126 17.6203 17.2705 16.2649
threshold=0.77813732024691695 0.73796475997026378 13.500000000000002 46.500000000000007 0.86933310343158621 0.88637416310275396 160.50000000000003 103.50000000000001 0.85034967387616767 0.80235441454681389 0.73796475997026378 10.500000000000002 32.500000000000007 9.5000000000000018 82.500000000000014 0.8622651991476401 0.72353943144424959 6.5000000000000009 14.500000000000002 91.500000000000014 100.50000000000001 5.5000000000000009 59.500000000000007 0.85046214118857588 92.500000000000014 68.500000000000014 73.500000000000014 38.500000000000007 18.500000000000004 0.90652280447614142 97.500000000000014 55.500000000000007 0.88637416310275396 15.500000000000002 55.500000000000007 18.500000000000004 0.80374404239962316 0.89976347055761041 1.0000000180025095e-35 169.50000000000003 53.500000000000007 0.81495052016112302 17.500000000000004 5.5000000000000009 0.87578801688646857 0.83205873009260178 2.5000000000000004 7.5000000000000009
decision_type=2 2 2 2 2 2 2 2 2 2 2 2 2 2 2 2 2 2 2 2 2 2 2 2 2 2 2 2 2 2 2 2 2 2 2 2 2 2 2 2 2 2 2 2 2 2 2 2
left_child=5 2 25 27 -5 7 24 8 9 12 19 -12 20 -14 17 16 -16 -10 -19 -11 -1 -6 -23 -17 -7 -2 -27 -4 -29 34 31 32 46 -34 35 39 -37 42 -39 40 -3 -41 43 -36 -44 -38 -31 -32
right_child=1 29 3 4 21 6 -8 -9 14 10 11 -13 13 -15 15 23 -18 18 -20 -21 -22 22 -24 -25 -26 26 -28 28 -30 30 47 -33 33 -35 37 36 45 38 -40 41 -42 -43 44 -45 -46 -47 -48 -49
leaf_value=-0.014353803434568178 0.037389936597303462 0.0023502249706655065 0.016520024035824213 0.029923189988622111 0.034117862724545957 -0.044551253940963785 -0.16017389065217583 -0.0002207052741366213 0.035721075577019618 -0.077361955701194265 -0.055895126222312214 0.010272048644060932 -0.0052830927975274387 -0.043465931509077863 0.040759855599394594 -0.011709493778531954 0.0043915858616220974 0.0021919253513286519 -0.0096035035949001007 0.044777077432799899 0.030524911059817153 -0.04883145663099963 0.004114742825172219 -0.071306802907230335 0.027718340094710817 -0.067379497648274195 0.018325363009799502 -0.087722922807716874 -0.016638093161264331 -0.001101973306755053 -0.0060249276823035975 -0.0062884643897639578 0.014197286731229134 -0.01958590317876243 0.041924151321069858 0.021293508450461577 -0.019935675198762472 -0.048707785768820698 0.0044468451475288013 0.032001721737108378 -0.0083986888695887201 0.0029244156208801586 0.00068028608557238641 0.0028037044932451662 -0.0036718268413082956 -0.0068210283137785811 0.023616955668716293 -0.02952101689881954
leaf_weight=1357.7421385012567 801.98606937006116 11561.540688410401 83.230535782873631 622.93935832381248 221.25721886754036 197.99451135843992 24.725981935858727 66039.945994812995 399.42838921770453 29.935280419886112 292.48531563580036 841.54435959458351 496.22895299643278 1573.5392071455717 1025.9828611090779 947.44580330327153 2618.3053235374391 5085.0417744927108 10824.564707841724 454.68247523158789 188.27249885350466 249.7913294583559 835.40135123580694 101.10871715843678 72.993179336190224 58.307760864496231 486.46629666723311 106.96140828728676 152.71570190042257 576.3199737360701 586.97553435899317 3058.2848760206252 787.05265661515296 808.95642118155956 558.7352062240243 531.04897646233439 2416.0679157944396 116.6072053425014 29681.037296376657 573.96298380941153 5714.8906569974497 1059.0398436337709 132461.90518113133 19787.373303066939 22556.43421900738 4095.2898698747158 1538.2216502334923 1710.315528396517
leaf_count=6926 7422 142670 507 3191 1361 1130 138 346556 3553 198 1908 4489 3394 7284 5056 5450 14825 27624 59358 3235 987 1262 4760 529 482 467 4084 582 903 10271 10004 32003 16678 9178 8581 3885 17377 1369 437186 4697 68329 11247 1023731 159759 197836 36162 25957 22760
internal_value=1.39229e-05 0.000606902 0.0115644 0.00302779 0.0090334 -0.00154776 -0.0363802 -0.00143613 -0.00449551 -0.0142173 0.00638767 -0.00679358 -0.0234413 -0.0343116 -0.00207249 0.00746106 0.0146304 -0.00481572 -0.00583344 0.0372324 -0.00888851 -0.000927237 -0.0080725 -0.0174563 -0.0250847 0.0259676 0.00915228 -0.0307631 -0.045918 0.000441794 -0.00465863 0.00174195 0.00836072 -0.00292613 0.000641873 -0.00247199 -0.00920028 0.00103576 0.00423883 3.38196e-05 -0.00120542 0.0131444 0.000491497 0.00387801 4.70181e-05 -0.0116873 0.0168798 -0.0235176
internal_weight=336371 243799 3619.06 2272.3 1929.39 92572 295.714 92276.3 26236.3 5234.43 1618.65 1134.03 3615.78 2069.77 21001.9 4692.84 3644.29 16309 15909.6 484.618 1546.01 1306.45 1085.19 1048.55 270.988 1346.76 544.774 342.908 259.677 240180 9066.13 6768.84 3710.55 1596.01 231114 25951.8 7042.41 205162 29797.6 18909.4 17276.4 1633 175364 20346.1 155018 6511.36 2114.54 2297.29
internal_count=2757341 2264219 24539 12566 10574 493122 1750 491372 144816 28421 9830 6397 18591 10678 116395 25860 19881 90535 86982 3433 7913 7383 6022 5979 1612 11973 4551 1992 1485 2239680 126851 94087 62084 25856 2112829 284367 57424 1828462 438555 226943 210999 15944 1389907 168340 1221567 53539 36228 32764
is_linear=0
shrinkage=0.12179


Tree=64
num_leaves=49
num_cat=0
split_feature=11 2 8 1 1 1 11 2 0 5 4 5 7 4 4 0 0 2 2 11 11 11 2 1 1 2 4 1 1 7 0 2 11 11 2 2 6 2 4 5 4 2 4 11 11 8 7 5
split_gain=16.7629 18.7326 39.5066 17.2879 43.0436 23.1252 22.65 19.036 17.5317 15.7013 66.7284 66.555 75.6445 50.1987 39.3442 59.2637 36.0223 34.4464 81.5591 46.2435 43.9645 32.9583 32.9317 48.6529 105.805 31.8513 31.3425 30.7367 54.1256 44.9533 44.0378 29.8819 33.2513 27.8608 27.2379 58.2672 52.336 72.812 52.1285 45.7559 73.6858 49.2209 44.5437 46.4048 39.484 38.4849 60.0382 27.2269
threshold=0.92618626640785673 1645.5000000000002 0.83205873009260178 5.5000000000000009 6.5000000000000009 3.5000000000000004 0.95182493128170254 1679.5000000000002 7.5000000000000009 104.50000000000001 518.00000000000011 93.500000000000014 16.500000000000004 598.50000000000011 526.50000000000011 2.5000000000000004 7.5000000000000009 1905.5000000000002 1849.5000000000002 0.80220605664904798 0.79198239326205344 0.79521440734048654 1730.5000000000002 6.5000000000000009 5.5000000000000009 1705.5000000000002 603.50000000000011 4.5000000000000009 5.5000000000000009 225.50000000000003 8.5000000000000018 1715.5000000000002 0.67248512698130625 0.60832460550202494 1120.5000000000002 1730.5000000000002 161.50000000000003 1829.5000000000002 1122.0000000000002 174.50000000000003 992.50000000000011 1505.5000000000002 1117.5000000000002 0.85871623605402247 0.84248125963600284 0.80235441454681389 215.50000000000003 182.50000000000003
decision_type=2 2 2 2 2 2 2 2 2 2 2 2 2 2 2 2 2 2 2 2 2 2 2 2 2 2 2 2 2 2 2 2 2 2 2 2 2 2 2 2 2 2 2 2 2 2 2 2
left_child=9 -2 -3 5 -5 -4 8 -8 -7 10 16 12 -12 17 15 -13 22 18 25 20 -20 -19 33 24 -24 -11 -16 -18 29 -29 -30 32 -14 -1 38 39 44 -38 42 40 -36 -41 43 -15 -37 46 -40 -47
right_child=1 2 3 4 -6 6 7 -9 -10 13 11 14 31 34 26 -17 27 21 19 -21 -22 -23 23 -25 -26 -27 -28 28 30 -31 -32 -33 -34 -35 35 36 37 -39 45 41 -42 -43 -44 -45 -46 47 -48 -49
leaf_value=-0.051708428966128532 0.0069896564185243535 0.023697336597812205 -0.00065991395804504318 0.042158726756339457 -0.0094867543597283756 -0.0065296798351164032 -0.20240663790562999 -0.041466615818684938 -0.043400595231639166 0.011947637243428001 0.0077141075413633782 -0.047240817415292506 0.019947597492360355 0.0024355207886141172 -0.003958391807233814 0.041482130662902572 -0.00091018574659183467 0.048846554560969382 -0.035484439273925125 -0.010546131444168877 -0.15471955271183391 0.010816570014457291 -0.0028483775940266924 -0.013597721121382515 0.021191496430544039 -0.0052670302195472005 -0.019186530442706989 -0.022742623654250067 -0.011127248900067081 0.046429456569095855 0.0095561167525355303 -0.020143666905301418 -0.061700359683101877 0.0024293353428675073 -0.0030990337824745003 -0.0023895566356805118 0.030062724067344261 0.0046965662535900267 -0.0070663993099491628 -0.0035144198278023696 -0.015738474990761486 0.0072726634499345674 0.037371448204878498 0.014266354573645404 0.0072527992188353178 -0.012768034484531931 -0.051106639692523659 0.0018885086479936057
leaf_weight=141.28226913511753 10196.445129866246 772.17743695247918 1874.9727063272148 356.2655209293589 729.51143511198461 1134.1479152329266 11.226946165785192 375.54384696576744 230.08912068605423 7422.573265356943 619.2173455581069 140.82165421918035 80.425538808107376 22778.740066071972 10213.068278927356 539.44527687132359 16207.418062741868 571.60634160786867 95.844849184155464 229.21346908807755 87.966842174530029 827.1235055141151 27020.481409166008 4833.4776196628809 3018.993456158787 2030.2999848723412 2494.3801240287721 3945.6418802607805 3566.0199164170772 144.45642442256212 2670.1817196886986 564.73847849294543 923.76048321835697 70164.216787930578 35915.934760414064 22755.534717481583 2195.2281535454094 7130.3192886188626 3040.4100346453488 15206.367927692831 8451.3176240101457 10681.554379057139 644.06267161294818 6271.5298317279667 8710.1583020612597 2137.3989889323711 540.81496782973409 15610.782752431929
leaf_count=641 228457 11260 32422 7060 10629 10926 184 6925 3066 57477 4842 936 404 176173 74521 4489 155381 2927 461 1523 459 5492 174254 33712 25931 12026 18661 33060 35512 1452 29772 3198 8152 640982 243423 122129 11758 35981 19916 99470 55029 58854 4547 79294 71694 19158 4100 118621
internal_value=1.4433e-05 0.00390254 -0.00183743 -0.00602214 0.00745918 -0.010059 -0.0201236 -0.0461383 -0.0127482 -0.000175719 -0.00110029 -0.00863851 -0.0283305 0.000609919 -0.00541997 0.0231156 -0.000208844 0.00847145 0.0059356 -0.0470395 -0.0925468 0.0263579 0.000802779 -0.0022571 -0.000432349 0.00825025 -0.00694757 -0.00421887 -0.00941195 -0.0202996 -0.00227116 -0.0425565 -0.0551612 0.00232054 6.3506e-05 -0.00100673 0.00265449 0.0106677 0.00239273 -0.00313249 -0.00550666 0.000936413 0.00569198 0.00498963 0.000279587 -0.0022004 -0.0137171 0.000123433
internal_weight=336303 15680.4 5483.93 4711.76 1085.78 3625.98 1751.01 386.771 1364.24 320623 147288 15575.9 2188.14 173335 13387.7 680.267 131712 11264.6 9865.9 413.025 183.812 1398.73 105178 34873 30039.5 9452.87 12707.4 26533.7 10326.3 4090.1 6236.2 1568.92 1004.19 70305.5 162070 111046 40791.2 9325.55 51023.7 70255.2 44367.3 25887.9 29694.3 29050.3 31465.7 21329.4 3581.23 17748.2
internal_count=2757341 310929 82472 71212 17689 53523 21101 7109 13992 2446412 1245900 115203 16596 1200512 98607 5425 1130697 80365 71946 2443 920 8419 875520 233897 200185 69503 93182 255177 99796 34512 65284 11754 8556 641623 1120147 698338 241562 47739 421809 456776 298452 158324 260014 255467 193823 161795 24016 137779
is_linear=0
shrinkage=0.12179


Tree=65
num_leaves=49
num_cat=0
split_feature=5 4 4 5 3 3 8 8 1 0 0 7 1 1 1 0 8 8 8 8 0 7 0 9 4 9 3 6 3 8 4 5 4 5 3 8 4 5 4 9 7 4 7 9 5 4 6 3
split_gain=17.6011 79.2664 54.2241 35.3943 31.2542 54.2773 67.0145 82.7452 65.7559 46.767 66.7781 47.8417 45.7525 105.094 64.6215 95.5496 44.0136 41.8917 36.7673 32.2095 30.0694 29.9718 29.2809 29.0048 28.4361 27.5209 27.5119 27.0659 25.9463 25.8932 24.9531 36.025 38.8246 54.7712 48.5944 29.6788 37.9184 34.5127 26.0227 58.8649 23.4245 22.8525 28.8254 39.7204 21.9114 37.9936 34.3569 21.557
threshold=91.500000000000014 460.50000000000006 526.50000000000011 99.500000000000014 14.500000000000002 11.500000000000002 0.84698799222000154 0.87366003285681904 6.5000000000000009 8.5000000000000018 4.5000000000000009 225.50000000000003 6.5000000000000009 5.5000000000000009 4.5000000000000009 5.5000000000000009 0.87366003285681904 0.84698799222000154 0.88085919287258096 0.83205873009260178 1.5000000000000002 24.500000000000004 1.5000000000000002 0.76645112812423111 324.50000000000006 0.88179793208816604 6.5000000000000009 10.500000000000002 4.5000000000000009 0.90286652329037753 603.50000000000011 113.50000000000001 762.50000000000011 130.50000000000003 15.500000000000002 0.82029770595515661 565.00000000000011 109.50000000000001 641.50000000000011 0.92509389984292545 85.500000000000014 551.50000000000011 16.500000000000004 0.88294087857349679 44.500000000000007 127.00000000000001 105.50000000000001 17.500000000000004
decision_type=2 2 2 2 2 2 2 2 2 2 2 2 2 2 2 2 2 2 2 2 2 2 2 2 2 2 2 2 2 2 2 2 2 2 2 2 2 2 2 2 2 2 2 2 2 2 2 2
left_child=1 4 20 27 5 8 44 24 9 10 -1 -11 13 14 16 -16 -6 19 -9 -15 25 -22 -19 -10 -8 -2 -23 -4 -25 -14 35 38 34 -34 -33 36 37 -5 -32 -40 -38 -3 -43 -44 45 -7 -46 -28
right_child=2 41 3 30 12 6 7 18 23 11 -12 -13 29 17 15 -17 -18 22 -20 -21 21 26 -24 28 -26 -27 47 -29 -30 -31 31 32 33 -35 -36 -37 40 -39 39 -41 -42 42 43 -45 46 -47 -48 -49
leaf_value=-0.0058874945515669363 0.024720744530719305 -0.011848403871041788 0.021258668553400025 0.0069449118546493511 -0.0023413692312725383 -0.0043020057385015423 0.032217644830421707 -0.022989785924650664 0.0538050159538523 -0.021589373414079176 0.005937547673091563 0.037045108922180894 -0.0071309515149355776 0.011406547553522065 -0.0012985806253195196 -0.023494017727300254 0.0072110504141012248 -0.0046448041350514412 0.007240707715925907 -0.017976745222688269 0.018894823093265883 0.039809897858254062 0.031945629321546619 -0.072493385838736227 0.012902564966012879 -0.022204843601073675 0.0050822497224609015 -0.010809840383762545 0.012824916046355442 -0.024954162763218584 -0.0011240365957189851 0.0092798138064389829 -0.011913262760665413 0.00030441913430486497 -0.0012211137183525849 0.0097399481133267803 0.0022735930430541396 0.050689953866558543 -0.012177185672406924 -0.25111547225454162 -0.013382475590793889 0.047217283045282943 -0.12091688935985473 -0.020173176685880014 0.007866402086416438 -0.057286052214480257 -0.0069584671058743001 -0.0077401362296869751
leaf_weight=18047.045195861254 2117.6825544964522 7114.0561516201124 418.19046798627824 1790.5704659093171 31207.316745196469 996.27883212268353 3148.8463063985109 687.28551952540874 258.35760827921331 2769.5614130278118 11660.205239581876 223.02683820202947 8179.0347654595971 3022.4468616433442 7049.0874941442162 4860.6049352157861 9282.6408972088248 382.46778923645616 4530.0883047357202 677.36817973013967 2097.0927059166133 292.9806845895946 2136.3556967126206 53.712557703256607 1763.8760216981173 203.16534795612097 8029.5256419274956 5869.8528407039121 3372.1624854886904 1418.7405795529485 6102.839234222658 15516.54576282762 5699.0852373987436 120866.58636576962 11294.668710384518 9208.4432500675321 2797.2899955380708 314.49758103489876 5115.7250947440043 15.339334927499293 2873.7719889972359 40.667179243639112 102.36440772563219 134.09074974711984 6022.9503800841048 251.39834044128656 3770.2354485597461 2566.3707753699273
leaf_count=176345 15230 64716 4250 11963 214392 9944 37466 9611 2678 42838 187045 2837 63216 22583 43742 34031 99251 3741 62798 6107 17884 4527 28203 515 19820 1613 71674 47929 52724 13338 46831 127161 43497 837663 67954 78182 17713 1868 42594 263 17989 601 729 2267 50911 2677 28007 17421
internal_value=0.000160687 -0.000927601 0.000873905 0.000306029 -0.000207272 0.00188287 0.00678589 0.0139394 -0.000970069 -0.00270796 -0.00124612 -0.0172196 -0.00197076 -0.000694487 -0.00247099 -0.010357 -0.000151402 0.0142748 0.00325844 0.00602701 0.00784429 0.00556229 0.0263896 0.0144548 0.0252827 0.0206129 0.00299457 -0.0086771 0.0114873 -0.00976557 0.000617085 0.000158502 0.000646108 -0.000245727 0.00485612 0.00506158 -0.000478524 0.0134804 -0.0064988 -0.0128915 -0.00566001 -0.013185 -0.0474968 -0.0637864 0.000222471 -0.0149779 0.00215904 0.00197661
internal_weight=336352 133162 203190 187883 125771 57555 21171 10130.1 36384.1 32699.8 29707.3 2992.59 68216.1 58618.3 52399.7 11909.7 40490 6218.64 5217.37 3699.82 15306.8 12986 2518.82 3684.23 4912.72 2320.85 10888.9 6288.04 3425.88 9597.78 181595 164611 153377 126566 26811.2 16984.6 7776.13 2105.07 11233.9 5131.06 5671.06 7391.18 277.122 236.455 11040.9 1247.68 9793.19 10595.9
internal_count=2757339 1283133 1474206 1345857 1214820 686216 221234 129695 464982 409065 363390 45675 528604 452050 391416 77773 313643 60634 72409 28690 128349 111506 31944 55917 57286 16843 93622 52179 53239 76554 1293678 1165963 1076275 881160 195115 127715 49533 13831 89688 42857 35702 68313 3597 2996 91539 12621 78918 89095
is_linear=0
shrinkage=0.12179


Tree=66
num_leaves=49
num_cat=0
split_feature=6 9 3 10 10 0 4 4 8 9 1 9 9 9 8 9 8 0 5 9 7 0 9 8 5 1 3 3 6 6 9 0 5 6 7 0 6 6 4 3 4 3 0 5 9 3 9 10
split_gain=14.0369 50.0855 39.2995 42.1849 73.5749 77.7778 51.909 51.3254 41.5775 36.9013 37.3428 62.0607 72.7185 43.3418 35.1664 70.4803 62.6382 130.062 56.9238 43.2336 34.5033 31.1421 44.3272 44.8115 27.4115 61.014 26.0619 25.054 22.9893 22.6864 48.0182 33.9479 22.6299 25.8604 23.5036 21.1591 25.6519 174.245 20.2035 37.3636 44.3122 55.4618 35.5107 58.7011 31.9329 49.3051 35.4961 29.4703
threshold=60.500000000000007 0.83026409277710511 7.5000000000000009 0.87127387975469806 0.87041453609451969 4.5000000000000009 1024.5000000000002 926.50000000000011 0.88085919287258096 0.79913480369519829 4.5000000000000009 0.82852241901918278 0.86007267607723836 0.81056320994217546 0.84698799222000154 0.79225961247450971 0.83205873009260178 6.5000000000000009 114.50000000000001 0.73796475997026378 2.5000000000000004 1.5000000000000002 0.86687508111313971 0.88637416310275396 76.500000000000014 4.5000000000000009 20.500000000000004 9.5000000000000018 199.50000000000003 117.50000000000001 0.83773463753738309 5.5000000000000009 90.500000000000014 187.50000000000003 7.5000000000000009 2.5000000000000004 198.50000000000003 199.50000000000003 1024.5000000000002 13.500000000000002 1136.0000000000002 16.500000000000004 5.5000000000000009 209.50000000000003 0.81056320994217546 10.500000000000002 0.76645112812423111 0.78122805128504036
decision_type=2 2 2 2 2 2 2 2 2 2 2 2 2 2 2 2 2 2 2 2 2 2 2 2 2 2 2 2 2 2 2 2 2 2 2 2 2 2 2 2 2 2 2 2 2 2 2 2
left_child=1 38 3 4 35 -6 7 -7 9 14 29 13 -13 -12 16 19 18 -18 -4 -16 -3 -10 23 28 25 -24 -25 -26 -23 31 -31 -11 34 -34 -5 -2 -37 -38 47 44 41 -41 -42 -44 45 46 -40 -1
right_child=2 20 8 32 5 6 -8 -9 21 10 11 12 -14 -15 15 -17 17 -19 -20 -21 -22 22 24 26 27 -27 -28 -29 -30 30 -32 -33 33 -35 -36 36 37 -39 39 40 42 -43 43 -45 -46 -47 -48 -49
leaf_value=-0.0055756995106274734 0.015204718075449134 -0.056464139759505282 -0.0023372501553605967 -0.021105418970948323 0.0040907453609236571 -0.086641964677948713 -0.021628001270648907 -0.24842544559784374 -0.0070076011784680411 -0.0027026369584086806 -0.011397731776599163 0.001030207394789828 -0.011811852909829383 -0.03638758407622026 0.021221541621483746 0.050383310645504352 -0.011999947554340116 0.007374690304653592 0.0050874359460878855 -0.0038430029435243197 0.00015302335479012755 0.003569814964704749 0.042093246583059379 -0.020263138813061594 0.029297949523826253 0.0019495070531233753 0.062292143232230451 0.0012306425859343157 0.027220727500991523 -0.028151103817198344 -0.0032483127097713573 0.0051040199392667794 0.01820714741467043 -0.036685725409193265 0.04617048623230862 0.0042513197722951375 -0.31827591240839687 -0.007951252794367451 -0.07138518152615142 -0.049855247964222582 0.014946661794120051 0.0023976759209715279 0.028550211040335595 -0.036938571819845556 0.022832906492047361 0.026204206313436288 -0.0073554050508000861 0.011103981005599884
leaf_weight=1790.372846852988 2315.8739913348109 159.89058918133378 28910.277873374522 86.833536501042545 200.86505698785186 70.678043553605676 70.599509090185165 49.426510203629732 3276.9079823456705 21306.359704064205 3072.5161590017378 15234.107073385268 11460.482498906553 1548.138658311218 1566.1066936813295 568.88529414869845 16023.756919134408 7565.9623768739402 32573.903730060905 2931.3621985204518 108784.08653831249 12278.54362244904 1351.0855642315 1496.8030810467899 604.95160621590912 961.04866909794509 58.954166084527969 2142.1858166167513 641.45498330146074 1257.9160432703793 13203.734265560284 13495.878236502409 1188.1417914060876 142.57436092197895 681.96351163927466 6618.1465373365209 27.898011028766632 706.27207846567035 145.21473279595375 675.28133173286915 1339.364653877914 544.0312859416008 298.44759489968419 634.91632992774248 1578.1718538664281 667.47507364861667 1110.4738046787679 12834.349396632053
leaf_count=11466 18310 1680 172361 1397 1717 1058 1032 499 22557 145672 19967 119915 101811 9686 10363 4672 92115 50129 173304 18208 1113631 99867 18890 13987 8669 11692 389 22560 5496 7167 103214 114502 16180 1767 13126 72611 341 7963 975 3801 6956 3021 1855 3198 12185 4254 8269 102854
internal_value=0.000144846 0.00113252 -0.000482078 0.00623405 0.00295686 -0.0487978 -0.104504 -0.153221 -0.000904042 -0.00155658 -0.00345039 -0.00673883 -0.00448313 -0.0197705 0.000136363 0.00999383 -0.000450673 -0.00578589 0.0015963 0.00488496 6.99297e-05 0.00397938 0.0058224 0.00239265 0.0156357 0.0254073 -0.0171348 0.00741139 0.00474404 -0.00136006 -0.00541443 0.000324688 0.0219366 0.0123259 0.0385719 0.00505297 0.00185531 -0.0197434 0.00648741 0.00110329 -0.00781063 -0.0265411 0.00223822 -0.0159982 0.00999354 -0.000542601 -0.0147602 0.00906204
internal_weight=336253 130562 205691 12159.3 10059.8 391.569 190.704 120.105 193531 170719 80579.1 31315.2 26694.6 4620.65 90140.3 5066.35 85073.9 23589.7 61484.2 4497.47 108944 22811.9 19535 14475.8 5059.27 2312.13 1555.76 2747.14 12920 49263.9 14461.7 34802.2 2099.51 1330.72 768.797 9668.19 7352.32 734.17 21618.1 6993.38 3492.04 1219.31 2272.73 933.364 3501.34 1923.16 1255.69 14624.7
internal_count=2757339 1274145 1483194 136001 103531 4306 2589 1557 1347193 1143086 621934 251379 221726 29653 521152 33243 487909 142244 345665 28571 1115311 204107 181550 119739 61811 30582 14376 31229 105363 370555 110381 260174 32470 17947 14523 99225 80915 8304 158834 44514 18831 6822 12009 5053 25683 13498 9244 114320
is_linear=0
shrinkage=0.12179


Tree=67
num_leaves=49
num_cat=0
split_feature=11 7 4 8 7 7 4 8 2 7 7 8 1 1 1 2 9 1 1 2 2 7 2 2 2 1 10 10 2 10 2 10 2 2 8 8 7 4 7 1 4 11 9 7 7 1 9 2
split_gain=19.3289 14.2133 16.4725 13.3889 12.5841 14.8746 41.4277 49.1417 40.8977 45.9062 37.1704 34.2789 23.9971 27.0999 23.4327 35.712 20.5789 18.3882 37.7664 17.8626 17.5962 15.1805 14.6591 21.6961 14.3679 14.3444 37.0538 51.5352 42.3568 25.9115 44.2858 25.3408 11.6263 11.6328 15.5793 18.5964 12.7883 11.05 10.9166 10.8315 12.6223 11.1845 9.66258 9.45296 8.02376 7.62689 7.07881 15.9416
threshold=0.60832460550202494 39.500000000000007 2317.5000000000005 0.83205873009260178 412.50000000000006 259.50000000000006 1663.0000000000002 0.83205873009260178 1335.5000000000002 265.50000000000006 253.50000000000003 0.83205873009260178 4.5000000000000009 6.5000000000000009 6.5000000000000009 1055.5000000000002 0.91446011347987832 4.5000000000000009 3.5000000000000004 705.50000000000011 1579.5000000000002 289.50000000000006 755.50000000000011 855.50000000000011 655.50000000000011 2.5000000000000004 0.78012351836885896 0.83715558595118622 730.50000000000011 0.7836894369319739 1800.5000000000002 0.82519832032387785 2045.5000000000002 2004.5000000000002 0.83205873009260178 0.80235441454681389 88.500000000000014 327.50000000000006 32.500000000000007 4.5000000000000009 313.50000000000006 0.8538884242890934 0.82852241901918278 291.50000000000006 273.50000000000006 6.5000000000000009 0.76645112812423111 1705.5000000000002
decision_type=2 2 2 2 2 2 2 2 2 2 2 2 2 2 2 2 2 2 2 2 2 2 2 2 2 2 2 2 2 2 2 2 2 2 2 2 2 2 2 2 2 2 2 2 2 2 2 2
left_child=1 3 32 45 5 10 7 12 16 -10 25 19 21 -14 17 37 -9 18 -12 44 -17 -7 -13 -24 -19 26 28 -28 -2 30 -27 -31 33 34 35 -3 -35 -16 -5 40 -6 -42 -36 -21 -8 46 47 -1
right_child=4 2 -4 38 39 6 11 8 9 -11 14 22 13 -15 15 20 -18 24 -20 43 -22 -23 23 -25 -26 29 27 -29 -30 31 -32 -33 -34 36 42 -37 -38 -39 -40 -41 41 -43 -44 -45 -46 -47 -48 -49
leaf_value=0.0096248986683547377 -0.028485207335909066 -0.0077099444013718991 -0.084219968169046852 -0.10586702199354589 0.047086374629699515 0.0010075907445285474 -0.13176153448331987 0.023352951301276108 0.037924746777401236 -0.011897468354362138 -0.013617122488290643 -0.11702094398627425 0.018053884939817598 -0.013520620454951624 -0.26576403210879307 0.07464715153580409 -0.024000728323197024 0.053651769987548864 -0.089822800959343266 0.027679521795075292 -0.042759204871871022 -0.014842950813162213 0.015731458408168628 -0.050676797745441163 -0.0029841142938556329 0.00059555820044123538 0.0067797132516754909 0.0002202245729568961 -0.0027854324192647709 -0.0036461026514539984 0.011409498210819827 -0.00020324913088459081 0.055434695070227503 -0.12868666747843951 0.04121071606140491 -0.091637179763681964 -0.0040725896250725447 -0.11689398706502623 -0.0071189735484882069 0.031260551671410626 -0.040431642276496788 -0.1339688364435323 0.0025752652762032679 -0.0066319453010973278 -0.026537668778518309 -0.056864790031594593 0.0092215663638073233 -0.054418714312582099
leaf_weight=103.89851455390453 1059.8286636732519 1531.4531123712659 39.048745885491371 53.286254584789276 20.922286160290241 1701.8176380209625 11.530861318111418 3736.5977560784668 348.29126751795411 1291.475655388087 746.84021120890975 36.436901248991489 1450.7426434792578 558.38295612484217 8.8303866945207101 21.802490599453449 141.27102438546717 78.607468497008085 110.76757064834237 264.77846199274063 143.94806288927794 1893.296929333359 92.570320390164852 344.68356911838055 429.23795031011105 30973.170338073745 26122.64503579773 55534.026559937745 9283.1657343413681 40253.788843393326 6861.5487999394536 149414.57082177931 47.109695792198181 23.693891182541847 151.3486847281456 40.187740638852119 25.213859558105469 45.512295205146074 24.122837468981743 36.310873709619045 134.27096870541573 22.079206123948097 262.62528449296951 216.46921084821224 158.53815561905503 70.409665659070015 133.84686572849751 129.51398454606533
leaf_count=455 7882 6670 158 222 130 13268 104 36066 2278 9102 5138 369 12417 4842 114 206 1981 752 750 1992 771 14359 803 2629 3225 190871 182390 525349 52818 279885 38043 1352961 192 101 732 181 104 446 107 292 658 129 1120 1612 1236 327 564 538
internal_value=0.000131066 -0.0102574 -0.00584979 -0.0284045 0.000213157 0.000232093 0.00439783 0.00665068 0.0148095 -0.00131508 7.32042e-05 -0.0178739 -0.00138208 0.00927859 -0.0185282 -0.0554062 0.0216279 -0.0125839 -0.0234598 0.000256054 -0.0273158 -0.00733979 -0.0428023 -0.0366176 0.00578234 0.000165514 0.00144878 0.00231866 -0.00541884 -0.000353422 0.00255673 -0.000933935 -0.00437967 -0.00576468 -0.00431936 -0.00985601 -0.0644432 -0.141085 -0.0750944 -0.0293397 -0.0417525 -0.0536406 0.0167004 0.0122459 -0.033672 -0.0201466 -0.0131071 -0.0259111
internal_weight=336185 2635.76 2120.68 515.078 333549 333335 12246.9 11121.9 5517.64 1639.77 321088 1125.01 5604.24 2009.13 1585.55 220.093 3877.87 1365.45 857.608 651.317 165.751 3595.11 473.691 437.254 507.845 319503 91999.7 81656.7 10343 227503 37834.7 189668 2081.63 2034.52 1985.61 1571.64 48.9078 54.3427 77.4091 213.583 177.272 156.35 413.974 481.248 170.069 437.669 367.259 233.412
internal_count=2757339 11471 9258 2213 2745868 2744659 103058 94313 49427 11380 2641601 8745 44886 17259 11402 1537 38047 9865 5888 4944 977 27627 3801 3432 3977 2630199 768439 707739 60700 1861760 228914 1632846 9100 8908 8703 6851 205 560 329 1209 917 787 1852 3604 1340 1884 1557 993
is_linear=0
shrinkage=0.12179


Tree=68
num_leaves=49
num_cat=0
split_feature=5 4 10 2 2 6 6 8 2 2 4 8 7 2 10 7 6 5 2 1 2 2 4 6 1 10 2 10 7 1 1 5 8 2 2 1 6 2 2 1 7 4 1 12 2 8 5 5
split_gain=15.0143 29.4533 29.4262 19.7951 35.8313 14.9651 14.547 15.7693 15.1686 14.3142 23.7354 19.3889 17.6569 20.9361 13.4285 13.3891 21.3621 30.5476 39.7494 35.5626 29.0027 51.2484 42.7751 28.7789 18.7889 29.7918 35.569 30.6509 21.7434 55.2587 53.5746 15.5361 18.9572 35.5803 47.1443 27.189 22.4548 19.8427 18.8079 10.0075 11.0388 18.6057 10.8906 11.103 9.19054 8.14132 7.32694 6.99614
threshold=326.50000000000006 2612.5000000000005 0.77413245550436538 1950.5000000000002 1825.5000000000002 168.50000000000003 44.500000000000007 0.82029770595515661 1905.5000000000002 940.50000000000011 2557.5000000000005 0.8622651991476401 11.500000000000002 1200.5000000000002 0.82326400988857973 24.500000000000004 96.500000000000014 141.50000000000003 1125.5000000000002 6.5000000000000009 1500.5000000000002 1705.5000000000002 950.50000000000011 264.50000000000006 5.5000000000000009 0.80631923638998237 1710.5000000000002 0.83715558595118622 133.50000000000003 4.5000000000000009 4.5000000000000009 30.500000000000004 0.80235441454681389 2045.5000000000002 2230.5000000000005 4.5000000000000009 145.50000000000003 1730.5000000000002 2325.5000000000005 5.5000000000000009 8.5000000000000018 67.500000000000014 6.5000000000000009 0.86640578605357998 2079.5000000000005 0.80235441454681389 372.50000000000006 320.50000000000006
decision_type=2 2 2 2 2 2 2 2 2 2 2 2 2 2 2 2 2 2 2 2 2 2 2 2 2 2 2 2 2 2 2 2 2 2 2 2 2 2 2 2 2 2 2 2 2 2 2 2
left_child=1 15 5 4 9 -2 8 14 -6 10 11 -4 -11 -14 -8 31 24 18 23 -20 22 -22 -19 -18 28 26 -26 -27 30 -30 -17 39 33 35 -35 -33 38 -38 -34 40 -1 -42 43 -41 -5 -44 -9 -3
right_child=2 47 3 44 6 -7 7 46 -10 12 -12 -13 13 -15 -16 16 17 20 19 -21 21 -23 -24 -25 25 27 -28 -29 29 -31 -32 32 36 34 -36 -37 37 -39 -40 42 41 -43 45 -45 -46 -47 -48 -49
leaf_value=-0.014563916681881136 0.065622260449292452 -0.10210881497799762 0.019496298392231298 0.052218620442812273 0.045100324335701193 -0.082088547175574317 -0.14221127966914163 -0.049626345911560933 -0.046145567334712187 -0.024047611832331974 -0.023767473681897307 -0.020850455382472041 0.035975204814527727 0.008523485265690996 -0.029359704100152595 0.00025087835203433463 0.00022987944615111266 0.0085796903935888343 -0.0041456025896775767 -0.014490940099012233 0.015124814610723599 0.0004790026405488225 -0.0044246905055363977 0.020425758365510249 0.0047883172557769667 -0.0054926440531749884 0.022528382332040294 0.0033503656743756665 -0.00026486286194808754 0.010782373257332995 -0.0074710907375056699 0.012438813563922506 0.0023903625327542596 -0.013215466100657802 0.012828512595485524 0.0018043874475359985 -0.0063091588108472188 0.0034862945682878734 -0.021405170272104437 -0.07061984021134006 0.041299631865984718 -0.015793440900296898 -0.02866744837742775 0.003703947500381854 0.0042012882204237921 0.024067481737585827 0.0016867460774304874 -0.039271480786427393
leaf_weight=650.45086655486375 161.06193335354328 40.976160891354084 653.59986824542284 185.27976050786674 58.79869319871068 10.859562978148459 42.438129484653473 117.00958924740553 50.005780965089798 192.30271126329899 538.32764647901058 242.11029359325767 520.74494507908821 1974.6709944028407 24.767631188035011 60373.758080447558 13780.79792133905 4600.7345737889409 35977.461724009365 5710.9777229130268 4828.0767014324665 13323.051399387419 20330.869590439834 1132.5883617401123 7908.5089285429567 8124.8657918106765 2127.3714914675802 20439.796263253316 32554.928821678273 8461.6906439708546 17101.711983919144 8430.3053695000708 38382.777150654234 3028.6568244881928 1562.9753096736968 6180.3233800074086 10596.872664501891 4317.033241353929 499.09159151650965 121.97979452647269 168.13481458462775 170.54011138342321 117.9834341686219 39.456427810713649 86.833643553778529 68.711727734655142 63.769777089357376 73.283338632434607
leaf_count=5451 1177 303 4074 1016 458 95 219 569 257 969 3886 1523 3140 10590 127 573036 126991 31221 226061 38060 24869 69227 137586 9371 59412 70747 13843 243441 255447 64182 142084 56293 389848 16238 10238 42519 83828 26610 4731 1130 1486 1397 910 456 590 752 324 557
internal_value=0.000116664 1.74369e-05 0.00679338 0.00500208 0.00306423 0.056292 -0.0339619 -0.0502512 0.00316435 0.0062693 -0.00355641 0.00859058 0.0115118 0.0142521 -0.100622 3.8771e-05 -0.000377924 -0.00177242 -0.00363246 -0.00556283 0.000671281 0.00437469 -0.00202494 0.00176364 0.000506969 0.00284059 0.0085488 0.000835081 -0.000253244 0.00201417 -0.00145365 0.00147816 0.00171647 0.00500151 -0.00435019 0.00794043 0.000543885 -0.00347373 0.00208492 -0.0115305 -0.00528004 0.0125504 -0.0292896 -0.0524545 0.0368959 -0.00925876 -0.0315257 -0.0618064
internal_weight=336149 331227 4922.58 4750.66 4478.55 171.921 356.79 247.985 108.804 4121.76 1434.04 895.71 2687.72 2495.42 67.2058 331112 256777 99684.6 56601.8 41688.4 43082.7 18151.1 24931.6 14913.4 157093 38600.5 10035.9 28564.7 118492 41016.6 77475.5 74335.3 72998 19202.3 4591.63 14610.6 53795.8 14913.9 38881.9 1337.26 989.126 338.675 348.131 161.436 272.113 186.695 180.779 114.259
internal_count=2757339 2728325 29014 27742 26136 1272 1954 1239 715 24182 9483 5597 14699 13730 346 2727465 2085578 663386 400483 264121 262903 94096 168807 136362 1422192 387443 73255 314188 1034749 319629 715120 641887 630305 125288 26476 98812 505017 110438 394579 11582 8334 2883 3248 1586 1606 1662 893 860
is_linear=0
shrinkage=0.12179


Tree=69
num_leaves=49
num_cat=0
split_feature=11 4 2 2 2 2 9 11 9 8 11 4 0 9 8 11 8 11 11 2 8 10 4 4 0 0 9 10 0 11 2 8 4 11 11 9 1 11 2 9 10 10 8 8 2 2 10 10
split_gain=15.6595 12.2129 22.0583 24.1619 18.901 33.0512 45.9316 27.0143 23.8765 22.8602 17.4078 17.8879 16.4038 17.9832 17.8811 14.9257 14.4344 14.3331 13.2052 12.4903 16.0008 28.4074 27.6431 26.0369 24.8321 16.8875 15.571 14.1071 12.7728 12.4384 12.4039 10.7106 10.4597 10.3998 14.4595 10.0503 17.6395 9.85923 20.6685 20.6913 16.7846 14.1299 24.6327 21.3025 9.29262 8.43003 7.06509 6.8971
threshold=0.60832460550202494 109.50000000000001 1854.5000000000002 1529.5000000000002 800.50000000000011 1030.5000000000002 0.88509204033473221 0.91763491763491778 0.85667252778272707 0.82029770595515661 0.91763491763491778 108.50000000000001 2.5000000000000004 0.84367056931416884 0.8622651991476401 0.90321186606072446 0.8622651991476401 0.9494630246842638 0.92032894396136677 2230.5000000000005 0.87366003285681904 0.88085749303204597 213.50000000000003 1209.0000000000002 4.5000000000000009 6.5000000000000009 0.88294087857349679 0.84443425531645178 8.5000000000000018 0.72079426309587369 1829.5000000000002 0.80235441454681389 190.50000000000003 0.88433629246803291 0.87909413150072713 0.71628202077880887 5.5000000000000009 0.92618626640785673 1240.5000000000002 0.88179793208816604 0.89081283554362478 0.85046214118857588 0.88085919287258096 0.83205873009260178 1945.5000000000002 2345.5000000000005 0.81495052016112302 0.83372029095365952
decision_type=2 2 2 2 2 2 2 2 2 2 2 2 2 2 2 2 2 2 2 2 2 2 2 2 2 2 2 2 2 2 2 2 2 2 2 2 2 2 2 2 2 2 2 2 2 2 2 2
left_child=-1 2 3 4 7 6 -6 8 -2 -7 11 16 13 -13 -14 33 31 -9 30 35 22 23 27 28 -25 26 -24 45 -22 -27 -17 -4 -29 34 -5 36 -3 41 39 -39 -40 42 -37 -43 -18 -21 -38 -20
right_child=1 19 10 15 5 9 -8 17 -10 -11 -12 12 14 -15 -16 18 44 -19 47 20 21 -23 25 24 -26 29 -28 32 -30 -31 -32 -33 -34 -35 -36 37 46 38 40 -41 -42 43 -44 -45 -46 -47 -48 -49
leaf_value=-0.0092431037079703255 -0.0029782998843535273 -0.002721801556133861 -0.016203252183922694 0.024374180998673816 -0.0087146284701045094 -0.005261408923817437 -0.082618075967143892 -0.0426372275396757 0.046513357178831594 0.017596401925952326 0.026063497931747549 0.053687786404300962 0.010637131746581466 -0.063595694581256648 0.079653945665975709 -0.009988579640377547 -0.0070852140663858363 0.026303728854494078 -0.0225301117981003 -0.039673029246143243 -0.0065999368538983 0.040302797186908608 0.0050505777389213882 -0.014066432786574597 -0.095216579629903764 -0.0083287486829843362 0.038247924125800942 0.018329706744472755 0.084551028589839108 0.039929793956335509 -0.090127158531729923 0.0045569573179325539 -0.063578808013565774 0.042302933808399716 -0.012818511364823678 7.1201902034125128e-06 -0.046505288563192804 0.00037958584455236228 0.0030365993829147187 0.015218030310835086 -0.0081005521598089634 0.0013841039265061388 0.0049813479041422391 -0.0026865021218086685 -0.04460746886307048 0.016885650442318819 -0.15752997371149244 0.023446891459803585
leaf_weight=2637.6111621558666 210.87785935774446 70.378386713564396 848.4567436426878 1114.6817438676953 774.5447309371084 1292.7713702414185 148.68464437872171 135.26296878047287 459.94309838861227 1303.192539495416 240.94750957749784 28.110810801386833 170.62746751308441 62.518489852547646 82.652860943228006 126.40310893207788 146.18701257556677 66.831950338557363 59.93121137842536 254.46823752298951 244.99530966952443 130.61410727910697 1314.1784109510481 112.83489931002259 110.9072851575911 91.649413362145424 249.33076384011656 204.40369507111609 25.142797285690904 584.14319198485464 37.043675821274519 651.78102188929915 26.074957393109798 372.09213998541236 180.09573248773813 200158.46038545296 15.108508080244063 2449.114108484704 6310.238293430768 3235.1873571523465 2943.4128782181069 27457.125870129094 15942.799472497776 62421.563281332143 296.38592620193958 46.182835072278976 19.441138572990894 251.43236101046205
leaf_count=11471 2294 370 4945 7205 8920 11655 1750 2828 5881 16224 3023 166 1354 379 743 1409 1109 2245 836 1669 2140 1617 9057 753 1125 432 2528 1774 272 5887 351 4545 228 3330 1489 1398259 82 58182 102649 85924 49236 201243 135586 597385 2308 443 138 3900
internal_value=0.000104139 0.00017807 0.00458808 0.00832553 0.00315382 -0.000825248 -0.0206167 0.0191956 0.0309553 0.00621338 -0.00507288 -0.00835367 0.0172485 -0.0272175 0.0331594 0.0189315 -0.0128857 -0.0198387 -0.000118318 5.48923e-05 0.00740337 -0.0102073 0.0113731 -0.0235654 -0.0542919 0.0172979 0.0103445 -0.0136066 0.00188384 0.0333851 -0.0281512 -0.00718394 0.00906307 0.0243579 0.0192009 -2.28204e-05 -0.0377091 -1.04984e-05 0.00304468 0.0088248 -0.00050592 -0.000159652 0.000374092 -0.00144297 -0.0322134 -0.0309851 -0.108979 0.0145972
internal_weight=336117 333479 9061.46 6533.79 4392.11 3519.19 923.229 872.916 670.821 2595.96 2527.67 2286.72 343.91 90.6293 253.28 2141.68 1942.81 202.095 474.81 324418 3394.93 624.494 2770.43 493.88 223.742 2239.3 1563.51 531.13 270.138 675.793 163.447 1500.24 230.479 1666.87 1294.78 321023 104.928 320918 14938 5684.3 9253.65 305980 216101 89878.7 442.573 300.651 34.5496 311.364
internal_count=2757339 2745868 88889 70317 51797 38549 10670 13248 8175 27879 18572 15549 2642 545 2097 18520 12907 5073 6496 2656979 27925 5907 22018 4290 1878 17904 11585 4114 2412 6319 1760 9490 2002 12024 8694 2629054 590 2628464 295991 144106 151885 2332473 1533845 798628 3417 2112 220 4736
is_linear=0
shrinkage=0.12179


Tree=70
num_leaves=49
num_cat=0
split_feature=11 11 6 3 8 8 8 1 10 8 1 10 7 10 8 8 3 5 7 6 6 3 1 3 1 6 5 7 12 6 6 10 3 8 5 10 5 4 8 6 10 5 5 7 5 4 3 3
split_gain=20.7974 18.1413 16.3621 32.4666 40.2776 39.6051 55.9068 35.4006 34.6584 29.1263 59.5042 26.6763 28.7113 22.948 25.8816 22.5143 21.4188 29.7633 19.7157 17.4833 56.9379 49.3609 48.3742 33.3734 26.5159 22.8877 16.7735 32.3765 22.8135 15.5829 11.5645 10.5491 9.47385 8.58259 56.7048 52.0316 46.0739 54.1542 57.3861 64.4216 45.1615 36.987 36.6531 39.6851 28.9001 28.8669 47.8727 37.0481
threshold=0.98131335302099143 0.72611518277234899 44.500000000000007 7.5000000000000009 0.90286652329037753 0.8622651991476401 0.83205873009260178 1.5000000000000002 0.77089915842315093 0.88637416310275396 2.5000000000000004 0.90548957699120591 86.500000000000014 0.80631923638998237 0.84698799222000154 0.83205873009260178 11.500000000000002 144.50000000000003 227.50000000000003 200.50000000000003 194.50000000000003 9.5000000000000018 1.5000000000000002 17.500000000000004 5.5000000000000009 345.00000000000006 59.500000000000007 40.500000000000007 0.80389237169954297 41.500000000000007 230.50000000000003 0.88394400514895188 6.5000000000000009 0.82029770595515661 118.50000000000001 0.84116383650093529 51.500000000000007 718.50000000000011 0.87366003285681904 143.50000000000003 0.83868538113941626 91.500000000000014 152.50000000000003 245.50000000000003 82.500000000000014 861.50000000000011 18.500000000000004 21.500000000000004
decision_type=2 2 2 2 2 2 2 2 2 2 2 2 2 2 2 2 2 2 2 2 2 2 2 2 2 2 2 2 2 2 2 2 2 2 2 2 2 2 2 2 2 2 2 2 2 2 2 2
left_child=1 33 3 4 5 6 -3 13 -7 15 -11 19 26 18 -15 -9 17 -14 -5 20 23 -22 25 -4 -24 -21 27 -13 -28 32 -18 -31 -6 34 35 40 -35 38 41 -40 -1 -38 -39 -44 -37 46 -36 -48
right_child=-2 2 11 7 29 8 -8 9 -10 10 -12 12 16 14 -16 -17 30 -19 -20 22 21 -23 24 -25 -26 -27 28 -29 -30 31 -32 -33 -34 36 45 44 37 42 39 -41 -42 -43 43 -45 -46 -47 47 -49
leaf_value=-0.011799220019071454 0.048009824253270834 -0.0066742899793193295 0.00082634870639476578 0.0079053795814817834 0.06799634747520826 0.037013020460365482 0.015017002551433602 0.0023747459562076575 -0.017586223186178345 0.020269611568222944 -0.0052576314493676226 -0.034407608099542859 -0.015339473043759305 -0.013240112593810657 -9.6145525994423088e-05 0.0071687970002357266 -0.037146560351210479 0.05323512090336642 -0.06130943662870128 -0.00892762653100488 -0.051364916324208955 -0.0098003488767796614 0.0070963605710708082 -0.0031591410623995038 -0.0014343365354255136 0.09108726193086035 0.01905510851745831 0.03122409627798841 -0.0044855646002130928 -0.08469930868840396 -0.003595150597870478 0.047653596604158889 0.026716269744940072 -0.1256056948658153 0.021009157231315356 -0.0053873304201963552 -0.001244980013763788 -0.019987864433349715 -0.012804904464357895 -0.21964528440233461 -0.066005671282287945 0.025981766941205672 -0.0053975738863065725 0.03957648763258835 0.021877541030046646 0.0011361814904673475 -0.037502832339115513 0.091122621876888008
leaf_weight=6788.1140246912837 133.94445907371119 6196.2957223439589 115498.70715307072 2586.4465229678899 137.68149071326479 180.55882279574871 2463.0045972056687 29638.284000782296 3838.6048937365413 1559.6556179681793 10294.084788751788 529.1744212815538 587.24024916440248 4427.17771227099 4461.2721100142226 28504.850718085654 923.64568386040628 111.74478621035814 62.518518730998039 5077.929483903572 539.6616775020957 1973.9057317636907 19053.289718898013 42680.611572371796 7544.5809329319745 34.166977047920227 767.87689962983131 141.24429772049189 2981.7844564262778 25.258839153684676 182.48556240648031 13.819420905783771 205.62169709056616 46.389629311859608 2443.7829974666238 1226.2069843560457 1352.920854780823 2700.4080010391772 69.838662013411522 32.835883408784866 235.89769198745489 1633.8206767253578 11529.228751592338 298.55741894990206 1088.5838591083884 12883.327594533563 347.8223412334919 36.72157871723175
leaf_count=33256 7273 71830 999063 16968 5834 1560 36160 224760 58300 25502 123781 7636 7245 37862 57743 302067 7693 1038 392 31236 4784 12758 124155 280544 51961 219 5824 1803 31346 867 1314 526 7108 231 11946 6041 7477 13844 363 162 1145 9804 55801 1688 5160 61945 1462 176
internal_value=2.91993e-05 1.00686e-05 0.000351657 0.00166996 -0.00396743 -0.00514198 -0.000504536 0.00257301 -0.0151334 0.0036033 -0.00189889 -0.000276177 -0.00812279 -0.00367772 -0.00664292 0.00472504 -0.0210654 -0.00437664 0.00627183 -2.23003e-05 -0.000538023 -0.0187242 0.00259117 -0.000249033 0.0046766 -0.00825917 -0.00283715 -0.0205803 0.000335228 0.0349767 -0.0316114 -0.0378948 0.0432716 -0.00233484 -0.000885174 -0.00840102 -0.00439071 -0.00407154 0.0105711 -0.0789536 -0.0136197 0.0136487 -0.0071853 -0.00426234 0.00743461 0.00358215 0.0147238 -0.0252199
internal_weight=336072 335938 293223 94595.1 13060.8 12678.5 8659.3 81534.3 4019.16 69996.9 11853.7 198628 6225.2 11537.4 8888.45 58143.1 1805.12 698.985 2648.97 192403 160693 2513.57 31710 158179 26597.9 5112.1 4420.08 670.419 3749.66 382.381 1106.13 39.0783 343.303 42714.5 25050.5 9338.8 17664 17617.6 3089.42 102.675 7024.01 2986.74 14528.2 11827.8 2314.79 15711.7 2828.33 384.544
internal_count=2757653 2750380 2539879 971260 182185 167850 107990 789075 59860 676110 149283 1568619 63899 112965 95605 526827 17290 8283 17360 1504720 1297149 17542 207571 1279607 176116 31455 46609 9439 37170 14335 9007 1393 12942 210501 121131 45602 89370 89139 17806 525 34401 17281 71333 57489 11201 75529 13584 1638
is_linear=0
shrinkage=0.12179


Tree=71
num_leaves=49
num_cat=0
split_feature=11 4 5 5 7 4 3 4 3 11 3 3 4 6 9 0 9 3 10 0 4 7 5 3 4 5 4 1 4 7 10 3 1 3 3 0 7 0 7 0 3 10 11 7 0 6 6 3
split_gain=16.9007 15.7475 52.8109 29.1531 28.8643 35.168 57.1168 34.7029 28.981 28.2593 28.2364 27.5017 27.2062 24.8849 37.6262 33.277 24.0432 22.6641 21.6239 30.7132 35.7325 20.4473 48.7913 20.2773 19.5939 20.0735 26.616 18.7745 17.6535 16.8479 16.7396 21.7202 16.5752 26.2829 23.3415 16.2173 18.66 16.3344 15.3861 15.186 26.6345 36.1787 22.5804 21.8084 19.1205 14.3641 13.6433 12.3873
threshold=0.98131335302099143 227.50000000000003 64.500000000000014 55.500000000000007 202.50000000000003 331.50000000000006 17.500000000000004 239.50000000000003 18.500000000000004 0.87812637090497425 20.500000000000004 7.5000000000000009 256.50000000000006 63.500000000000007 0.85140159278169125 2.5000000000000004 0.92985950237074466 13.500000000000002 0.84494585239523412 8.5000000000000018 213.50000000000003 84.500000000000014 99.500000000000014 16.500000000000004 192.50000000000003 47.500000000000007 155.50000000000003 3.5000000000000004 1746.0000000000002 92.500000000000014 0.82490155765778184 4.5000000000000009 6.5000000000000009 15.500000000000002 9.5000000000000018 6.5000000000000009 99.500000000000014 2.5000000000000004 206.50000000000003 6.5000000000000009 14.500000000000002 0.88809864074212641 0.96510097165629349 242.50000000000003 1.5000000000000002 18.500000000000004 154.50000000000003 9.5000000000000018
decision_type=2 2 2 2 2 2 2 2 2 2 2 2 2 2 2 2 2 2 2 2 2 2 2 2 2 2 2 2 2 2 2 2 2 2 2 2 2 2 2 2 2 2 2 2 2 2 2 2
left_child=1 3 4 11 5 8 47 23 9 -3 -10 16 35 14 17 -16 30 -14 19 32 27 28 -23 -6 25 26 -13 -21 -15 -27 31 -1 34 -34 -5 36 46 -38 -9 43 42 -42 -41 -20 -45 -32 -4 -7
right_child=-2 2 12 18 7 6 -8 38 10 -11 -12 24 13 21 15 -17 -18 -19 39 20 -22 22 -24 -25 -26 29 -28 -29 -30 -31 45 -33 33 -35 -36 -37 37 -39 -40 40 41 -43 -44 44 -46 -47 -48 -49
leaf_value=-0.022015907540553912 0.044288755654807832 -0.0088200595348462453 0.019307589573196067 -0.013366884830908827 -0.11791454958977267 -0.15203414942975901 0.016820463785007927 -0.080747741059092507 -0.020940038774563966 0.0027893039303853381 -0.0017117174626369515 -0.00027911237693332064 0.0079268263136943184 0.00052236383023803639 -0.0046462207935497263 0.0015052429714437286 -0.038088970648254263 0.0017142906592955461 0.0098403535650963617 -0.010125596070599641 0.037886408745174495 -0.010168637268217762 -0.0011416524975965152 -0.0010770406276201401 -0.0091563629885772005 0.0090493897096257294 -0.015398874533636153 -0.052617715643211001 -0.0056883028312684509 -0.0054475638495116449 -0.0051230070958808134 0.037455404005551467 0.044086494832095681 -0.00068552762218616306 0.0064443763658013475 0.021865560437175895 0.011378823083872572 -0.015673524919526439 -0.01149988243401265 0.043394220777726374 0.017943264677766732 -0.046983691798928584 -0.1337923539766436 -0.096737195552297706 -0.0091297796793924704 0.017427796484854003 -0.0040391767522345839 -0.06700586463823005
leaf_weight=105.36910506337881 127.91550486348569 5189.5619800845161 1388.8465441651642 1091.1840059570968 93.05459457077086 28.647820975631475 157.18417742475867 52.766266137361526 2758.6951537374407 7761.2581785065122 1922.0096676452085 13191.874265147373 16888.712088779546 100460.56523137726 18251.247912541032 45717.784432202112 135.58635876141489 17986.104349892586 4406.0206559756771 284.60354349389672 126.38874977827072 10658.459982018918 53266.283395022154 28.867734357714653 3915.6161150094122 5193.5903162881732 1987.045628300868 336.68874938040972 7280.4874500893056 1542.1701353350654 728.12610949482769 672.17539892159402 387.24790062569082 390.69946037232876 4603.9748134091496 1169.6558213802055 532.40226600319147 875.44704602379352 485.37370654009283 661.53666208311915 1108.251791274175 143.81845439784229 10.843039625324307 50.2500094845891 139.63363834656775 986.71252074791119 506.72401345707476 225.12995316181332
leaf_count=675 7273 41818 12563 9795 830 344 1042 403 21543 109235 15483 124799 152995 725601 137564 498853 3205 115815 41461 2171 1020 82942 339387 160 41469 47556 22469 2570 47480 14960 12583 8084 3807 2485 31248 12531 3697 7708 4530 10580 9255 1400 532 381 1305 18201 3903 1942
internal_value=2.8048e-05 1.11922e-05 -0.000304915 0.00221113 -0.00656721 -0.00565207 -0.0408713 -0.031582 -0.00483117 -0.00186272 -0.0130444 -1.32419e-05 0.000121006 -3.47711e-05 0.00150464 -0.000249855 0.0118565 0.00472281 0.00681785 0.00222682 -0.0211443 -0.000921152 -0.00264676 -0.0902508 -0.00122087 0.000197013 -0.00225841 -0.0331528 0.000102685 0.00573027 0.0145735 0.0293961 0.00492632 0.0216012 0.00264857 0.00954164 0.00517806 -0.00544322 -0.0182898 0.0119021 0.0209851 0.0104855 0.0405368 0.00809872 -0.0323138 0.00785265 0.0130665 -0.0766043
internal_weight=336013 335885 293685 42199.4 18702.5 18042.5 410.962 660.062 17631.5 12950.8 4680.7 28458.3 274983 270510 98843.8 63969 2627.97 34874.8 13741.1 7220.79 747.681 171666 63924.7 121.922 25830.3 21914.7 15178.9 621.292 107741 6735.76 2492.38 777.545 6473.11 777.947 5695.16 4473.08 3303.42 1407.85 538.14 6520.35 1924.45 1252.07 672.38 4595.9 189.884 1714.84 1895.57 253.778
internal_count=2757653 2750380 2338369 412011 197330 191407 3328 5923 188079 151053 37026 294001 2141039 2100637 905227 636417 42748 268810 118010 53096 5761 1195410 422329 990 251253 209784 147268 4741 773081 62516 39543 8759 47335 6292 41043 40402 27871 11405 4933 64914 21767 10655 11112 43147 1686 30784 16466 2286
is_linear=0
shrinkage=0.12179


Tree=72
num_leaves=49
num_cat=0
split_feature=11 10 2 5 9 2 0 2 2 11 5 2 4 2 11 9 8 2 10 9 4 11 0 2 8 10 9 4 5 11 0 5 8 11 0 0 8 0 2 2 5 2 2 10 11 11 2 0
split_gain=14.3398 13.3379 24.6399 33.7772 29.669 29.581 16.3794 14.5571 59.5773 31.741 29.5531 23.228 22.6859 14.8933 12.851 20.3059 28.668 50.5044 45.5095 40.2245 40.7495 34.2887 30.2046 22.976 30.7427 35.39 31.763 21.4893 45.2226 16.7648 14.2599 39.1527 66.4016 26.9011 25.321 24.5986 41.1627 40.8662 22.7519 51.8848 44.8066 39.1665 61.7714 30.2337 21.8341 11.805 11.4083 11.0639
threshold=0.9192018507807983 0.90652280447614142 1854.5000000000002 59.500000000000007 0.83773463753738309 650.50000000000011 3.5000000000000004 915.50000000000011 1205.5000000000002 0.81698138685972421 42.500000000000007 845.50000000000011 1763.0000000000002 844.50000000000011 0.72611518277234899 0.82330547300850088 0.80235441454681389 2045.5000000000002 0.87432366318277344 0.73796475997026378 508.50000000000006 0.78892554578038465 2.5000000000000004 1979.5000000000002 0.8622651991476401 0.78602299101415862 0.84794395589496208 190.50000000000003 56.500000000000007 0.80813617230927426 5.5000000000000009 254.50000000000003 0.82029770595515661 0.65805280023219248 2.5000000000000004 3.5000000000000004 0.82029770595515661 2.5000000000000004 1650.5000000000002 1720.5000000000002 117.50000000000001 1015.5000000000001 906.50000000000011 0.77089915842315093 0.7174677206248451 0.98131335302099143 1905.5000000000002 1.5000000000000002
decision_type=2 2 2 2 2 2 2 2 2 2 2 2 2 2 2 2 2 2 2 2 2 2 2 2 2 2 2 2 2 2 2 2 2 2 2 2 2 2 2 2 2 2 2 2 2 2 2 2
left_child=1 14 5 4 6 -3 -4 9 10 13 -9 -11 -10 -7 30 16 17 21 -19 20 -18 -16 -21 27 25 -25 -26 29 -29 -17 31 35 33 -33 -34 37 -37 -1 41 40 -40 42 -32 -43 -41 47 -5 -2
right_child=45 2 3 46 -6 7 -8 8 12 11 -12 -13 -14 -15 15 23 19 18 -20 22 -22 -23 -24 24 26 -27 -28 28 -30 -31 38 32 34 -35 -36 36 -38 -39 39 44 -42 43 -44 -45 -46 -47 -48 -49
leaf_value=-0.00061500716039036699 -0.0033158523787407122 0.030757718844780169 -0.016230787462900759 0.055482212291472086 -0.0079961081184707298 -0.21831337995893063 -0.1723201260279805 -0.16298095588183167 -0.014081075988440201 -0.010050586727356007 0.023843731413949375 -0.066474511441857537 -0.075425094191064745 -0.076741065188324173 0.0021823743970266134 -0.012251069896253852 0.060765015460876898 -0.0013158648512010586 -0.035160359807840436 0.0046803809118808881 0.010100096078944631 0.011474468614332455 -0.0016660006696702834 0.016292637313586947 0.0013194315454677565 -0.0048325425356764689 0.015806623424028075 -0.013207909240611861 -0.0010134578017083338 0.0052173744240887028 0.00023102480605229045 0.00095580661244625735 -0.019784631001535127 0.032081937300374626 0.0067745671477197796 0.010540323297205832 -0.0080897016677007987 -0.015536361706083121 -0.063446682305378227 -0.0017961763543839395 -0.016010356469913861 -0.022206573084644455 -0.030672650926882136 0.0065009009903236022 -0.021898837370225136 0.040704210917192514 0.016757282510965168 0.0040169515409436106
leaf_weight=7813.7980629727244 3656.0452022310346 260.39079169649631 15.099759310483931 136.78437127545476 176.50139425322413 14.893568359315394 29.36244361102581 12.757421689108012 3118.1259437631816 640.51057620346546 807.48141792602837 130.22180537879467 92.059647239744663 42.398345641791821 11239.98869471252 878.96547636017203 293.50784885324538 2686.1493344604969 754.94078461825848 14554.277649346739 1190.7119439840317 12376.317970439792 47188.678040044382 1397.7831440865993 4443.0723997764289 7421.8241935707629 4537.0232364982367 4660.9053478157148 140053.05465311836 11182.645451053977 2761.8385009132326 539.07224772870541 960.81403511762619 1745.1423904746771 1194.2327977195382 4426.0010510757565 2919.4956746287644 4178.3323169872165 437.72325015068054 5055.7519434392452 908.07486493885517 591.64833207428455 1470.0070230290294 6778.7701004222035 952.3619534149766 122.58503682911396 644.59858183935285 18474.087854105979
leaf_count=35784 43109 4314 78 858 1492 90 143 197 26387 7890 9695 1871 560 307 62724 5505 2157 14267 4464 86925 8673 88052 332105 9458 30405 56358 38773 50646 1181550 110587 18362 2355 4198 8508 5771 22693 15840 18706 1823 22153 3961 2843 8489 34491 4524 7273 4776 355463
internal_value=2.67923e-05 -0.000185121 -0.00581446 0.0116473 -0.0303948 -0.00923375 -0.119311 -0.0113771 -0.00835545 -0.0260851 0.020938 -0.0195839 -0.0158403 -0.113544 -7.30953e-05 0.000243107 0.00172596 0.00504346 -0.00874101 0.000306269 0.0201192 0.00705197 -0.000170008 -0.000523776 0.00362279 -0.0014845 0.00863881 -0.000994561 -0.00140621 0.0039444 -0.00203292 -4.64373e-05 0.0102683 0.0247362 -0.00506668 -0.00241436 0.00313575 -0.00581395 -0.00452458 -0.00982434 -0.0314391 -0.0011654 -0.0105039 0.00419646 -0.0049827 0.0030143 0.0235362 0.00280552
internal_weight=335967 313714 6121.19 1002.35 220.964 5118.84 44.4622 4858.45 4030.42 828.024 820.239 770.732 3210.19 57.2919 307593 264860 90284.6 27057.4 3441.09 63227.2 1484.22 23616.3 61743 174575 17799.7 8819.61 8980.1 156776 144714 12061.6 42733.1 23776.9 4439.26 2284.21 2155.05 19337.6 7345.5 11992.1 18956.2 7353.91 1345.8 11602.3 4231.85 7370.42 6008.11 22252.7 781.383 22130.1
internal_count=2757653 2351808 58658 7347 1713 51311 221 46997 36839 10158 9892 9761 26947 397 2293150 2082649 599367 169507 18731 429860 10830 150776 419030 1483282 134994 65816 69178 1348288 1232196 116092 210501 113855 20832 10863 9969 93023 38533 54490 96646 32461 5784 64185 26851 37334 26677 405845 5634 398572
is_linear=0
shrinkage=0.12179


Tree=73
num_leaves=49
num_cat=0
split_feature=6 5 4 4 8 2 0 5 2 9 8 2 2 2 9 10 4 9 2 0 8 8 2 2 1 2 0 0 5 5 2 8 2 5 9 6 0 4 1 2 10 0 1 0 1 2 2 6
split_gain=13.1609 22.4239 43.564 41.9611 32.4734 32.0484 42.6983 36.2159 36.0647 29.6529 28.5742 38.6311 28.4585 27.5748 41.1054 26.835 24.8444 36.8143 43.9257 30.209 23.6609 24.3662 23.3854 23.1454 38.4763 37.0673 22.9154 22.4427 24.9287 22.1858 22.1132 21.4126 20.5028 18.3305 17.7919 32.8112 27.1067 44.2473 40.1568 24.298 25.4653 22.8093 85.5924 113.789 72.8443 92.5494 37.1584 43.2197
threshold=95.500000000000014 174.50000000000003 1260.0000000000002 1390.0000000000002 0.83205873009260178 1324.5000000000002 4.5000000000000009 198.50000000000003 1029.5000000000002 0.86754445305573369 0.82029770595515661 1319.5000000000002 820.50000000000011 704.50000000000011 0.84719262155496244 0.86587764611018159 1196.0000000000002 0.76645112812423111 1025.5000000000002 4.5000000000000009 0.82029770595515661 0.87366003285681904 2249.5000000000005 1120.5000000000002 6.5000000000000009 1205.5000000000002 2.5000000000000004 8.5000000000000018 335.50000000000006 210.50000000000003 710.50000000000011 0.82029770595515661 1155.5000000000002 345.50000000000006 0.84545679980169808 86.500000000000014 8.5000000000000018 1276.5000000000002 5.5000000000000009 845.50000000000011 0.84830924090295401 4.5000000000000009 3.5000000000000004 5.5000000000000009 2.5000000000000004 1355.5000000000002 1079.5000000000002 14.500000000000002
decision_type=2 2 2 2 2 2 2 2 2 2 2 2 2 2 2 2 2 2 2 2 2 2 2 2 2 2 2 2 2 2 2 2 2 2 2 2 2 2 2 2 2 2 2 2 2 2 2 2
left_child=34 2 16 4 13 8 20 -8 27 -9 32 -12 -6 14 -3 29 22 -18 19 -19 33 -22 23 24 -2 -25 -17 30 -29 -15 -5 -20 -10 -7 36 -36 41 38 -38 -37 -41 46 44 -44 -43 -46 47 -1
right_child=1 3 -4 5 12 6 7 9 10 -11 11 -13 -14 15 -16 26 17 18 31 -21 21 -23 -24 25 -26 -27 -28 28 -30 -31 -32 -33 -34 -35 35 39 37 -39 -40 40 -42 42 43 -45 45 -47 -48 -49
leaf_value=-0.030282441092989474 2.9384797148494226e-05 0.10125629876161997 -0.10843794962467342 -0.023107201962232454 0.027731513225266295 0.0025788408803951927 -0.068455164734069415 0.0088019617802361453 -0.020676104332547893 0.036203220695835432 -0.018982021478908952 -0.09776221205641672 -9.7701319121230491e-05 0.016614185668372833 -0.13145545860773786 -0.0037383584572606094 -0.15618268713560338 -0.020804616904661462 0.021854270381605562 -0.12602935098055928 -0.018596645694419645 0.01174340524554174 0.029514126692766013 -0.012604628717215589 0.01553032633529175 -0.001909241823814163 0.057902586604208349 -0.013289580599659189 -0.09529534501354886 -0.02663812535582654 0.0047673405305232452 -0.023153379904099811 0.0044616889495628113 0.056707786852022476 -0.0005289334933749418 0.028116171747965255 -0.0068490774533124348 -0.028653636764132719 0.018021076249886438 -0.0006924071932153707 0.016725393913797973 0.0056386577136949322 0.035177574506220721 0.0069138813975685833 0.0085347285399016096 -0.031748889274091988 0.0038111137775418509 -0.0025976329159329535
leaf_weight=937.36423454992473 25123.092135278508 15.522346548736094 56.647420436143875 455.6431178022176 607.92687618732452 1685.9900214755908 84.356434680521488 5144.4334648232907 692.73226169496775 661.07415808737278 2559.599709296599 95.780892483890057 5269.2191268997267 3298.7341998852789 40.987052399665117 115.26904955133796 29.524930343031883 79.566881835460663 280.86615473777056 82.356908649206161 2041.1071348041296 486.13522320240736 360.5695862993598 5120.649150043726 2623.1934455949813 78316.430393571034 399.46846039034426 626.39939134195447 60.274144299328327 185.81319963186979 5741.2913107145578 354.91714672744274 1576.4963078573346 98.202356413006783 125714.4639803865 816.35517245717347 3876.1190655175596 1000.7523518055677 1281.3315564831719 3460.7395948730409 1944.647487776354 6242.9840986439958 2672.885255756788 10083.416967181489 1378.967238439247 2188.4601658657193 22176.583040323108 7766.1897178255022
leaf_count=6959 226951 151 451 3767 5061 7674 535 25575 3925 4946 16157 541 31810 18548 422 728 119 448 1312 603 9461 2540 2148 39132 28300 495966 3060 4761 391 955 37276 1940 9172 438 1274645 9097 30134 6040 12226 26792 20735 53521 26863 82682 14754 13654 135353 58934
internal_value=2.54562e-05 -0.000852621 -0.00166167 0.00199499 0.00856575 -0.000970413 0.00402962 0.010771 -0.00529002 0.0119221 -0.0132476 -0.0218237 0.00278093 0.0169484 -0.0675328 0.0181421 -0.00160784 -0.0226363 -0.0176934 -0.0743235 -0.00517974 -0.0127605 -0.00145189 -0.00155231 0.00149488 -0.00256563 0.0440989 0.000402932 -0.0204878 0.0143078 0.0027178 -0.00327062 -0.00321218 0.00555811 0.000687289 -0.000101663 0.00243364 -0.00521777 -0.000670266 0.00853162 0.00557384 0.00331524 0.00625838 0.0128361 -0.0022945 -0.0161775 0.00116444 -0.00557926
internal_weight=335912 144370 112428 31942.5 9932.94 22009.5 10201.3 5889.86 11808.2 5805.51 4924.61 2655.38 5877.15 4055.79 56.5094 3999.28 112371 827.232 797.707 161.924 4311.43 2527.24 111544 111183 27746.3 83437.1 514.738 6883.61 686.674 3484.55 6196.93 635.783 2269.23 1784.19 191541 131936 59605.1 6158.2 5157.45 6221.74 5405.39 53446.9 22566.7 12756.3 9810.41 3567.43 30880.1 8703.55
internal_count=2757653 985264 797370 187894 60735 127159 51169 31056 75990 30521 29795 16698 36871 23864 573 23291 796919 4422 4303 1051 20113 12001 792497 790349 255251 535098 3788 46195 5152 19503 41043 3252 13097 8112 1772389 1331269 441120 48400 42360 56624 47527 392720 191474 109545 81929 28408 201246 65893
is_linear=0
shrinkage=0.12179


Tree=74
num_leaves=49
num_cat=0
split_feature=6 2 2 2 6 5 9 9 9 9 9 4 8 5 8 8 5 8 2 11 0 0 4 0 9 9 11 2 8 2 9 11 8 0 0 5 0 2 9 9 4 9 9 8 11 6 9 8
split_gain=13.2401 49.437 46.5229 34.1446 32.6427 36.2877 35.9573 32.5321 34.1862 29.7887 42.8274 27.4484 27.7107 27.2868 26.8304 26.3371 25.3899 25.1665 44.6468 34.6762 59.3926 47.6726 25.0764 37.686 23.7281 87.8779 46.6102 23.5484 20.8402 20.239 32.0974 21.9753 19.9813 27.4619 26.9382 19.8489 19.8005 18.0882 148.1 128.611 89.5025 95.1645 60.3139 34.0109 27.702 27.7019 26.4269 46.869
threshold=44.500000000000007 830.50000000000011 820.50000000000011 613.50000000000011 9.5000000000000018 43.500000000000007 0.85002965075574732 0.73796475997026378 0.88294087857349679 0.88489661568285161 0.85905487419694626 1847.0000000000002 0.83205873009260178 340.50000000000006 0.84698799222000154 0.83205873009260178 74.500000000000014 0.88637416310275396 2030.5000000000002 0.90811480487301266 3.5000000000000004 6.5000000000000009 565.00000000000011 2.5000000000000004 0.76645112812423111 0.7850814339496871 0.67248512698130625 715.50000000000011 0.82029770595515661 906.50000000000011 0.77738113003905684 0.6992101632184492 0.84698799222000154 1.5000000000000002 1.5000000000000002 33.500000000000007 8.5000000000000018 900.50000000000011 0.83773463753738309 0.82852241901918278 551.50000000000011 0.78902747439572751 0.81056320994217546 0.80235441454681389 0.84900346264585125 134.50000000000003 0.79913480369519829 0.8622651991476401
decision_type=2 2 2 2 2 2 2 2 2 2 2 2 2 2 2 2 2 2 2 2 2 2 2 2 2 2 2 2 2 2 2 2 2 2 2 2 2 2 2 2 2 2 2 2 2 2 2 2
left_child=2 7 3 11 5 14 -7 -2 24 10 15 12 -1 17 -5 -6 -12 29 19 20 -19 -21 36 -24 26 -26 28 -8 -9 30 -4 -32 34 -34 -31 -27 -11 38 39 40 41 -3 -42 -41 -45 -40 47 -39
right_child=1 37 13 4 9 6 27 8 -10 22 16 -13 -14 -15 -16 -17 -18 18 -20 21 -22 -23 23 -25 25 35 -28 -29 -30 32 31 -33 33 -35 -36 -37 -38 46 45 43 42 -43 -44 44 -46 -47 -48 -49
leaf_value=0.0016650175900074172 0.022486233814630892 -0.085956549054944556 -0.082280015999542738 0.036583282794345952 -0.0085444789633120286 -0.052832518680001876 -0.0051433898261598505 -0.038730764538196613 0.018357359640479857 0.020974071951265272 -0.028153061334271125 -0.04884252483915362 0.029851443219317868 0.028628298734974501 -0.028796472276481768 0.012067503836417453 -0.0092121817028962202 0.0027201571095926886 0.017895425585988698 -0.0044790623454602487 -0.021921575770571921 0.021219690225357048 0.025258545502039535 -0.020404222352565515 0.044724000842009781 0.11715187863837466 -0.005826876538038644 -0.034119835730939449 -0.13521268599401687 -0.0062340820373660817 -0.033556072203758454 0.014894308806324788 0.016543342582803305 0.0039035831670197405 0.002331458900667974 0.0016190951764908769 -0.029006672018837949 9.1548876675027913e-05 0.0043011829864807744 -0.15326706201170837 -0.0073581073210046361 -0.011775471292743625 0.081274180675799237 -0.052944903663149002 -0.13752377522798589 0.027491594408685632 -0.0020967457488130056 0.013188019094159729
leaf_weight=1450.054939687252 1404.6260086894035 467.77196148410439 53.15009681135416 270.55052006058395 1790.0333872856572 533.62951327674091 1044.5067811794579 76.983405813574791 2092.7947569629177 1441.2123590251431 1566.3825714234263 116.74455210193992 804.32412367779762 581.28333507105708 141.95100929774344 1890.7006610445678 3182.6448456682265 2484.9965179897845 1400.6848887586966 4672.1328915287741 3486.0933698583394 1389.0078515186906 388.94254211708903 862.77536307368428 730.15814405679703 22.080315433442593 1547.626940542832 691.34313880093396 58.396833509206772 6304.3534500040114 144.4070677831769 3611.3792312964797 2973.0978801883757 17899.818054306321 40001.252754583955 20885.953901247121 128.01164144650102 81879.809956088662 3743.6243045488372 74.265186093747616 3072.062150940299 567.97422024793923 118.26595580205321 413.24589099362493 66.711777027696371 959.95163743942976 112125.31529243104 4264.2915300223976
leaf_count=18942 13272 3398 388 4137 17682 4524 14659 384 34418 27884 22870 1109 14171 4162 2672 24608 36348 18250 15041 63830 39014 35358 3397 11814 6142 222 12014 8926 299 39863 742 37761 25438 200582 314570 214933 3405 462503 37139 410 19239 4986 715 2882 755 9687 893056 29052
internal_value=2.49122e-05 -0.000477597 0.00118847 -0.00477085 -0.00707011 -0.019144 -0.0251837 0.00444341 0.00344619 -0.00419189 -0.00781712 0.00873953 0.0117215 0.0023315 0.0140846 0.00204338 -0.0154595 0.00215043 -0.00268353 -0.00507915 -0.0116664 0.00141022 0.00664131 -0.00621557 0.00210809 0.00319152 -0.0118214 -0.0166839 -0.0803486 0.00306516 0.0117014 0.0130314 0.00257549 0.00570397 0.00116529 0.00174111 0.0168968 -0.00111284 -0.00630885 -0.0214056 -0.0141713 -0.0452777 -0.00407249 -0.0765687 -0.064701 0.00903411 -0.000864302 0.000739848
internal_weight=335877 234572 101305 16303.8 13932.7 2681.98 2269.48 26818.6 25414 11250.7 8429.76 2371.12 2254.38 85001.7 412.502 3680.73 4749.03 84420.4 13432.9 12032.2 5971.09 6061.14 2820.94 1251.72 23321.2 21638.2 1683.01 1735.85 135.38 70987.5 3808.94 3755.79 67178.5 20872.9 46305.6 20908 1569.22 207753 9483.87 4780.3 4226.07 1035.75 3190.33 554.223 479.958 4703.58 198269 86144.1
internal_count=2757653 1745506 1012147 217148 182926 34918 28109 281684 268412 148008 101508 34222 33113 794999 6809 42290 59218 790837 171493 156452 57264 99188 46500 15211 233994 221297 12697 23585 683 619344 38891 38503 580453 226020 354433 215155 31289 1463822 79211 32385 28338 8384 19954 4047 3637 46826 1384611 491555
is_linear=0
shrinkage=0.12179


Tree=75
num_leaves=49
num_cat=0
split_feature=5 2 6 1 2 7 11 6 2 7 8 2 11 11 2 2 7 8 10 10 8 6 10 10 10 11 2 11 6 10 11 7 6 11 11 5 2 10 10 5 8 8 2 2 0 5 2 6
split_gain=10.7988 24.3365 27.5451 21.4892 19.9669 32.354 34.8203 45.0371 28.277 27.2274 58.2882 35.5935 24.3915 35.4745 24.3087 35.4081 39.7282 35.8459 55.3516 59.4008 34.1241 26.0773 25.0647 24.1846 31.5998 24.0359 22.6155 36.8722 21.8916 21.976 47.6063 21.3455 19.1868 18.6913 18.4659 18.3257 17.9927 17.8485 17.0045 16.4619 16.1815 37.149 32.2255 33.1629 47.6069 39.8654 28.5967 21.7141
threshold=71.500000000000014 2005.5000000000002 314.50000000000006 2.5000000000000004 1500.5000000000002 6.5000000000000009 0.86141109235217639 6.5000000000000009 1614.5000000000002 85.500000000000014 0.90286652329037753 2010.5000000000002 0.8807957661959861 0.88055732034448686 845.50000000000011 800.50000000000011 140.50000000000003 0.8622651991476401 0.8719725586164867 0.83653493300449278 0.82029770595515661 314.50000000000006 0.77887141370179902 0.84898256231821223 0.84830924090295401 0.64236173662403184 1855.5000000000002 0.74471505046562214 5.5000000000000009 0.87811064938730221 0.80813617230927426 127.50000000000001 110.50000000000001 0.94390092879256982 0.94723369858092343 30.500000000000004 2120.5000000000005 0.88676043305770247 0.83715558595118622 59.500000000000007 0.84698799222000154 0.87366003285681904 2237.0000000000005 2125.5000000000005 6.5000000000000009 122.50000000000001 2020.5000000000002 102.50000000000001
decision_type=2 2 2 2 2 2 2 2 2 2 2 2 2 2 2 2 2 2 2 2 2 2 2 2 2 2 2 2 2 2 2 2 2 2 2 2 2 2 2 2 2 2 2 2 2 2 2 2
left_child=4 -2 40 -4 14 23 7 8 -7 11 -11 -9 13 -8 15 17 -17 22 19 -19 -18 28 -1 24 -6 -24 27 -25 33 35 -31 -20 38 39 -22 -30 37 -28 -14 -16 42 47 43 45 -45 -3 -43 -42
right_child=1 2 3 -5 5 6 12 9 -10 10 -12 -13 32 -15 21 16 20 18 31 -21 34 -23 25 26 -26 -27 36 -29 29 30 -32 -33 -34 -35 -36 -37 -38 -39 -40 -41 41 46 -44 44 -46 -47 -48 -49
leaf_value=-0.027378936403346408 0.00013238542542263847 -0.0024479744229049466 -0.0026688465715894081 0.05632830272498443 -0.0015761843655585058 -0.027533518286627381 0.0030355622764797478 -0.0034154673702054199 0.016994230402581974 -0.01966089996405063 -0.14107777664494073 -0.019105025143540885 0.0079943643337662199 0.045389742074742161 -0.015168742524790736 -0.0096438749130849412 -0.081471961487146097 0.02243392584585456 0.024603365693711295 -0.027386985833511027 -0.0039533100857896738 -0.076939481849698385 -0.12453808936475456 0.13836301063735623 -0.11516815667962117 0.011511573140170997 -0.017734708758070601 0.02014934520886499 -0.03154635633021137 -0.098532302902162666 -0.00098547295643662243 -0.0092248210283023355 0.010226092766444936 0.028026929285517713 -0.16831326351462331 0.0070080341579946484 0.01550499247594936 0.012241403745968441 -0.006597702592908249 0.0050836688887912216 0.0092601353530810462 0.040921375570198565 0.020395640684795373 -0.022323131878481752 0.011376294558960441 0.014208095742364649 -0.0041786223327197952 0.028280787584773575
leaf_weight=274.6113727260381 236622.04956560303 6483.9432167429477 140.00795190036297 264.72450037300587 3441.6204536035657 250.63411790132523 5763.582102958113 6510.7142938114703 1356.1908964216709 2693.9107008352876 59.951823055744171 3198.2801668643951 1306.0846131201833 309.05016688257456 1996.0676678512245 1935.6463627638295 237.55209190025926 427.68614700995386 788.92602008813992 2087.7351151844487 186.16600722633302 60.431853130459785 19.364810228347778 40.291994854807854 36.71291434019804 3603.8768200594932 755.89543480984867 1364.9274496985599 184.85625088494271 75.274451248347759 5244.7339120390825 426.11025813408196 1300.0047946237028 216.07963122334331 10.723088000901042 16984.210872003809 1070.9283568169922 482.81445842795074 12728.979372446425 848.32685203291476 2195.9967958871275 224.39014870859683 1211.7696357741952 1996.0083683626726 903.13666326925159 3175.1980930641294 2951.7614722792059 1497.2202665749937
leaf_count=2637 1815396 36571 814 1805 21922 1357 42469 38202 8067 14600 432 18301 12503 2640 21123 27772 1675 4563 24554 29956 2418 474 90 191 305 52312 5313 12525 1701 480 87710 8503 12102 6279 324 177617 8774 3952 142444 8263 16062 1947 9932 12188 6356 18561 24361 10111
internal_value=0.000104773 0.000485364 0.00445429 0.0359196 -0.001148 -0.00292486 -0.00443493 -0.00914138 0.0100487 -0.0116155 -0.0223042 -0.00858383 -0.00134173 0.00519106 0.000981279 -0.00411149 -0.017114 -7.16516e-05 -0.00860555 -0.0189162 -0.0503973 0.00296955 0.00809576 0.00452289 -0.00277512 0.0107844 0.0113562 0.0235389 0.00315856 0.00447368 -0.00236569 0.0127399 -0.00392869 -0.00650526 -0.0129048 0.00659293 0.00394411 -0.00605086 -0.00523978 -0.00912856 0.00383726 0.0086654 0.00142868 -0.000401473 -0.0118251 0.00302729 -0.000992378 0.0169711
internal_weight=335945 257666 21044.2 404.732 78279 42670.6 35477.4 14069.7 1606.83 12462.9 2753.86 9708.99 21407.7 6072.63 35608.4 9998.4 2370.09 7628.31 3730.46 2515.42 434.441 25610 3897.85 7193.19 3478.33 3623.24 3714.86 1405.22 25549.5 22489.1 5320.01 1215.04 15335.1 3060.47 196.889 17169.1 2309.64 1238.71 14035.1 2844.39 20639.4 6869.37 13770.1 12558.3 2899.15 9659.14 3176.15 3693.22
internal_count=2758654 1954104 138708 2619 804550 346099 293117 80959 9424 71535 15032 56503 212158 45109 458451 154804 32189 122615 67576 34519 4417 303647 55039 52982 22227 52402 30755 12716 303173 267508 88190 33057 167049 35665 2742 179318 18039 9265 154947 29386 136089 52481 83608 73676 18544 55132 26308 26173
is_linear=0
shrinkage=0.12179


Tree=76
num_leaves=49
num_cat=0
split_feature=8 2 8 0 8 2 9 8 0 0 6 2 9 9 0 9 9 11 9 6 5 0 6 0 6 6 2 11 6 9 0 5 5 2 2 2 0 0 6 9 11 9 9 0 0 11 7 5
split_gain=10.7864 30.3806 68.0182 90.474 43.2392 69.6287 44.6844 43.0621 136.506 41.5726 44.2506 35.3135 43.4957 36.2967 34.7236 52.3872 60.6791 32.4954 29.3131 45.97 32.1907 28.7662 25.8438 24.9779 23.9683 23.1416 23.0465 29.3199 22.7273 22.71 22.1325 20.555 20.3561 20.0208 46.1437 19.6069 18.2902 22.1835 19.48 18.9684 18.2293 17.8546 34.3094 17.3913 16.9592 16.9154 16.5433 15.8463
threshold=0.88085919287258096 1324.5000000000002 0.90286652329037753 6.5000000000000009 0.90286652329037753 1010.5000000000001 0.89970899415142114 0.88637416310275396 4.5000000000000009 1.5000000000000002 15.500000000000002 1729.5000000000002 0.87277837715064455 0.84858872484371817 5.5000000000000009 0.88629392050254319 0.91701163391272056 0.90512130138656965 0.85797757626149773 64.500000000000014 64.500000000000014 3.5000000000000004 199.50000000000003 5.5000000000000009 24.500000000000004 22.500000000000004 1345.5000000000002 0.84712049084518737 192.50000000000003 0.81056320994217546 6.5000000000000009 96.500000000000014 198.50000000000003 1215.5000000000002 1120.5000000000002 1305.5000000000002 8.5000000000000018 6.5000000000000009 63.500000000000007 0.85581953736068128 0.82351295763060472 0.78902747439572751 0.80526597431425417 5.5000000000000009 8.5000000000000018 0.93464699411117602 123.50000000000001 80.500000000000014
decision_type=2 2 2 2 2 2 2 2 2 2 2 2 2 2 2 2 2 2 2 2 2 2 2 2 2 2 2 2 2 2 2 2 2 2 2 2 2 2 2 2 2 2 2 2 2 2 2 2
left_child=-1 4 11 14 7 36 32 22 9 10 -9 12 -3 28 26 25 -17 35 40 20 -20 -11 41 -19 43 -16 -4 -28 29 -13 -30 -26 44 34 -10 -8 37 38 -6 -39 -5 46 -43 -14 -7 -38 -2 -15
right_child=1 2 3 18 5 6 17 8 33 21 -12 13 24 47 15 16 -18 23 19 -21 -22 -23 -24 -25 31 -27 27 -29 30 -31 -32 -33 -34 -35 -36 -37 45 39 -40 -41 -42 42 -44 -45 -46 -47 -48 -49
leaf_value=-0.00019512136637445663 -0.0091623910856678502 0.019758381371600103 0.026607114610061322 -0.12637570305492093 0.01002875728971645 -0.013297436142371735 0.051786934421066917 -0.10562126902958167 -0.044897357701275287 0.04261976209551064 0.00020727463067505422 -0.02600511407705099 0.026387364481040294 0.025924035427261322 -0.049079854966245964 -0.068808854279150553 0.0091256322419343283 -0.012367052131351591 -0.0020738462815969145 0.051536000722973298 0.02634395980898795 -0.012107175522677521 0.027437913717173586 0.032528695641583068 0.012604012461464883 0.0071423457562160651 -0.042891452398996041 -0.0051904836928721504 0.00092862396723704063 -0.0005362214685439284 0.073832517974231779 -0.022606610707516916 0.12574360022777156 -0.0060113638487240715 -0.11448644111991796 -0.067857657252213696 -0.025013798077821611 -0.012180627346322812 0.034677353958738957 0.058187301419210365 -0.0074394867789936061 0.027317867873948534 -0.0047894508611708471 -0.0063459627891853301 -0.050698080952620204 0.062078300490118171 -0.063378066784503279 0.0076591251887123193
leaf_weight=285641.34695248865 204.3656976185739 6365.7944419961423 320.29229764640331 19.861020416021347 1432.5530563024804 2008.8259317576885 331.03594722785056 78.224984655156732 829.47704294417053 502.61362950503826 233.65837638825178 574.63391729444265 614.84108327701688 1171.5043062120676 131.67647645436227 557.17881690338254 201.87249910738319 629.0313887083903 1194.716218742542 534.53140709549189 1170.5243647126481 198.81551845464855 400.52139374986291 259.69444561051205 351.44869732111692 619.42624893598258 318.92381449043751 7532.6040234277025 133.72822041064501 5392.8565541543067 114.78073732554913 818.98565417900681 14.993504598736761 130.36847281642258 170.36397862620652 21.644685167819262 208.85001665912569 66.597483493387699 711.92804041784257 387.02115023043007 508.54632788337767 520.04597146250308 9728.9798543676734 395.6984043540433 197.51386198401451 39.303456553723663 141.1346376426518 1767.6117836041376
leaf_count=2186923 2024 54444 3492 111 32760 27512 4137 722 11589 4863 2044 3139 6981 14043 1236 5636 3034 10390 18776 7137 18881 2623 4092 9180 4940 5840 1893 67627 956 36951 809 8597 87 1542 2170 297 6077 1420 11962 15516 4481 5163 116408 5951 3668 2391 1264 16875
internal_value=9.43745e-05 0.00173967 0.00411855 -0.00253064 -0.00202933 0.00625792 -0.00534191 -0.00600878 -0.0218001 0.0106585 -0.0263361 0.00904299 0.0146729 0.00378718 -0.00855095 -0.0255173 -0.0480819 0.0131648 0.0144721 0.0192795 0.0119897 0.0271078 -0.00293021 0.000751928 -0.00017051 -0.00271402 -0.00541555 -0.00672187 -0.00148592 -0.00298872 0.0346013 -0.0120338 -0.0156845 -0.0509015 -0.0567547 0.0444441 0.0203702 0.0233875 0.0182116 0.0478563 -0.0119099 -0.00407826 -0.00316029 0.0135699 -0.0166456 -0.0112198 -0.0313091 0.0149393
internal_weight=335901 50259.6 30812 13110.2 19447.6 6308.99 3462.74 13138.6 2143.52 1013.31 311.883 17701.9 8546.77 9155.12 9681.97 1510.15 759.051 1241.41 3428.18 2899.77 2365.24 701.429 10995 888.726 2180.97 751.103 8171.82 7851.53 6216 5967.49 248.509 1170.43 2221.33 1130.21 999.841 352.681 2846.25 2598.1 2144.48 453.619 528.407 10594.5 10249 1010.54 2206.34 248.153 345.5 2939.12
internal_count=2758654 571731 291830 138144 279901 125397 55271 154504 25553 10252 2766 153686 80913 72773 88758 15746 8670 24004 49386 44794 37657 7486 128951 19570 26469 7076 73012 69520 41855 40090 1765 13537 31267 15301 13759 4434 70126 61658 44722 16936 4592 124859 121571 12932 31180 8468 3288 30918
is_linear=0
shrinkage=0.12179


Tree=77
num_leaves=49
num_cat=0
split_feature=10 8 7 5 3 9 9 3 10 6 8 7 10 10 6 5 5 11 11 6 3 7 3 9 3 5 7 1 3 5 5 9 8 5 8 7 7 12 5 11 9 11 10 10 8 10 7 8
split_gain=9.96017 48.566 52.7054 89.7343 29.9198 26.9523 22.65 18.8404 57.3831 44.8352 39.4196 47.5053 37.9269 73.2602 43.8113 36.283 32.7942 32.7835 32.0233 47.511 31.6464 29.5108 26.089 41.6773 25.1964 53.1364 29.7648 33.8152 25.0359 23.2138 20.1987 19.4155 18.9489 18.7442 18.463 17.6869 17.4964 34.2876 34.4548 36.3921 40.5694 46.1954 26.9772 28.843 39.9835 59.6394 52.2295 25.979
threshold=0.8034400510947084 0.84698799222000154 100.50000000000001 130.50000000000003 19.500000000000004 0.84449626669010347 0.7850814339496871 10.500000000000002 0.76309959923814097 72.500000000000014 0.80235441454681389 160.50000000000003 0.77887141370179902 0.77089915842315093 28.500000000000004 70.500000000000014 69.500000000000014 0.79333877867956326 0.74471505046562214 153.50000000000003 9.5000000000000018 98.500000000000014 9.5000000000000018 0.76645112812423111 12.500000000000002 146.50000000000003 84.500000000000014 5.5000000000000009 11.500000000000002 78.500000000000014 66.500000000000014 0.86687508111313971 0.82029770595515661 38.500000000000007 0.82029770595515661 130.50000000000003 78.500000000000014 0.83000232769989923 162.50000000000003 0.86266977553266777 0.79913480369519829 0.78666558282982957 0.86587764611018159 0.84547624853687875 0.80235441454681389 0.84494585239523412 144.50000000000003 0.90286652329037753
decision_type=2 2 2 2 2 2 2 2 2 2 2 2 2 2 2 2 2 2 2 2 2 2 2 2 2 2 2 2 2 2 2 2 2 2 2 2 2 2 2 2 2 2 2 2 2 2 2 2
left_child=1 7 4 -4 6 -5 -3 12 24 15 11 -11 13 17 21 16 -10 34 22 33 -19 -15 23 -14 25 29 -26 -28 -12 -9 -21 -16 -17 -20 -1 -24 -2 38 39 40 41 -38 43 44 46 -46 -39 -42
right_child=36 2 3 5 -6 -7 -8 8 9 10 28 -13 18 14 31 32 -18 20 19 30 -22 -23 35 -25 26 -27 27 -29 -30 -31 -32 -33 -34 -35 -36 -37 37 42 -40 -41 47 -43 -44 -45 45 -47 -48 -49
leaf_value=0.035035387791731119 0.0005316631883025433 0.027351100903163568 0.030032365742498464 -0.020853531530383069 0.021596747552618895 0.0098211378459401536 -0.0030668764795556075 -0.0041199710165550837 0.00037743383559572661 -0.0027883509183115138 -0.017371553054416199 -0.029082379389172412 -0.055922991777514912 -0.066182310856362392 -0.015518792767819393 0.0083695869769264044 -0.047374391558749236 -0.0050598896213290105 0.052225042017755179 -0.053467388063518646 -0.087149237705905949 -0.024951205436309718 -0.032744520243766562 -0.006842119976215714 -0.0054796795756830718 -0.017642204228107916 -0.032337984348130129 0.0089383720278696319 0.0055667616198301255 0.050105092623078933 0.048290686680627574 0.0008590354458324858 0.019779403631124685 0.0030086185858475556 0.0083108510237337209 0.033231954541860599 -0.012895204957489505 0.0056827079859146958 0.0017283602600256115 -0.0012476630597327758 -0.012999217809607173 0.0065661464245508677 -0.0035273195983636543 0.01176146325534181 0.00014732650602836716 0.013274385077448426 -0.015747305893019703 -0.050229476255922972
leaf_weight=500.13625871390104 166636.10172914201 386.45909314602613 3223.6101401038468 797.05869465321302 982.74167482554913 909.88484270498157 6007.8436557464302 167.12008924037218 4164.0967367328703 3478.9268511235714 781.55249501019716 1441.4595769792795 296.81789960712194 316.63439860567451 3095.8144071213901 10537.631800342351 224.84147153049707 312.90630745328963 117.82689442485571 30.678498022258282 89.605805490165949 1378.3437705822289 74.448672458529472 1895.0282509662211 2936.1538391634822 634.25231156498194 1615.3272201493382 360.00614199787378 7278.4328462183475 391.27023354917765 508.78964421898127 1643.6624959819019 2715.2945390418172 4438.9542743433267 1643.4244413562119 316.43656007945538 3336.9488960132003 2803.180779017508 11326.766741465777 13590.996706301346 11541.312476888299 3951.4551828354597 17923.951758176088 4147.5023175533861 23849.165815643966 6541.6750634647906 4236.1723447851837 284.86650715768337
leaf_count=3038 1468309 2218 23734 4451 6323 5969 38706 992 26192 17441 4524 7015 1521 2630 19057 63134 1228 2665 1125 233 747 10129 360 10647 14661 3329 7751 1954 37639 2210 3639 12035 16466 37541 10710 1587 15521 22818 64215 126801 69389 22145 225109 41330 202461 61736 33330 1889
internal_value=8.61627e-05 0.00143116 0.00832787 0.0180765 0.00181222 -0.00450242 -0.00122847 -0.000158815 0.00138212 0.00353147 -0.00190141 -0.0104914 -0.00355585 -0.00892931 -0.0158488 0.00752882 -0.00206885 0.00855764 0.00272838 0.00832733 -0.0233343 -0.0326535 -0.00831946 -0.0134886 -0.0094004 0.00647846 -0.0132562 -0.0248153 0.0033425 0.0338761 0.0425039 -0.00983892 0.0107073 0.00428123 0.0145462 0.020666 -0.00024088 -0.00148427 -0.00406069 -0.00606559 -0.00949126 -0.00234411 0.000422322 0.00212499 0.00105721 0.00297295 -0.00721354 -0.013896
internal_weight=335864 65693.5 12307.6 4930.55 7377.04 1706.94 6394.3 53385.9 36726.4 30622.2 12980.4 4920.39 16659.5 8980.53 6434.46 17641.9 4388.94 2546.07 7678.98 5096.25 402.512 1694.98 2582.73 2191.85 6104.13 1192.64 4911.49 1975.33 8059.99 558.39 539.468 4739.48 13252.9 4556.78 2143.56 390.885 270170 103534 44032.3 32705.6 19114.6 7288.4 59501.6 41577.7 37430.2 30390.8 7039.35 11826.2
internal_count=2758654 403601 81401 34154 47247 10420 40924 322200 204536 173639 66619 24456 117664 61011 43851 107020 27420 17160 56653 42538 3412 12759 14115 12168 30897 6531 24366 9705 42163 3202 3872 31092 79600 38666 13748 1947 2355053 886744 299960 235745 108944 37666 586784 361675 320345 264197 56148 71278
is_linear=0
shrinkage=0.12179


Tree=78
num_leaves=49
num_cat=0
split_feature=4 0 6 4 0 9 10 10 1 1 10 3 9 6 4 0 1 1 6 1 1 10 9 10 9 4 0 0 1 1 10 1 7 6 10 1 10 6 10 0 10 10 4 9 6 1 1 1
split_gain=10.176 24.7031 42.7064 36.8457 24.9503 27.5354 21.6805 22.6893 19.2948 40.9971 18.7554 17.9498 25.3857 24.5998 17.9962 16.4846 21.1867 39.4237 35.4021 19.8968 29.7129 15.0849 15.7562 14.8438 14.7628 14.6888 13.9932 57.4777 136.689 155.127 155.576 75.8842 85.726 67.1663 62.6006 60.6809 59.5662 77.8854 73.6183 55.9251 98.1065 62.4251 50.6223 54.0129 47.0324 45.105 94.5214 55.3719
threshold=227.50000000000003 2.5000000000000004 5.5000000000000009 155.50000000000003 3.5000000000000004 0.86687508111313971 0.83372029095365952 0.82326400988857973 2.5000000000000004 3.5000000000000004 0.92701983999992132 17.500000000000004 0.73796475997026378 29.500000000000004 109.50000000000001 5.5000000000000009 2.5000000000000004 4.5000000000000009 10.500000000000002 6.5000000000000009 4.5000000000000009 0.77719158662646826 0.80185397601176989 0.88676043305770247 0.86888494061692756 196.50000000000003 4.5000000000000009 5.5000000000000009 3.5000000000000004 1.5000000000000002 0.77413245550436538 6.5000000000000009 164.50000000000003 223.50000000000003 0.84494585239523412 2.5000000000000004 0.82038579340663675 154.50000000000003 0.77719158662646826 6.5000000000000009 0.84494585239523412 0.8719725586164867 1090.5000000000002 0.86687508111313971 266.50000000000006 3.5000000000000004 5.5000000000000009 1.5000000000000002
decision_type=2 2 2 2 2 2 2 2 2 2 2 2 2 2 2 2 2 2 2 2 2 2 2 2 2 2 2 2 2 2 2 2 2 2 2 2 2 2 2 2 2 2 2 2 2 2 2 2
left_child=1 2 3 21 5 11 7 -5 -4 23 15 12 -3 14 -13 16 18 -18 -6 20 -17 -1 -23 -10 -7 -8 -2 28 29 36 35 -30 44 -32 -34 -31 38 -38 -28 40 42 -41 -29 -44 -33 47 -47 -42
right_child=26 4 8 6 10 24 25 -9 9 -11 -12 13 -14 -15 -16 19 17 -19 -20 -21 -22 22 -24 -25 -26 -27 27 39 31 30 33 32 34 -35 -36 -37 37 -39 -40 41 45 -43 43 -45 -46 46 -48 -49
leaf_value=-0.083459504192615441 -0.0010129070218562782 0.027631938512925083 0.0010804855270939683 -0.044505831820217653 -0.012787349518388728 0.033793669876064879 -0.03092901588857784 -0.14089799061008221 0.028126692253930195 0.0086385689864946456 -0.037413347435475745 -0.039123085904095793 -0.012512931676704711 -0.036839760252383003 0.028768812677069502 0.0019888654788155014 -0.00842889756524807 0.011550539469705119 0.024763977995655152 0.010924679604283664 -0.0098871258973527564 -0.067275263352935127 0.0097137848738919237 0.071467411772429643 -8.2514998421777942e-05 0.018343978390128066 0.048122540134834642 0.005685677334689501 0.018740864148990583 -0.037040932123856604 -0.013584473425275698 0.012450920269607072 -0.016166742351253063 0.029968665415399328 -0.095577338271672488 -0.12659465910541967 0.037880544336703799 -0.0020782398441236004 -0.021007979440272183 -0.00041940985539037765 -0.02156170171223281 0.0080739824154010924 -0.019253344975048114 0.010952832865082661 -0.038912414529118394 -0.030073398424954264 -0.0030752260935871575 0.0024073003336511876
leaf_weight=28.524432353675365 147440.08115487825 263.10028083249927 2664.3398203887045 215.96598380431533 474.06926774326712 208.23458579834551 296.04040788859129 43.51987387239933 1225.5044136652723 5538.5839082989842 179.95086810505018 87.157486822456121 2086.7174256164581 849.76203385740519 172.5855209082365 9870.906595446635 2619.6091460492462 3323.3830811614171 1736.2623798046261 2096.9482131972909 4572.274802565109 41.195195525884628 919.6335481684655 129.60845385864377 2280.2503100866452 128.77817953191698 287.33983089774847 11820.244648880325 10989.556740640663 214.30059882253408 6568.4818639606237 2787.0800525965169 506.25879664719105 570.85548398643732 207.63719666469842 235.62697350978851 1990.3493764190935 1136.7488498371094 1115.6220024917275 73301.717136156745 2055.1097217090428 15560.392419776414 2860.4408193491399 1266.9919680655003 292.14857544377446 4473.6116801234894 3374.2241769977845 4696.7929553887807
leaf_count=209 1007005 1547 21338 1228 6430 1584 2613 302 9082 43375 3809 528 15445 4437 1116 109314 26492 39256 20167 24171 49440 243 7621 1582 21008 1506 1935 91567 111428 1427 64011 31597 4786 4084 2337 1453 25109 8807 8644 608994 19463 198182 16515 11020 2164 38998 36596 48689
internal_value=7.81178e-05 0.00185006 0.00673985 -0.0112069 6.81463e-05 -0.00701804 -0.032935 -0.0606723 0.0098824 0.0132843 0.00176262 -0.0140463 -0.00801806 -0.0268136 0.0059875 0.00204811 0.00652999 0.00274381 0.01671 -0.0001612 -0.00177071 0.00382176 0.00641291 0.032272 0.00275222 -0.0159926 -0.000175549 0.000668267 0.00575393 -0.00383396 -0.0144795 0.0136144 -0.00123815 -0.010102 -0.0392634 -0.0839402 0.0140006 0.0233549 -0.0068494 -0.000477493 -0.00497286 0.00106784 0.00163097 -0.009981 0.00757771 -0.0121864 -0.0184654 -0.00488826
internal_weight=335805 42052.9 11231.7 1673.66 30821.2 5947.81 684.304 259.486 9558.04 6893.7 24873.4 3459.32 2349.82 1109.51 259.743 24693.5 8153.32 5942.99 2210.33 16540.1 14443.2 989.353 960.829 1355.11 2488.48 424.819 293752 146312 26902 12119.3 7589.26 14782.7 3793.12 7139.34 713.896 449.928 4530.06 3127.1 1402.96 119410 30547.4 88862.1 15947.7 4127.43 3079.23 14599.7 7847.84 6751.9
internal_count=2758654 413843 89099 13722 324744 45665 5649 1530 75377 54039 279079 23073 16992 6081 1644 275270 92345 65748 26597 182925 158754 8073 7864 10664 22592 4119 2344811 1337806 267782 115470 70975 152312 40884 68095 7123 2880 44495 33916 10579 1070024 262848 807176 119102 27535 33761 143746 75594 68152
is_linear=0
shrinkage=0.12179


Tree=79
num_leaves=49
num_cat=0
split_feature=5 13 5 2 7 11 8 10 13 2 2 2 9 10 5 2 2 9 7 2 2 9 7 2 10 10 7 2 6 7 7 11 6 11 2 2 2 10 2 11 11 9 9 10 7 6 10 9
split_gain=10.6709 49.7913 42.6382 29.4782 28.2275 35.138 43.1961 41.5948 22.4816 32.8749 49.5637 40.9651 38.8964 29.0321 24.7172 24.4873 57.776 42.1685 39.769 34.0164 49.0382 65.6407 43.4355 34.0857 34.9576 33.7747 28.3293 31.6634 29.8618 28.5838 29.4721 27.2431 24.9863 23.1914 31.2688 22.193 67.5244 39.2911 80.8985 47.2368 37.0576 34.8944 44.3734 32.4263 46.3932 35.606 59.4697 31.7725
threshold=93.500000000000014 0.85034967387616767 79.500000000000014 600.50000000000011 16.500000000000004 0.87556254259130573 0.88637416310275396 0.84947277474441163 0.85034967387616767 1715.5000000000002 2040.5000000000002 1020.5000000000001 0.83164639628178383 0.78196678439231604 108.50000000000001 1725.5000000000002 1710.5000000000002 0.73796475997026378 146.50000000000003 1120.5000000000002 1455.5000000000002 0.76645112812423111 208.50000000000003 1105.5000000000002 0.77089915842315093 0.84589801993562974 201.50000000000003 1829.5000000000002 175.50000000000003 197.50000000000003 78.500000000000014 0.757709760617853 256.50000000000006 0.81762643412766034 834.50000000000011 1500.5000000000002 1179.5000000000002 0.76309959923814097 1810.5000000000002 0.76235321474247197 0.66519789554752429 0.73796475997026378 0.7850814339496871 0.83684995978176879 6.5000000000000009 142.50000000000003 0.82519832032387785 0.88530550987915346
decision_type=2 2 2 2 2 2 2 2 2 2 2 2 2 2 2 2 2 2 2 2 2 2 2 2 2 2 2 2 2 2 2 2 2 2 2 2 2 2 2 2 2 2 2 2 2 2 2 2
left_child=1 2 3 -1 -4 6 7 -6 15 11 -11 12 33 -12 -13 16 19 25 32 23 21 -21 -22 24 -2 -18 27 28 31 30 -29 -17 -19 34 -10 36 41 38 39 -37 -38 -3 -43 45 -45 -39 -47 -44
right_child=8 35 4 -5 5 -7 -8 -9 9 10 13 14 -14 -15 -16 26 17 18 -20 20 22 -23 -24 -25 -26 -27 -28 29 -30 -31 -32 -33 -34 -35 -36 37 40 43 -40 -41 -42 42 47 44 -46 46 -48 -49
leaf_value=-0.44482889427962252 0.017178834263085495 0.014553361452492834 0.0043695222062209585 -0.046133295913507538 -0.019954006746528637 -0.0013449252264982334 -0.1615640017443617 -0.075231978581770595 -0.014014802819785661 -0.0079116542057557672 -0.048448253299175147 0.015864521190614236 0.0093831981748507959 0.064374631046322225 0.053443220866301863 -0.0060573690389875718 -0.027210703072025489 -0.011563333587860585 0.014727599768384825 0.011849021150299587 0.0038377219434724873 -0.0056240678011823635 -0.0094446733896605649 0.016618805602501441 0.00098597655272722874 -0.10645060389772579 -0.016026272717561425 0.0034220106612175747 0.021874875985858976 0.073682012869199467 -0.004119611056874228 0.0091918013908199436 -0.039569225353007373 -0.0041002347027211941 -0.088310233251213552 -0.02118941226238891 -0.034621920457140284 0.0049911882342147046 0.013558980419111069 -0.076811580720388697 0.0070665959259957212 -0.024204790739213815 -0.0035085493976396115 0.0073174599845966647 -0.0043519368663198776 -0.022310915584300154 0.016953125775022757 0.0060103115733036181
leaf_weight=5.7296685222536308 2051.6496948376298 1841.2770009469241 982.3812158908695 5.2905366942286491 1673.5679101534188 1037.0998164615594 35.849466383457184 229.61046534404159 177.36054177209735 3007.800814665854 39.884998045861721 3992.363576637581 1309.4957648590207 222.8515583127737 277.67628641054034 2239.5046410858631 231.62276518344879 2775.0283658113331 748.26602501049638 3452.957716351375 26582.034345787019 41717.160458867438 4233.4437841922045 2324.2879614159465 54711.1520660799 121.71046824753284 1175.0599265024066 25839.109825338237 2061.2355647739023 80.831224776804447 10940.329946244135 7755.9985673315823 569.49529547989368 339.09221238084137 159.66806772351265 570.36820629239082 320.67565699666739 16444.339215565473 611.72993469983339 375.6023992523551 23049.759463224094 1361.3074265336618 28906.529893260915 5702.1134381154552 44414.001447139308 1848.1524232216179 828.74521393328905 6342.3661176031455
leaf_count=109 13166 16363 8064 69 10546 14976 192 1612 1519 19581 249 32584 14943 1522 1825 10028 963 16158 4550 19844 164728 310452 25197 18631 482914 538 6467 162934 11238 425 61717 51691 2873 3897 1063 2494 1462 110581 3191 1891 242265 10846 345856 46306 367974 9208 4424 118528
internal_value=7.24862e-05 -0.000756587 -0.014197 -0.253425 -0.013531 -0.0194398 -0.0291179 -0.0266231 0.000641141 0.00641439 -0.00348048 0.0115876 -0.00286515 0.0472474 0.0183082 0.000351089 -0.000478222 -0.0141385 -0.0106536 -2.85717e-05 -0.00173289 -0.00428837 0.00201298 0.00216318 0.00157126 -0.054506 0.00266092 0.00310982 0.00852763 0.00133769 0.0011787 0.00577521 -0.0163321 -0.0265875 -0.0492124 -0.000354284 0.00133168 -0.00182656 -0.0209552 -0.0432745 0.00649457 -0.00180627 -0.00262906 -0.0013962 -0.00302422 0.00287077 -0.0101551 -0.00179581
internal_weight=335724 136586 3969.53 11.0202 3958.51 2976.13 1939.03 1903.18 199137 9526.19 3270.54 6255.66 1985.62 262.737 4270.04 189611 139519 4446.12 4092.79 135073 75985.6 45170.1 30815.5 59087.1 56762.8 353.333 50092.1 48917 12056.7 36860.3 36779.4 9995.5 3344.52 676.121 337.029 132617 61821.9 70795.1 1557.7 945.971 23370.4 38451.5 36610.2 69237.4 50116.1 19121.2 2676.9 35248.9
internal_count=2758654 1316957 35568 178 35390 27326 12350 12158 1441697 77183 21352 55831 21422 1771 34409 1364514 1060014 25082 23581 1034932 520221 330296 189925 514711 496080 1501 304500 298033 72957 225076 224651 61719 19031 6479 2582 1281389 735320 546069 7576 4385 243727 491593 475230 538493 414280 124213 13632 464384
is_linear=0
shrinkage=0.12179


Tree=80
num_leaves=49
num_cat=0
split_feature=0 10 10 0 10 10 7 1 1 1 10 10 2 13 10 10 1 7 7 2 7 0 10 10 1 0 0 10 4 11 1 10 10 7 0 9 1 0 9 4 11 2 10 1 2 7 9 0
split_gain=12.1587 28.6949 25.8782 68.2812 148.375 123.839 73.621 82.7378 52.4213 78.486 60.266 45.9191 41.454 36.6369 30.863 98.3764 53.7294 316.146 89.5871 65.2794 64.4123 42.5697 82.8882 65.3937 40.9206 67.0898 44.818 36.2814 30.5306 26.0656 23.8993 21.6206 38.5232 33.67 43.9744 76.5858 114.105 55.3648 44.3738 40.1399 26.9971 25.8166 25.7408 35.8508 32.4226 29.6087 28.0267 26.9152
threshold=3.5000000000000004 0.91358178080229935 0.87646467211755608 2.5000000000000004 0.8826398491876456 0.88394400514895188 80.500000000000014 1.5000000000000002 6.5000000000000009 2.5000000000000004 0.88428741174235859 0.87811064938730221 930.50000000000011 0.79131645187239752 0.84369414741617188 0.83868538113941626 1.5000000000000002 168.50000000000003 334.00000000000006 930.50000000000011 321.50000000000006 1.5000000000000002 0.84116383650093529 0.83963701287062464 1.5000000000000002 2.5000000000000004 2.5000000000000004 0.84547624853687875 1832.0000000000002 0.88055732034448686 1.5000000000000002 0.85035474575294889 0.85184135279037676 137.50000000000003 6.5000000000000009 0.89970899415142114 2.5000000000000004 5.5000000000000009 0.89970899415142114 960.00000000000011 0.84881292378232409 1205.5000000000002 0.87232672554846846 6.5000000000000009 845.50000000000011 138.50000000000003 0.76645112812423111 7.5000000000000009
decision_type=2 2 2 2 2 2 2 2 2 2 2 2 2 2 2 2 2 2 2 2 2 2 2 2 2 2 2 2 2 2 2 2 2 2 2 2 2 2 2 2 2 2 2 2 2 2 2 2
left_child=1 2 14 4 12 11 13 -8 9 -6 -10 -5 29 -7 15 24 17 27 20 -19 -18 22 -17 -23 26 -26 -1 -16 -14 -4 -3 40 41 34 35 37 -37 -34 39 -36 -2 -33 44 46 45 -35 -44 -45
right_child=31 30 3 5 8 6 7 -9 10 -11 -12 -13 28 -15 16 21 18 19 -20 -21 -22 23 -24 -25 25 -27 -28 -29 -30 -31 -32 32 33 42 38 36 -38 -39 -40 -41 -42 -43 43 47 -46 -47 -48 -49
leaf_value=4.0460082181081892e-07 0.0003466715832276334 -0.024807212380984101 -0.027034354501920224 -0.061699338461116908 -0.015802345583459568 -0.11121704939706381 0.025789773785338251 -0.042251765645112467 -0.077290978245690325 0.010137880405540796 -0.011679244261295803 0.034525212278329526 -0.038312352844940036 0.0057249521785654751 -0.0208484212657821 0.022713906261964321 0.0036910860030276711 -0.029014142204962297 0.094939685728738954 -0.096373830213850889 -0.083678531479797286 -0.041938402880619854 -0.026032176619019617 -0.010658558668792107 0.0013011924216027692 -0.0080468323559325199 0.017520428468804417 0.0060840150197902249 0.024937239122242775 0.020161937594682402 0.027366873688268727 -0.026552534484958843 0.0031101937754890829 -0.27795934222469804 -8.2065168240813514e-05 0.022305483179345425 -0.035783232352584994 -0.0086130756776336883 0.020917440449355527 0.012120267895535473 0.0041631916444091815 -0.0058678794228214847 -0.035918785961813832 -0.013351378317952549 -0.0043829640969975216 -0.037776915571331109 0.0059549247825299977 -0.095633887451965757
leaf_weight=5453.3907191231847 100708.5097944513 153.49420972913504 343.578677944839 76.57859643176198 2541.5992303909734 40.200589813292027 338.6974703297019 1219.5679280105978 255.74840154871345 5418.4123520348221 1104.0914268735796 1866.270413024351 3100.6992779430002 3448.5443028016016 862.24872949160635 996.0922343544662 38838.482856409624 324.91897474229336 159.2609960436821 621.7665201202035 125.56565402448177 1735.3209799528122 1076.6782288253307 2312.343782376498 32847.726727236062 17430.652949376032 3592.3960444610566 5316.1915404051542 117.48779316619039 350.77365222759545 859.04052378702909 1357.0355394631624 16916.661854851525 7.6840952634811392 20232.325566873886 654.42319910833612 2147.6309656854719 9238.4602575884201 2060.640854771249 4983.5605854783207 37814.486013413407 2628.7052198210731 268.80029936879873 138.59412105567753 697.35549474321306 823.17643562890589 2009.6459247786552 102.63239209074527
leaf_count=30579 672593 1844 2076 578 23518 420 2855 10430 2149 47770 10100 15702 22039 30447 5433 6722 272914 2193 998 3094 706 10731 7024 15150 190450 95394 19021 37025 606 4790 9720 15593 184004 100 232225 15130 35707 92404 52012 44685 453914 22098 1769 2117 7094 11787 30940 1501
internal_value=-6.14418e-05 -0.000966721 -0.00112349 -0.00513242 -0.010276 0.00460472 -0.00545317 -0.0274626 -0.00191999 0.00185527 -0.024019 0.0307325 -0.0301802 0.00437744 -0.000397666 -0.00209954 0.0020106 -0.00771664 0.00378212 -0.0732548 0.00340953 -0.0168004 -0.00260672 -0.0240689 -0.000582862 -0.00193961 0.00695821 0.00232539 -0.0360033 -0.00319168 0.0194576 0.000531963 -0.00131427 -0.000547547 0.000224699 -0.00308074 -0.0222165 -0.00103068 0.0037338 0.00232955 0.00138852 -0.0129104 -0.0112757 -0.00371209 -0.0237463 -0.0399982 0.00101486 -0.0483593
internal_weight=335718 132928 131915 20222.3 13232.4 6989.86 5047.01 1558.27 9319.85 7960.01 1359.84 1942.85 3912.54 3488.74 111693 65444.6 46248.4 7125.13 39123.3 946.685 38964 6120.44 2072.77 4047.66 59324.2 50278.4 9045.79 6178.44 3218.19 694.352 1012.53 202790 64267.3 60281.6 56233.7 28957.2 2802.05 26155.1 27276.5 25215.9 138523 3985.74 4047.89 2519.67 1528.22 830.861 2278.45 241.227
internal_count=2758151 882478 870914 173480 113048 60432 44152 13285 83537 71288 12249 16280 29511 30867 697434 375071 322363 47745 274618 5287 273620 39627 13746 25881 335444 285844 49600 42458 22645 6866 11564 1875673 749166 711475 656167 327245 50837 276408 328922 276910 1126507 37691 55308 36327 18981 11887 32709 3618
is_linear=0
shrinkage=0.12179


Tree=81
num_leaves=49
num_cat=0
split_feature=9 1 1 6 3 6 6 0 7 10 8 0 8 8 3 6 9 10 7 12 9 7 5 0 10 10 0 10 6 0 3 11 3 11 1 5 3 8 10 11 5 3 7 10 6 0 11 1
split_gain=11.3637 18.6478 18.7566 11.2002 16.2314 29.7842 12.9906 21.2754 10.5889 10.1834 17.9435 79.3179 64.6571 38.6564 70.6014 40.422 35.1113 33.9995 33.8654 36.4544 33.6691 17.5953 35.1782 29.3955 42.7722 41.3389 22.915 51.4192 49.6957 40.7768 58.1793 20.4452 43.9516 21.4496 17.1278 17.0474 14.93 74.1317 41.2182 13.1244 8.1504 7.06088 5.85877 5.5715 5.01495 4.91859 6.07984 4.00282
threshold=0.72930610131160523 5.5000000000000009 6.5000000000000009 336.50000000000006 19.500000000000004 339.50000000000006 345.00000000000006 8.5000000000000018 18.500000000000004 0.85046214118857588 0.88085919287258096 1.5000000000000002 0.90286652329037753 0.87366003285681904 13.500000000000002 100.50000000000001 0.86373612040930992 0.84830924090295401 104.50000000000001 0.83000232769989923 0.84719262155496244 101.50000000000001 172.50000000000003 1.5000000000000002 0.87432366318277344 0.87232672554846846 6.5000000000000009 0.85238609545357036 14.500000000000002 5.5000000000000009 8.5000000000000018 0.66519789554752429 11.500000000000002 0.88055732034448686 4.5000000000000009 75.500000000000014 12.500000000000002 0.83205873009260178 0.76309959923814097 0.72353943144424959 140.50000000000003 13.500000000000002 158.50000000000003 0.84051994465913571 339.50000000000006 4.5000000000000009 0.78990838896424231 3.5000000000000004
decision_type=2 2 2 2 2 2 2 2 2 2 2 2 2 2 2 2 2 2 2 2 2 2 2 2 2 2 2 2 2 2 2 2 2 2 2 2 2 2 2 2 2 2 2 2 2 2 2 2
left_child=1 41 42 9 5 45 8 43 -7 10 13 12 20 36 15 -15 -16 -14 19 -13 -12 26 23 24 -23 -25 29 39 -29 34 -31 32 -24 -33 -11 -20 37 -2 -38 -28 -10 -1 -3 -8 -6 46 -5 -43
right_child=3 2 -4 4 44 6 7 -9 40 21 11 18 17 14 16 -17 -18 -19 35 -21 -22 22 31 25 -26 -27 27 28 -30 30 -32 33 -34 -35 -36 -37 38 -39 -40 -41 -42 47 -44 -45 -46 -47 -48 -49
leaf_value=-0.028298121701354241 -0.0013180973114423089 -0.099254135299059576 0.0094441687827181049 -0.024718758005304774 0.015647253343554782 0.060042225204154018 -0.082667648795485341 0.097568576450838052 -0.071757315800247037 -0.0020824379935284391 -0.031556751064081623 0.011468250249510301 -0.063100523176359599 -0.044052208414759743 -0.035828391033726613 -0.0049619888950125394 0.011133969847735155 0.071639687791627646 0.033716247362679544 -0.0025398440581333153 0.0042794942724491717 0.030872283816516098 0.048075401972372478 -0.017718351294857541 -0.0066792935762599159 -0.0036801479421825984 -0.05802563657824425 -0.016094217107675043 0.0057008227521598044 0.021514259637900109 -0.011995998016484322 0.015717400210582561 -0.052666219881552179 -0.0058375297291789856 0.0023734332365696565 0.013458744589575302 -0.01033928480987766 0.0060971285174538292 -3.940011296649483e-05 -0.01693429683173641 -0.0056568121886771171 0.0047853421704170422 -0.19639920553166115 0.00055953719848805545 0.064648257920740623 0.076284279855543563 0.059905701962526862 0.079531462522816135
leaf_weight=58.78390920907259 51529.39592214115 24.924620777368546 20.06188178062439 20.996564656496048 42.918126434087753 13.473830237984656 19.202508807182312 30.650875873863697 98.13946707546711 31158.964673722163 545.08580587431788 5473.8060013512149 471.59969301149249 1111.5534879881889 278.04154654592276 606.4520419780165 1566.8796584326774 29.516483716666698 817.63354684971273 5549.0147423781455 1356.9232757277787 706.24873203411698 90.550077021121979 5061.7977060200647 1239.5700292736292 8074.9757201531902 128.35290099680424 1672.0729919727892 21565.88162260456 844.68927352828905 8517.9587277164683 2286.3676857538521 221.0438929349184 977.55247684940696 21711.250733783934 2500.8668303284794 6056.0919697619975 32679.984867163934 119058.28303609788 1133.0151716470718 38.532348707318306 25.117017462849617 14.60386913269758 31.50456927716732 111.37140081077814 64.320465620607138 31.462520986795425 18.420823633670807
leaf_count=301 404002 141 116 92 242 92 91 245 681 281982 3425 44020 2957 10385 2150 5855 12949 206 8069 61379 9474 5911 460 53363 11201 104392 677 31319 248372 16281 81564 16245 962 12238 201910 19277 30564 307208 753745 11478 211 132 84 170 788 495 154 96
internal_value=-4.95063e-05 -0.0323066 -0.0864669 -3.39402e-05 0.0181337 0.00356602 -0.0217294 0.0174631 -0.0429663 -6.11938e-05 0.000393695 0.00423242 -0.0162446 9.17622e-05 -0.0124874 -0.0302534 0.00405644 -0.0551641 0.00766369 0.00441641 -0.00599061 -0.00105233 -0.00444519 -0.00702 0.00695032 -0.00908928 -0.000322452 0.00283265 0.00413257 -0.00156453 -0.00897273 0.00641613 -0.0233904 0.00926164 -0.000252626 0.0184499 0.000305874 0.0015596 -0.00053796 -0.0211156 -0.0531214 -0.000764702 -0.135145 -0.0309582 0.0510178 0.0537116 0.0260351 0.0364104
internal_weight=335686 161.912 59.5904 335524 502.573 348.283 231.504 81.358 150.146 335021 229631 16744.4 2403.13 212887 3562.93 1718.01 1844.92 501.116 14341.3 11022.8 1902.01 105390 18658.1 15082.6 1945.82 13136.8 86732.2 24499.3 23238 62232.9 9362.65 3575.51 311.594 3263.92 52870.2 3318.5 209324 84209.4 125114 1261.37 136.672 102.322 39.5285 50.7071 154.29 116.78 52.4591 43.5378
internal_count=2758151 870 341 2757281 3261 2231 1490 506 984 2754020 1675665 148807 16062 1526858 31339 16240 15099 3163 132745 105399 12899 1078355 204772 174867 17112 157755 873583 291846 279691 581737 97845 29905 1422 28483 483892 27346 1495519 711210 784309 12155 892 529 225 261 1030 741 246 228
is_linear=0
shrinkage=0.12179


Tree=82
num_leaves=49
num_cat=0
split_feature=4 5 5 4 2 2 5 4 8 8 0 4 1 5 2 2 8 4 5 0 1 1 8 0 2 11 4 2 0 11 0 2 0 2 5 8 8 11 2 0 8 7 8 0 4 1 0 8
split_gain=11.43 67.6344 40.3843 43.186 41.9509 45.4033 41.6448 40.3776 35.7353 33.305 31.3814 30.6433 30.1334 29.8971 27.5004 26.9671 33.7832 26.0459 60.1629 25.6901 43.6777 117.716 31.5062 28.6719 50.2134 25.6192 25.4766 24.5316 24.1407 28.681 25.4323 23.4629 22.5587 22.4087 21.879 21.6976 21.5567 20.3028 20.3782 19.43 58.9278 35.4861 27.9588 30.348 30.3604 25.3698 19.403 20.742
threshold=1431.5000000000002 200.50000000000003 163.50000000000003 960.00000000000011 1700.5000000000002 1030.5000000000002 155.50000000000003 1039.0000000000002 0.88085919287258096 0.83205873009260178 4.5000000000000009 1172.5000000000002 6.5000000000000009 188.50000000000003 929.50000000000011 1235.5000000000002 0.80235441454681389 1598.0000000000002 235.50000000000003 7.5000000000000009 3.5000000000000004 2.5000000000000004 0.80235441454681389 3.5000000000000004 1240.5000000000002 0.71174194272388014 1085.5000000000002 1250.5000000000002 2.5000000000000004 0.78892554578038465 8.5000000000000018 2255.5000000000005 8.5000000000000018 1849.5000000000002 171.50000000000003 0.87366003285681904 0.87366003285681904 0.6992101632184492 620.50000000000011 7.5000000000000009 0.88637416310275396 29.500000000000004 0.87366003285681904 5.5000000000000009 1467.5000000000002 4.5000000000000009 6.5000000000000009 0.8622651991476401
decision_type=2 2 2 2 2 2 2 2 2 2 2 2 2 2 2 2 2 2 2 2 2 2 2 2 2 2 2 2 2 2 2 2 2 2 2 2 2 2 2 2 2 2 2 2 2 2 2 2
left_child=2 28 3 6 5 14 19 12 -8 15 33 -6 32 26 35 16 17 -3 -19 23 21 -21 -22 -1 -25 27 -12 -15 29 -2 -30 -28 -4 37 -14 -5 -27 -9 -39 42 -41 45 46 44 -44 -42 47 -11
right_child=1 9 7 4 11 -7 8 10 -10 39 13 -13 34 25 -16 -17 -18 18 -20 20 22 -23 -24 24 -26 36 31 -29 30 -31 -32 -33 -34 -35 -36 -37 -38 38 -40 40 41 -43 43 -45 -46 -47 -48 -49
leaf_value=-0.0009685125839974147 -0.043168587815457626 0.0056264746487806752 0.011323315844970131 -0.00084371910402288931 0.0053039920581694011 -0.017549051450321974 0.0073242603672588067 0.014858320899540724 0.03848803570250442 -0.0084394200236701123 0.018332818910200804 -0.041469906618815812 0.017617699839570802 0.023488168153943466 0.020804932457289468 0.0069239113485556622 0.003173738190413299 -0.06615487735575061 -0.010844031219957155 -0.0048226253089530945 0.0014582595631314544 0.0141263579484534 -0.0082417998513487807 0.0060115854813746579 7.5199118589986365e-05 0.023969952061252457 -0.00029124055493663122 -0.012837717726612276 -0.037404253004975047 0.014698825892959599 0.013745071648813256 -0.12478456991513559 -0.016438329711113347 -0.014453492729690612 0.056533078231934243 -0.0262507624728535 0.0004569880250280542 0.040581029285734128 -0.0025219260596940451 0.0053293330438146823 -0.071278507751117867 0.019756629165572647 0.045708100917270143 -0.014835740515638992 0.0045217854532269373 -0.21098629276803044 0.0034930483687722743 -0.021930128502248215
leaf_weight=95474.039975471795 182.20072156190872 854.90883911401033 5878.5481126196682 2658.1819762028754 4311.4077100344002 6207.002975189127 3152.169234810397 1200.1617176681757 660.06755679473281 7822.7896263673902 1213.5812414884567 218.27167309075594 536.40987220406532 407.87724005430937 711.84352018125355 10594.891483791173 6085.1414554445073 344.80066093429923 1893.9037813972682 14738.325731313787 6563.0050348304212 7257.2511388775893 20419.997394824401 31359.64149847487 64819.676024313085 2821.5681354794651 7657.3191669136286 851.22941733896732 1309.593219384551 419.64701055921614 162.02630420029163 22.520866721868515 468.776551771909 1885.4277835935354 356.85190143808722 613.66755631472915 727.45623091608286 165.26257009059191 10469.413672497496 4168.9539577336982 47.731587208807468 34.690977102145553 293.29629716649652 1137.7448248825967 2798.6360841430724 32.343565668910742 1501.9693086547777 2156.4391068294644
leaf_count=669740 884 4993 38180 23745 27071 43330 22597 5253 5404 49766 10171 1206 4124 2461 6256 58846 41438 2225 12185 144901 49390 73383 212350 418885 540083 23429 61074 3886 10461 2739 1543 272 3349 10317 2604 7258 6462 1788 64239 32060 358 385 2155 9972 19426 237 11944 13326
internal_value=-4.12698e-05 -0.00192457 0.000226917 -0.000295254 -0.00670181 -0.0110365 9.05478e-05 0.00413109 0.0127201 -0.000806495 0.00199515 0.0030501 0.0122204 0.00611797 -0.000889161 0.00273764 -0.00209451 -0.0124572 -0.0193629 -0.000109537 -0.00259881 0.00142943 -0.00588248 0.000526616 0.00201078 0.0138552 0.00193491 -0.00107025 -0.0233687 -0.0028197 -0.0317727 -0.000656313 0.009273 -0.00212206 0.0331641 -0.00560906 0.0191504 -0.000157516 -0.00185211 -0.00431146 0.00295931 -0.0831335 -0.00629391 0.00217075 0.00842866 -0.127709 -0.00941229 -0.0113547
internal_weight=335669 41841.7 293827 259165 14720.4 10190.7 244444 34662.4 3812.24 39768.2 27421.8 4529.68 7240.59 13701.6 3983.69 19773.6 9178.75 3093.61 2238.7 240632 48978.6 21995.6 26983 191653 96179.3 4808.13 8893.42 1259.11 2073.47 601.848 1471.62 7679.84 6347.32 13720.3 893.262 3271.85 3549.02 11834.8 10634.7 19994.6 4283.72 114.766 15710.9 4229.68 3091.93 80.0752 11481.2 9979.23
internal_count=2758151 274943 2483208 2245599 108866 80589 2136733 237609 28001 259316 189352 28277 48257 107755 37259 119687 60841 19403 14410 2108732 480024 218284 261740 1628708 958968 36238 71517 6347 15627 3623 12004 61346 41529 81597 6728 31003 29891 71280 66027 139629 33040 980 106589 31553 21581 595 75036 63092
is_linear=0
shrinkage=0.12179


Tree=83
num_leaves=49
num_cat=0
split_feature=6 9 3 8 8 8 9 10 10 8 10 2 6 5 5 2 6 9 5 11 2 9 9 9 10 6 2 1 10 10 2 6 8 6 11 2 8 2 2 2 2 2 2 13 8 10 2 2
split_gain=10.9677 37.7586 27.4407 31.5026 23.9604 26.0023 102.881 35.372 48.4578 34.3281 43.4463 49.0611 35.6142 34.078 47.8213 34.9954 22.6363 22.1692 23.8352 21.9509 21.7484 21.1127 43.1426 48.4161 40.6846 28.3964 28.3501 25.1589 22.1901 21.0042 19.4063 57.2237 17.7472 17.0583 16.0245 15.461 15.0227 45.6963 27.7604 24.4157 26.11 50.4031 46.869 15.1639 14.2422 42.8206 23.7299 45.9925
threshold=63.500000000000007 0.85140159278169125 7.5000000000000009 0.90286652329037753 0.88085919287258096 0.83205873009260178 0.73796475997026378 0.78602299101415862 0.78196678439231604 0.82029770595515661 0.82968172762773229 1779.5000000000002 124.50000000000001 118.50000000000001 61.500000000000007 1925.5000000000002 141.50000000000003 0.84449626669010347 96.500000000000014 0.88815189113233362 920.50000000000011 0.86687508111313971 0.84234656360888149 0.79225961247450971 0.8421513316613739 99.500000000000014 600.50000000000011 5.5000000000000009 0.85602172167585688 0.81030595809117545 2020.5000000000002 146.50000000000003 0.88637416310275396 92.500000000000014 0.76080409465173215 844.50000000000011 0.87366003285681904 1900.5000000000002 1020.5000000000001 2009.5000000000002 1345.5000000000002 1429.5000000000002 1079.5000000000002 0.82070666663782021 0.82029770595515661 0.84426331692035683 2115.5000000000005 2155.5000000000005
decision_type=2 2 2 2 2 2 2 2 2 2 2 2 2 2 2 2 2 2 2 2 2 2 2 2 2 2 2 2 2 2 2 2 2 2 2 2 2 2 2 2 2 2 2 2 2 2 2 2
left_child=1 32 3 21 5 9 20 8 -8 13 11 -11 -12 14 -4 -15 17 33 34 -9 -7 22 23 25 -25 -2 -23 28 -24 -22 -18 -32 36 -6 -19 -20 39 38 -38 40 42 -42 -1 -40 45 -3 -47 -48
right_child=2 44 4 -5 16 6 7 19 -10 10 12 -13 -14 15 -16 -17 30 18 35 -21 29 26 27 24 -26 -27 -28 -29 -30 -31 31 -33 -34 -35 -36 -37 37 -39 43 -41 41 -43 -44 -45 -46 46 47 -49
leaf_value=0.0011591150479530257 0.019822298260066221 -0.00019074294136304823 0.0045285350220307437 0.046528961500443028 0.0074977666624381186 0.05836114863572308 -0.0008681741280628149 -0.0055603219043006309 0.024255818216850196 0.0031985070968352201 0.0033773626455439894 -0.020271258903129082 0.018061635757633789 0.0004143715517015027 -0.0059504541559181516 0.014820657915853325 -0.0023054981179984908 0.090549270983311461 -0.021203060119109732 0.00113074735797852 -0.015137472006298719 -0.02500095415478816 -0.009044345784943281 0.003369317476704695 0.033137774521825904 -0.0097975520150604956 0.017646924861277131 0.013463077119294882 -0.035632096329738627 0.024017674172469135 -0.15623700571065766 -0.0099675945454558209 -0.012227693049842196 -0.012766870419734884 0.012137808202675102 0.0037281890136953233 0.0047133691919561942 -0.010305487684830675 0.01065901086896826 0.01256763181352393 -0.020095794245943811 0.001304995326683996 0.014269977196716127 0.037481653538390239 0.0004777084089283612 -0.0092141246151160733 -0.084373464278359372 -0.0024296811857956956
leaf_weight=11751.298511036672 608.72822704911232 23174.79081086535 8208.0989210512489 266.80947792436928 987.13097348250449 235.98404208943248 5317.9324255995452 58527.030461341143 1448.9507654756308 5734.0165199115872 5341.6825072411448 1716.6238270029426 4525.259353781119 32589.436994837597 30323.191075854003 2708.9863714221865 5113.3564071981236 38.901497721672058 389.16727551817894 8304.364323399961 232.38406647741795 255.45823316834867 1778.8412132039666 1289.32858893089 1443.2898613847792 2271.7132524140179 2434.2964391056448 523.08773367106915 630.68467092979699 1618.7587454654276 48.060484550893307 227.31163299828768 1005.6247018799186 1639.411403844133 6192.8184263631701 7103.1964232046157 1050.3957379050553 1018.3154462575912 428.25160357356071 3910.9373170398176 1827.5168240088969 15286.90852315072 6166.5971761178225 1157.9308749530464 61561.911979277153 6822.0502026751637 184.98572366498411 225.37199464440346
leaf_count=112486 6474 178905 57734 7852 7772 1983 29740 401769 8955 32213 44169 8704 30232 183397 187691 15044 44604 262 4268 98971 1306 2790 17340 11272 18072 23017 28332 6472 7859 10385 313 1527 10080 12003 66685 57448 13083 7500 3248 25755 14151 97742 52026 11301 728040 63624 1452 2103
internal_value=-3.36806e-05 0.000812058 -0.000606764 0.00516835 -0.000959026 -0.00145459 -0.00312315 -0.00387931 0.00451147 -6.90799e-05 0.0048111 -0.00220892 0.010112 -0.00121378 -0.00371818 0.00151999 0.00284406 0.0051002 0.00706206 -0.0047289 0.0235412 0.00418615 0.00122425 0.00747912 0.0190922 -0.00353794 0.0135965 -0.0107476 -0.0160036 0.0191023 -0.00400158 -0.0354959 0.00376388 -0.00515083 0.0126273 0.00243321 0.0041414 0.0116071 0.0200703 0.00344074 0.00242183 -0.000980229 0.00567133 0.0302398 -0.000587442 -0.00274393 -0.0109251 -0.0393692
internal_weight=335647 135573 200074 11502.2 188572 166833 75685.4 73598.3 6766.88 91147.3 17317.6 7450.64 9866.94 73829.7 38531.3 35298.4 21739.4 16350.6 13724.1 66831.4 2087.13 11235.4 8545.67 5613.06 2732.62 2880.44 2689.75 2932.61 2409.53 1851.14 5388.73 275.372 43603.8 2626.54 6231.72 7492.36 42598.2 3654.89 2636.58 38943.3 35032.3 17114.4 17917.9 1586.18 91969.1 30407.2 7232.41 410.358
internal_count=2758151 1321496 1436655 129480 1307175 1112293 553109 539435 38695 559184 115318 40917 74401 443866 245425 198441 194882 148438 128663 500740 13674 121628 90506 58835 29344 29491 31122 31671 25199 11691 46444 1840 347372 19775 66947 61716 337292 35132 27632 302160 276405 111893 164512 14549 974124 246084 67179 3555
is_linear=0
shrinkage=0.12179


Tree=84
num_leaves=49
num_cat=0
split_feature=1 0 0 1 8 7 10 12 0 7 7 10 6 10 2 10 10 7 10 11 7 8 2 6 7 7 0 7 6 0 10 8 10 10 10 0 0 1 7 6 2 7 2 13 6 7 10 7
split_gain=10.1548 48.2608 70.5936 43.5575 51.55 38.8789 33.4016 31.749 88.7286 82.259 74.3526 69.667 60.7614 51.5716 48.2818 45.1868 51.7892 36.5807 34.3703 39.6698 36.947 30.8522 29.714 48.875 28.317 40.1343 34.7765 27.9839 25.6404 25.0971 23.9034 32.1057 26.1616 55.0494 43.8016 62.1213 59.7532 39.9266 24.7784 23.6896 70.5502 23.9355 23.4056 22.5017 21.4067 20.7887 35.4991 29.3646
threshold=2.5000000000000004 7.5000000000000009 2.5000000000000004 1.5000000000000002 0.80235441454681389 344.50000000000006 0.78012351836885896 0.83000232769989923 8.5000000000000018 273.50000000000006 289.50000000000006 0.84443425531645178 272.50000000000006 0.79528251122794547 1279.5000000000002 0.81258536626325284 0.77413245550436538 94.500000000000014 0.80374404239962316 0.84509381895652058 182.50000000000003 0.80235441454681389 1555.5000000000002 288.50000000000006 205.50000000000003 206.50000000000003 3.5000000000000004 211.50000000000003 270.50000000000006 4.5000000000000009 0.87783551284709571 0.87366003285681904 0.80401801705884368 0.82093187472421258 0.77413245550436538 1.5000000000000002 1.5000000000000002 1.5000000000000002 116.50000000000001 313.50000000000006 1355.5000000000002 167.50000000000003 755.50000000000011 0.80270720900287384 345.00000000000006 259.50000000000006 0.78196678439231604 316.50000000000006
decision_type=2 2 2 2 2 2 2 2 2 2 2 2 2 2 2 2 2 2 2 2 2 2 2 2 2 2 2 2 2 2 2 2 2 2 2 2 2 2 2 2 2 2 2 2 2 2 2 2
left_child=1 2 30 24 29 6 -6 9 13 12 -11 15 18 -9 17 16 -10 -13 19 -3 -20 28 -14 -24 43 42 -27 -17 -15 -5 32 -32 34 37 36 -36 -1 -34 -35 45 41 44 -26 -4 -41 -2 -47 -48
right_child=39 7 3 4 5 -7 -8 8 11 10 -12 14 22 21 -16 27 -18 -19 20 -21 -22 -23 23 -25 25 26 -28 -29 -30 -31 31 -33 33 38 35 -37 -38 -39 -40 40 -42 -43 -44 -45 -46 46 47 -49
leaf_value=0.034460688268794872 -0.00077185998443518513 0.0036514352276351817 -0.007996287237871243 0.027462999388752317 -0.0067003512316595121 -0.050576940644617575 0.0080752065772259317 -0.012688424733340515 0.02616032193177785 -0.19737056044157403 -0.019101703277635732 -0.027173441525869781 0.0012187708448209186 -0.015256721811709565 0.0040732428621908252 0.0085396354401720068 -0.030994362922528943 -0.068190228293121644 -0.0066661133147235974 0.063730334221656762 -0.039592903668779628 0.021135436119193714 -0.14372106404541232 -0.041540351966382054 0.00052710913367125321 -0.02541790578460501 0.0038258180239637909 0.054968219398100114 0.03985719432936196 0.011188703686832209 -0.022484710407692621 5.5554114794031469e-05 0.0029659685462949921 0.00039373033967776678 -0.032621232838339301 -1.5640434075896151e-05 -0.016583741212193328 0.035612299707308427 -0.013976308555181971 -0.02903092046878554 0.037336256990668594 0.053474610006409802 -0.13744867387254547 0.0040660507559915522 0.085329633681590786 -0.17001766676666374 0.01051227828365222 -0.0049857306784619288
leaf_weight=690.31206211447716 228369.66091934079 1656.1704882532358 2563.8870646646246 2638.3549022898078 2613.3631136808544 180.96764263883233 17239.299847002141 1120.3850030936301 319.74123671650887 64.744055293500423 74.791168227791786 1032.1669142334722 141.83125335723162 667.43637975491583 489.00391606800258 1115.1108072409406 888.91859385278076 469.08861061837524 7342.0317408759147 180.81627780944109 542.85000176168978 3758.6947302110493 88.322637602686882 324.66335067152977 26.782543385401368 1001.76455257833 1515.9251238908619 232.74760772287846 154.11636626720428 3007.9483975889161 2007.3046254385263 1758.4049737118185 1146.6956300381571 10991.600796942599 1750.2953208759427 1716.8955778628588 670.61997649073601 1078.0896780658513 2123.7116855159402 547.70283327996731 869.59065091609955 66.02853499725461 57.148840442299843 21783.551254108548 25.404424704611301 17.084708571434021 5858.1187728010118 2626.4165307339281
leaf_count=3539 1867774 8698 16918 16581 15967 1312 172125 8283 2113 431 460 14917 766 6620 5879 11362 6682 6042 58166 1753 3421 47413 447 1648 288 5202 13310 2229 1068 23803 15776 17886 6545 76802 8761 8790 3358 6501 13136 3604 5376 453 325 192040 219 190 50093 23079
internal_value=-2.69765e-05 0.00102202 0.00243166 0.00492556 0.00851481 0.00561794 0.00613018 -0.00420099 0.000612053 -0.00893604 -0.101818 -0.0120775 -0.0076749 0.0107331 -0.0291635 0.0012241 -0.0158746 -0.0399897 -0.00543773 0.00956506 -0.00893302 0.0164623 -0.046876 -0.0633931 0.00150534 -0.0105719 -0.00780998 0.0165569 -0.00491782 0.0187932 -0.00305224 -0.0119595 -0.00138912 0.00107173 -0.0092078 -0.0164755 0.00930777 0.0187858 -0.00193315 -0.000454824 0.0147578 -0.0159617 -0.0934205 0.00279584 -0.0239616 -0.00055172 0.00536167 0.00571482
internal_weight=335607 97226.6 76562.9 52629 25679.9 20033.6 19852.7 20663.6 10247.4 10416.2 139.535 4546.78 10276.7 5700.63 1990.26 2556.52 1208.66 1501.26 9721.87 1836.99 7884.88 4580.25 554.817 412.986 26949.1 2601.62 2517.69 1347.86 821.553 5646.3 23933.9 3765.71 20168.2 15340.1 4828.12 3467.19 1360.93 2224.79 13115.3 238380 1508.73 639.136 83.9314 24347.4 573.107 236871 8501.62 8484.54
internal_count=2758151 807363 618965 457871 229788 189404 188092 188398 112608 75790 891 49224 74899 63384 26838 22386 8795 20959 72038 10451 61587 55101 2861 2095 228083 19125 18512 13591 7688 40384 161094 33662 127432 102984 24448 17551 6897 13046 89938 1950788 9652 4276 613 208958 3823 1941136 73362 73172
is_linear=0
shrinkage=0.12179


Tree=85
num_leaves=49
num_cat=0
split_feature=5 5 2 10 9 2 9 9 3 2 2 9 7 9 6 2 7 10 6 2 2 5 13 0 9 2 7 5 0 0 9 0 9 5 0 2 0 9 9 5 10 10 7 7 10 10 10 5
split_gain=13.9919 39.7025 25.823 37.5454 29.7207 28.865 23.9331 64.465 23.7414 37.2813 23.4736 21.5068 21.4755 36.7473 43.2403 21.1988 24.2061 20.9351 19.1584 41.8855 21.2317 23.1382 54.6734 35.0379 20.8133 27.0643 27.6591 19.2283 19.8995 19.0912 18.5787 22.4892 23.5616 18.4684 27.4533 26.4783 18.3601 49.0174 44.9522 46.1909 32.7215 28.5163 48.771 22.4514 21.8911 65.2452 26.7472 21.2294
threshold=64.500000000000014 61.500000000000007 1854.5000000000002 0.7836894369319739 0.73796475997026378 2120.5000000000005 0.84002448854272027 0.83773463753738309 4.5000000000000009 640.50000000000011 1079.5000000000002 0.91289529716869378 192.50000000000003 0.79615732005208406 63.500000000000007 1910.5000000000002 11.500000000000002 0.78196678439231604 28.500000000000004 810.50000000000011 613.50000000000011 79.500000000000014 0.85034967387616767 5.5000000000000009 0.92364428821809452 600.50000000000011 223.50000000000003 182.50000000000003 4.5000000000000009 4.5000000000000009 0.88629392050254319 2.5000000000000004 0.88428933019789857 177.50000000000003 4.5000000000000009 1020.5000000000001 2.5000000000000004 0.91800925925925936 0.89874539480046922 120.50000000000001 0.82412929233864862 0.82038579340663675 128.50000000000003 236.50000000000003 0.82326400988857973 0.80631923638998237 0.83653493300449278 101.50000000000001
decision_type=2 2 2 2 2 2 2 2 2 2 2 2 2 2 2 2 2 2 2 2 2 2 2 2 2 2 2 2 2 2 2 2 2 2 2 2 2 2 2 2 2 2 2 2 2 2 2 2
left_child=1 2 4 15 29 6 7 -5 -6 17 -11 -8 -3 -14 -15 -4 -17 -10 19 20 21 22 23 -2 -20 -26 -27 28 -23 -1 31 32 -22 34 -28 -35 38 44 41 40 -40 42 -21 -43 45 -38 -46 -39
right_child=18 12 3 5 8 -7 11 -9 9 10 -12 -13 13 14 -16 16 -18 -19 24 36 30 27 -24 -25 25 26 33 -29 -30 -31 -32 -33 -34 35 -36 -37 37 47 39 -41 -42 43 -44 -45 46 -47 -48 -49
leaf_value=0.02429104520182954 -0.06229990714892869 -0.0085058722551827302 -0.040316814894518535 -0.012003911986228948 -0.030197588045352212 0.0013591745131899685 -0.0045039677044678844 -0.062881270958512744 -0.040585391160128721 -0.0058108059566170421 0.0016073108602070148 -0.030359839578113893 -0.23007628411431219 -0.0094421110752174724 -0.08563841480094124 -0.0046269143357087683 0.037360050479484763 0.025611440626237814 -7.3898436600260722e-05 -0.0038847258995233194 -0.02208804010696875 0.010632849276693562 -0.014937720709262498 -0.47886304806605584 -0.25342033040853995 -0.0054066186627418182 -0.012582238287013409 -0.001576571179302978 0.055137256738198186 0.0036559979586732469 0.0048652521457905268 -0.0070092201306642754 -0.10488624900461566 0.0044210420263531428 -0.15675384220790922 -0.090494159695712575 0.0068988686871922162 0.03387254440203015 -0.058689189399992202 0.014358799488150942 -0.01707279377493327 -0.00044961168277519434 0.023006836914519931 -0.037103171958841004 0.021480550757174182 -0.011654961201513121 0.0055764569918213694 0.0057800564497620787
leaf_weight=1261.1280897594988 5.6563282087445241 5861.6704678768292 85.777256675064564 2055.331437477842 380.36992191523314 4029.9548819903284 5200.3504773508757 450.33694412559271 75.615456994622946 8648.62233601138 23572.761434357148 525.38345560058951 13.644576124846933 454.77306339889765 145.91320303454995 309.1924800761044 596.73674203641713 1127.557288555894 228563.67636317993 1779.4649071861058 1390.7837797487155 364.33497434481978 187.27039492735639 6.3655437119305134 7.0065354052931061 1184.5736811715178 33.37521193921566 616.88262867368758 252.17037629708648 1406.9819081965834 1145.8656083568931 3437.1372073907405 52.917689766734838 127.95304434373975 47.434691850095987 66.124813288450241 8204.2497599907219 1247.6285393415019 364.04691261798143 548.65949870646 1217.2728677475825 5439.2113064816222 2284.7353277653456 259.71035156399012 1771.2032681200653 4276.7368983104825 13704.37265978381 586.60837664175779
leaf_count=7992 86 52057 541 10846 2900 33582 42719 2762 969 128625 246760 5910 110 4004 1061 1680 4020 22594 1691268 9705 11065 4235 3756 82 163 18733 272 7136 5429 10193 17393 41778 485 1466 545 570 53966 23301 2288 3770 11870 42108 12343 1501 15676 32755 156564 7053
internal_value=-5.33203e-05 -0.00180657 -0.000638404 -0.00524255 0.00103459 -0.00708609 -0.0112208 -0.021148 5.78767e-05 0.000402183 -0.000383804 -0.00687646 -0.0107764 -0.0324403 -0.027951 0.0175508 0.02303 0.0214512 0.000299637 0.00248244 -0.00592266 0.00740384 -0.0311001 -0.282869 -0.000166693 -0.0146296 -0.0134832 0.0136253 0.0288366 0.0134095 -0.00909067 -0.0123671 -0.0251229 -0.0482878 -0.0972097 -0.0279178 0.00398654 0.00560153 -5.88229e-05 -0.0160893 -0.0266536 0.00343847 0.0112327 -0.00211998 0.00433612 0.00054121 0.0073967 0.0248883
internal_weight=335376 56202.1 49726.1 13253.1 36473 12261.4 8231.4 2505.67 33804.9 33424.6 32221.4 5725.73 6476 614.331 600.686 991.706 905.929 1203.17 279173 49143.3 7459.38 1432.68 199.292 12.0219 230030 1466.47 1459.46 1233.39 616.505 2668.11 6026.7 4880.84 1443.7 274.888 80.8099 194.078 41683.9 29790.8 11893.1 2129.98 1581.32 9763.12 4064.2 5698.92 27956.6 12481 15475.6 1834.24
internal_count=2756687 579325 522093 102060 420033 95819 62237 13608 401848 398948 375385 48629 57232 5175 5065 6241 5700 23563 2177362 464345 91445 20724 3924 168 1713017 21749 21586 16800 9664 18185 70721 53328 11550 2853 817 2036 372900 289315 83585 17928 14158 65657 22048 43609 258961 86721 172240 30354
is_linear=0
shrinkage=0.12179


Tree=86
num_leaves=49
num_cat=0
split_feature=7 4 2 6 2 1 1 2 8 0 4 7 0 3 7 6 1 0 0 4 1 10 0 8 7 6 2 6 6 6 6 3 3 0 10 2 2 6 7 6 6 2 7 6 0 0 2 0
split_gain=10.8313 45.6397 48.5258 35.8816 35.6088 36.5938 52.0405 30.0534 25.8491 30.2922 22.8681 22.2596 31.1347 32.2794 20.6252 17.1918 17.0354 42.8309 50.7895 45.92 40.2835 33.7485 86.7505 40.0665 27.4888 27.4034 29.2486 46.5824 33.4583 23.1458 21.4886 21.2794 21.1556 50.6496 22.4998 21.0621 33.3848 19.1404 18.8466 18.5639 17.3173 67.1003 17.0157 16.613 31.5522 38.9832 16.328 16.2427
threshold=257.50000000000006 1196.0000000000002 705.50000000000011 46.500000000000007 1779.5000000000002 4.5000000000000009 6.5000000000000009 1700.5000000000002 0.80235441454681389 5.5000000000000009 1209.0000000000002 263.50000000000006 4.5000000000000009 8.5000000000000018 280.50000000000006 191.50000000000003 2.5000000000000004 7.5000000000000009 2.5000000000000004 1663.0000000000002 1.5000000000000002 0.78012351836885896 5.5000000000000009 0.84698799222000154 205.50000000000003 287.50000000000006 1700.5000000000002 288.50000000000006 309.50000000000006 278.50000000000006 173.50000000000003 8.5000000000000018 9.5000000000000018 8.5000000000000018 0.8034400510947084 1000.5000000000001 1079.5000000000002 254.50000000000003 219.50000000000003 45.500000000000007 313.50000000000006 1355.5000000000002 253.50000000000003 302.50000000000006 2.5000000000000004 4.5000000000000009 1520.5000000000002 3.5000000000000004
decision_type=2 2 2 2 2 2 2 2 2 2 2 2 2 2 2 2 2 2 2 2 2 2 2 2 2 2 2 2 2 2 2 2 2 2 2 2 2 2 2 2 2 2 2 2 2 2 2 2
left_child=16 4 3 10 5 11 8 -8 -7 -10 -3 46 13 -13 -14 -6 17 18 19 37 24 22 -22 -23 30 29 -27 -28 -29 32 -20 -26 33 -19 -34 -31 -37 38 -1 -21 42 -42 43 -18 -45 -46 -2 -48
right_child=1 2 -4 -5 15 6 7 -9 9 -11 -12 12 14 -15 -16 -17 40 25 20 39 21 23 -24 -25 31 26 27 28 -30 35 -32 -33 34 -35 -36 36 -38 -39 -40 -41 41 -43 -44 44 45 -47 47 -49
leaf_value=-0.0045029748319582851 0.012823561942995226 -0.19830029938884908 -0.0022752773157061657 -0.020438918430334019 0.089538999748985451 -0.002154880316164494 -0.0024985469292899947 -0.095812089613969503 0.044156870665727481 0.01486911206172487 -0.069602842960570413 0.001218948545168705 -0.0076342284112305937 -0.027370746750827152 0.01272504090378907 -0.015994507366921474 -0.0007107015891674338 0.0026065090664975773 0.0041451937170907949 0.040036207084136514 -0.020469845831021943 0.01428187888648309 0.022776935478157682 0.0035117032532975614 0.0060927088125536108 -0.0012792702182874113 -0.17264322718117167 0.027942075073068253 -0.059653813305587118 0.084040361718173223 -0.0048598568891862412 -0.026639625898881716 0.0078084295013236635 -0.026082213882695691 -0.0038577657331800557 -0.11431960499970018 0.033455573492917764 0.042089325389360679 0.015633287586025852 0.010098897976169644 -0.017259026018404192 0.035113889741937278 -0.021001390108823889 0.038730342845921535 -0.085782232041480291 -0.013932202269304245 0.11041241483314541 0.021540579855317203
leaf_weight=21172.070943291299 578.95366170629859 23.379211992025375 2262.2939856648445 375.37889458239079 112.34858686849475 416.80395666882396 898.87051487527788 54.286639429628849 1168.2882048711181 949.56925779953599 165.09476689249277 1235.8704951442778 1103.9762134589255 1113.5772883296013 2226.7875817138702 28.756488919258118 226401.2288356428 1819.5592164313421 19383.293994748965 407.27031630650163 1804.3067511208355 12848.763583899476 1112.0143851190805 8521.1504776403308 442.45816569589078 330.56552670150995 41.558096006512642 88.989866122603416 236.74576781690121 83.094203747808933 4930.364571928978 881.53999003395438 3091.7367695774883 1831.6688001439907 11852.853162182495 27.251212768256664 135.06453032791615 135.37346143275499 712.64588401466608 1250.7627990059555 640.80389878153801 836.54769448935986 618.70194241777062 128.29745846241713 135.64944256842136 642.64194417744875 55.599453046917915 67.580021053552628
leaf_count=145094 4149 189 16955 3193 728 3798 8762 325 10021 9988 1613 8567 10251 6023 22437 142 1853253 24508 179436 2594 10306 102041 7416 100206 4178 2232 204 439 1183 628 29741 5486 19027 21897 106884 203 830 728 4435 6513 4236 5281 4324 694 659 4150 282 458
internal_value=-4.42413e-05 0.00342502 -0.0102425 -0.0422087 0.00728332 0.00641485 0.0164463 -0.00781318 0.0255691 0.0310253 -0.0855671 0.000932856 -0.0015959 -0.0123318 0.00597699 0.0680318 -0.000182319 0.00120674 0.00255237 -0.00209314 0.00475566 0.00831017 -0.00397953 0.00998732 0.00138852 -0.00386213 -0.0275612 -0.051215 -0.0357229 -0.00298434 0.00231913 -0.015701 -0.00347472 -0.0117854 -0.00144426 0.0341738 0.00864558 -0.00356486 -0.00384726 0.0174525 -0.000746296 0.012397 -0.000831487 -0.000776588 -0.0172302 -0.026455 0.0213903 0.0616546
internal_weight=335382 12837.4 2826.15 563.853 10011.3 9870.16 3487.82 953.157 2534.66 2117.86 188.474 6382.34 5680.21 2349.45 3330.76 141.105 322545 93141.1 73602 23678.1 49923.9 24286.2 2916.32 21369.9 25637.7 19539.1 697.859 367.294 325.736 18841.2 24313.7 1324 18595.8 3651.23 14944.6 245.41 162.316 22020.1 21884.7 1658.03 229404 1477.35 227927 227308 906.589 778.291 702.133 123.179
internal_count=2756687 107881 21950 4995 85931 85061 32894 9087 23807 20009 1802 52167 47278 14590 32688 870 2648806 776209 598174 159364 438810 219969 17722 202247 218841 178035 4058 1826 1622 173977 209177 9664 172316 46405 125911 1661 1033 150257 149529 9107 1872597 9517 1863080 1858756 5503 4809 4889 740
is_linear=0
shrinkage=0.12179


Tree=87
num_leaves=49
num_cat=0
split_feature=5 4 4 5 11 5 7 7 6 0 4 4 5 4 0 0 9 9 10 9 9 0 7 10 7 4 4 7 4 5 0 0 5 12 4 7 0 1 4 4 0 9 11 5 4 10 6 11
split_gain=11.1964 60.9364 42.0088 37.6938 35.1471 31.7081 50.8032 30.2998 28.9862 28.2382 24.4529 25.7837 24.4231 65.4596 66.7389 43.4923 101.151 94.9928 51.8976 70.5463 41.0893 54.8496 34.3999 54.0896 30.7516 28.8037 23.9749 23.7194 22.7471 56.363 46.7209 41.2237 29.5042 27.0508 45.3657 31.6667 24.4206 44.6246 21.9921 21.6331 92.5309 68.7533 28.1872 26.4507 35.3521 21.1952 20.1396 19.9496
threshold=94.500000000000014 460.50000000000006 565.00000000000011 104.50000000000001 0.78142991193173494 96.500000000000014 144.50000000000003 54.500000000000007 10.500000000000002 4.5000000000000009 333.50000000000006 334.50000000000006 76.500000000000014 391.50000000000006 5.5000000000000009 2.5000000000000004 0.86613831399738361 0.86613831399738361 0.8719725586164867 0.73796475997026378 0.86765667371301236 4.5000000000000009 122.50000000000001 0.82511594109867792 105.50000000000001 317.50000000000006 603.50000000000011 33.500000000000007 750.00000000000011 127.50000000000001 2.5000000000000004 8.5000000000000018 122.50000000000001 0.83000232769989923 803.00000000000011 267.50000000000006 7.5000000000000009 4.5000000000000009 586.00000000000011 334.50000000000006 2.5000000000000004 0.86746728588673061 0.88504775507428046 64.500000000000014 227.50000000000003 0.82233692244169931 171.50000000000003 0.76235321474247197
decision_type=2 2 2 2 2 2 2 2 2 2 2 2 2 2 2 2 2 2 2 2 2 2 2 2 2 2 2 2 2 2 2 2 2 2 2 2 2 2 2 2 2 2 2 2 2 2 2 2
left_child=1 12 10 4 5 6 -4 38 -9 -3 -2 -12 13 39 46 16 24 18 27 -20 21 -19 23 -18 -14 -26 -6 -17 32 30 -30 -32 -5 35 -35 -31 37 -34 -7 43 42 -42 -41 44 -1 -28 -15 -11
right_child=2 9 3 28 26 7 -8 8 -10 47 11 -13 15 14 -16 17 22 20 19 -21 -22 -23 -24 -25 25 -27 45 -29 29 33 31 -33 36 34 -36 -37 -38 -39 -40 40 41 -43 -44 -45 -46 -47 -48 -49
leaf_value=0.00070737052167926904 0.084214563514234883 -0.0031590261477950328 -0.049412508964040688 0.00069909830789613469 0.0046682167516926927 -0.020217589522923962 -0.2773656573590349 0.019834860124292319 -0.033683381852023887 -0.03002482665265635 -0.12629602628957262 0.0057260791854542069 0.010547965616518081 -0.0032667519532936984 -0.046017116099314283 0.0048835471352679039 -0.048942883032454872 0.053702909881254465 0.095253473965407731 0.011192950406361441 0.010740521348304385 0.01473855867217236 0.0024430365931209551 -0.013850155296564356 0.020798746161132663 -0.019711200682825621 -0.079489202584268254 -0.0056260299513195304 0.006412939181489245 0.0025139214519614454 -0.025046266945489178 0.014138247057341551 0.004029368663059368 0.01377661879698612 -0.002100207583267193 -0.022728898473216394 -0.0032223005743856302 0.021032441774146884 0.017472653198161586 -0.014124536018594898 -0.012362131346837342 0.011908368182157382 -0.040066713686799392 0.0033219204011175449 -0.0057935949260724817 -0.010440429993994858 -0.085171250594124989 -0.012025050872202911
leaf_weight=37410.369755130727 58.832048788666725 5003.548362380825 156.69471544772387 28115.682706717402 2854.4074932187796 413.57645981013775 15.980747789144514 169.95297706872225 1285.6487623229623 1155.1057471036911 21.965716056525707 20146.458026497625 4313.1375939007849 1621.2526798173785 945.94452018663287 4548.022651406005 1043.3326684944332 886.66028175316751 158.31146571040154 2292.4269440462813 5807.8059900118969 1354.4695130782202 744.88776261359453 1734.6013137046248 341.9352667555213 1091.0476660355926 68.342435080558062 10631.062650453299 1332.2687212154269 51584.917089819908 3223.9105785191059 454.35924371145666 5899.990407563746 2776.723203709349 69094.628881528042 747.82333818078041 2348.3615636564791 3741.326788123697 516.29434037208557 1327.8821836505085 3132.3656359314919 3870.3739442736842 1167.4023593366146 24910.548763838131 18564.381132399663 1875.6028265813366 45.788125522434711 4363.2134589198977
leaf_count=381344 303 38525 786 216927 27375 2086 83 880 6779 6282 121 164570 28781 13917 11133 34034 6468 7244 997 24133 69972 15940 4895 15780 2036 6738 390 79973 8312 303108 24586 3745 38414 22584 534451 4504 17355 27075 2955 8090 25899 56950 10883 235546 195569 17560 340 50269
internal_value=-3.6554e-05 -0.000875711 0.000553554 -4.83573e-05 -0.00858279 -0.0201121 -0.0705091 -0.016464 -0.0274347 -0.00978496 0.005811 0.00558229 -0.000143031 -0.00117455 -0.0201783 0.00260186 -0.00454935 0.00518314 0.000178025 0.016623 0.016146 0.0301541 -0.0207982 -0.0270302 0.00541249 -0.0100448 -0.00243617 -0.00247711 0.000322441 -0.000463998 -0.0131282 -0.020206 0.00285625 4.68907e-05 -0.00148681 0.00215321 0.00791475 0.0106274 0.000709252 -0.000625151 -0.00612365 0.00105203 -0.0262614 2.05148e-05 -0.00144872 -0.0128679 -0.0055164 -0.0157928
internal_weight=335370 138466 196904 176676 7356.5 2558.15 172.675 2385.47 1455.6 10521.9 20227.3 20168.4 127944 92996.3 2612.99 34947.7 9268.94 25678.8 17629.8 2450.74 8048.94 2241.13 3522.82 2777.93 5746.12 1432.98 4798.35 15179.1 169320 129215 5010.54 3678.27 40105.4 124204 71871.4 52332.7 11989.7 9641.32 929.871 90383.3 9498.02 7002.74 2495.28 80885.3 55974.8 1943.95 1667.04 5518.32
internal_count=2756687 1331738 1424949 1259955 58894 13569 869 12700 7659 95076 164994 164691 1236662 939671 25390 296991 64698 232293 139137 25130 93156 23184 27143 22248 37555 8774 45325 114007 1201061 901290 36643 28331 299771 864647 557035 307612 82844 65489 5041 914281 101822 82849 18973 812459 576913 17950 14257 56551
is_linear=0
shrinkage=0.12179


Tree=88
num_leaves=49
num_cat=0
split_feature=2 8 4 4 8 6 4 6 11 2 6 8 13 6 0 11 11 0 11 1 1 1 6 2 9 6 6 6 0 11 8 1 8 9 2 6 0 0 8 9 6 6 4 0 8 4 4 4
split_gain=8.94852 44.8664 50.2264 19.2868 18.3381 20.0649 17.4958 15.9117 14.2778 14.0641 89.2033 29.8592 47.3917 28.736 23.6171 20.6124 15.6384 13.6672 16.8953 14.3929 13.5715 27.5075 20.2371 35.4093 16.3343 16.0991 15.0343 18.4933 14.5436 13.6606 13.3997 14.8115 12.9138 20.8486 15.4153 35.014 13.7363 12.5724 12.2712 11.4463 13.0649 15.0201 11.064 10.966 10.7351 10.3973 25.6703 23.3969
threshold=2110.5000000000005 0.8622651991476401 1085.5000000000002 303.50000000000006 0.87366003285681904 110.50000000000001 279.50000000000006 37.500000000000007 0.91657509157509165 2100.5000000000005 109.50000000000001 0.82029770595515661 0.79131645187239752 22.500000000000004 5.5000000000000009 0.94390092879256982 0.80165571975916816 2.5000000000000004 0.88526407749134062 3.5000000000000004 1.5000000000000002 2.5000000000000004 143.50000000000003 2237.0000000000005 0.88782991899232233 121.50000000000001 119.50000000000001 117.50000000000001 7.5000000000000009 0.76450697184481631 0.83205873009260178 4.5000000000000009 0.87366003285681904 0.88294087857349679 2341.0000000000005 66.500000000000014 3.5000000000000004 5.5000000000000009 0.84698799222000154 0.84416833418648307 83.500000000000014 68.500000000000014 2433.0000000000005 1.5000000000000002 0.83205873009260178 370.50000000000006 216.00000000000003 446.50000000000006
decision_type=2 2 2 2 2 2 2 2 2 2 2 2 2 2 2 2 2 2 2 2 2 2 2 2 2 2 2 2 2 2 2 2 2 2 2 2 2 2 2 2 2 2 2 2 2 2 2 2
left_child=9 20 3 6 5 -5 7 -3 32 -1 11 12 -11 -13 -12 44 -16 18 -6 -19 29 22 24 28 -22 26 27 -23 -24 -2 31 -27 33 36 37 -36 -4 -34 -26 43 41 -41 -42 -31 -15 46 -14 -47
right_child=1 2 8 4 17 -7 -8 -9 -10 10 14 13 45 15 16 -17 -18 19 -20 -21 21 25 23 -25 38 30 -28 -29 -30 39 -32 -33 34 -35 35 -37 -38 -39 -40 40 42 -43 -44 -45 -46 47 -48 -49
leaf_value=-9.0686330069370861e-05 0.0076391548545644439 0.027359422832514007 -0.039731086896366938 0.079993834152985624 0.018011519084825806 0.032578997790908122 -0.032536405899846556 0.0045712384388176012 0.045732158951574807 0.10535577827063397 -0.028661931739165463 -0.010470270890586188 0.0015174869700952931 0.062129594851246826 -0.12089241630768177 -0.079127006243557937 -0.057229535158714415 0.050465662396748642 -0.045808032508251127 0.011278391163047692 0.023489643009775341 -0.0053750635525034365 -0.055372426671852444 0.035956708648636919 -0.025311241891204192 -0.024247376239495574 -0.061445834454018744 0.053299243104347749 -0.22438716046498891 -0.084117576797337487 0.036790741658138282 0.02427821931902284 -0.0044882932853967904 0.091201752286454552 0.044547035942657839 -0.26864026946840586 0.017966718323890934 -0.037870789015149398 -0.21130693968327163 -0.0090623308030657098 -0.021063673124544633 0.061552416552188939 -0.14319032532302592 -0.027184188231520263 0.026008156488965206 0.02331754673146004 -0.067234147764928698 -0.025577998541351586
leaf_weight=319461.67190164188 341.11404822021723 801.31554020754993 102.9977402985096 167.73272599279881 160.841233484447 628.12539874389768 125.60380658600479 1050.0323714613914 62.426625551655889 48.539341777563095 192.19051399081945 307.45364787708968 148.61391387879848 214.72129310294986 105.8766738474369 21.900473518297076 124.56804617121816 234.30241583660245 99.649049039930105 341.85765326023102 1107.9002461843193 5640.2915803734213 14.177950620651247 33.720888614654541 44.84116530045867 182.30911521613598 69.717947758734226 80.819892302155495 16.158050261437893 56.658228106796741 255.30906615406275 191.09570326656103 356.87872182205319 38.072299461811781 9.763249874114992 11.569014593958853 150.82774332538247 315.08226066455245 5.9608358964323989 394.94521046243608 27.91740995272994 50.378162536770105 18.160718232393265 438.89626237750053 282.73117664828897 219.3070655465126 175.89437823370099 429.32403582707047
leaf_count=2636785 1746 8049 711 1591 1000 4772 1258 9036 1113 208 1078 2534 856 1598 500 333 764 2935 793 3515 8236 40166 98 204 616 931 397 498 107 309 1580 1100 2454 392 86 112 1783 2530 66 3631 283 421 167 2781 2419 1033 989 2123
internal_value=-2.91039e-05 0.00302772 0.0127264 0.0195404 0.0293373 0.042572 0.0114503 0.0144346 -0.0107504 -0.00015858 -0.0097087 0.00183263 -0.0120921 0.0190393 -0.0601871 0.0365088 -0.0864791 0.0167479 -0.00640228 0.0272144 -0.00200746 -3.26882e-05 0.0167093 -0.049928 0.0203932 -0.0032216 -0.00523123 -0.00454619 -0.145396 -0.0133712 0.0152883 0.000586349 -0.0143294 0.00715979 -0.0233771 -0.125302 -0.005446 -0.0201413 -0.047135 -0.0206328 -0.00746174 -0.00107389 -0.0691973 -0.0336936 0.0415997 -0.0179503 -0.0357482 -0.00904605
internal_weight=335360 13627.5 4657.08 3609.46 1632.51 795.858 1976.95 1851.35 1047.62 321733 2271.12 1848.49 1021.68 826.807 422.635 519.353 230.445 836.65 260.49 576.16 8970.37 7642.3 1222.76 64.0569 1158.7 6419.54 5790.83 5721.11 30.336 1328.07 628.714 373.405 985.191 291.898 693.293 21.3323 253.825 671.961 50.802 986.956 491.402 445.323 46.0781 495.554 497.452 973.139 324.508 648.631
internal_count=2756687 105467 42130 32949 14606 6363 18343 17085 9181 2651220 14435 12093 5209 6884 2342 4350 1264 8243 1793 6450 63337 53999 9327 409 8918 44672 41061 40664 205 9338 3611 2031 8068 2886 5182 198 2494 4984 682 7592 4502 4052 450 3090 4017 5001 1845 3156
is_linear=0
shrinkage=0.12179


Tree=89
num_leaves=49
num_cat=0
split_feature=7 7 0 0 1 3 1 10 0 4 10 1 7 10 4 1 1 7 1 0 1 7 6 10 10 7 3 0 4 3 6 7 7 6 11 6 6 10 10 8 8 6 0 3 1 6 4 10
split_gain=9.22024 32.5798 28.6898 36.25 55.7932 51.8365 58.5374 36.6713 28.3399 38.4266 24.4174 23.1051 20.6639 16.083 15.3503 14.9257 28.6958 27.675 13.5451 34.7344 68.2169 66.7184 51.0196 47.4663 127.867 45.8371 42.6266 28.6849 35.3116 26.6518 25.7939 28.4193 52.0175 26.7213 24.226 22.4214 26.7499 19.9033 19.5225 18.7412 17.7298 15.4855 28.7613 44.315 23.0934 32.5945 30.4675 24.3168
threshold=259.50000000000006 261.50000000000006 8.5000000000000018 7.5000000000000009 4.5000000000000009 14.500000000000002 5.5000000000000009 0.84494585239523412 6.5000000000000009 1663.0000000000002 0.78196678439231604 6.5000000000000009 287.50000000000006 0.81495052016112302 296.50000000000006 3.5000000000000004 4.5000000000000009 303.50000000000006 2.5000000000000004 8.5000000000000018 1.5000000000000002 128.50000000000003 208.50000000000003 0.86356203334513049 0.86681125993101704 76.500000000000014 13.500000000000002 2.5000000000000004 1663.0000000000002 10.500000000000002 287.50000000000006 168.50000000000003 169.50000000000003 278.50000000000006 0.82127197117111994 102.50000000000001 64.500000000000014 0.77413245550436538 0.84494585239523412 0.8622651991476401 0.8622651991476401 210.50000000000003 8.5000000000000018 14.500000000000002 5.5000000000000009 67.500000000000014 1375.5000000000002 0.81495052016112302
decision_type=2 2 2 2 2 2 2 2 2 2 2 2 2 2 2 2 2 2 2 2 2 2 2 2 2 2 2 2 2 2 2 2 2 2 2 2 2 2 2 2 2 2 2 2 2 2 2 2
left_child=18 -2 3 4 8 6 12 -8 9 -3 -6 -12 -5 -10 -7 17 -17 -4 19 27 21 22 39 35 25 -25 -26 28 -1 -24 31 33 -33 -29 40 36 -22 -37 -23 -21 -30 44 -43 -44 45 -20 47 -46
right_child=1 2 15 5 10 14 7 -9 13 -11 11 -13 -14 -15 -16 16 -18 -19 41 20 23 38 29 24 26 -27 -28 30 34 -31 -32 32 -34 -35 -36 37 -38 -39 -40 -41 -42 42 43 -45 46 -47 -48 -49
leaf_value=-0.0030220227818633085 0.031162558061992911 -0.004511144166402469 0.010990610140390123 0.035244881178105363 -0.1215917948010065 0.0083607682191630481 -0.069527247694131863 0.015836147137405526 -0.06590823655341875 -0.042204358188776117 0.021912353967160649 -0.0025166230233264128 -0.0026915283025262661 0.021800831472494189 -0.065849010293881322 -0.015446401120251243 0.035388024759223036 0.062895332720876815 6.3475110241230259e-05 0.0034721569872314876 0.014469860118639388 -0.03387768030025802 -0.10722213387598134 -0.022523666438842283 -0.030725784256268047 -0.16546953387545027 0.02206782097946482 0.0044505002968213544 0.013817926442869168 -0.03299743337313988 -0.01029630247390083 -0.084023027692753605 -0.0021377928592668737 0.033220574419485061 0.035974451259635248 0.07523279244872827 -0.015642145790890898 0.020520066030082419 -0.072682230691564514 -0.015435201762730543 -0.022195010872141041 0.00070684404410907922 -0.0019174352219817766 0.028097244424528871 0.0062865257158416909 -0.0037455143143525159 -0.0054580859807394693 0.00047423826645579063
leaf_weight=22075.853397531435 590.18530445918441 4399.185694642365 369.72333084978163 340.76491180434823 19.163453802466393 47.281508214771748 268.72562770918012 103.35527356341481 32.463713143020868 441.4218185544014 2494.7601450551301 745.9925038293004 567.89611775428057 692.42060262151062 329.2422798499465 385.28365021385252 287.70823263004422 259.18085903301835 63137.653863829561 1960.0552899912 1301.2665963293985 556.63749647140503 88.130713604390621 48.757199129089713 391.23506481433287 104.77360511571169 539.90180678386241 50976.759386592079 811.17288073152304 386.16147632151842 2013.8632839992642 116.98664956633002 7020.4346998799592 483.38821800798178 562.67782849818468 108.22359465062618 659.29186353087425 1111.4742615763098 293.80875086877495 1288.9630805170164 270.35283291339874 23034.822296632454 1417.2228976339102 1503.8775701522827 13875.559170082211 70567.890518710017 9958.9312002584338 46310.187571127433
leaf_count=150257 4440 31841 3530 3457 189 341 2435 1327 383 2857 22730 6620 6052 7154 1940 3569 3115 2516 566964 15002 12447 3726 588 509 6486 1074 5832 469018 3830 2070 11499 979 53221 3250 4000 609 5181 7986 2594 15525 1277 142031 11353 9011 99920 488932 72185 484835
internal_value=-2.40104e-05 0.00323848 0.00184001 -0.000277721 0.00282582 -0.0168049 -0.00512616 -0.0458153 -0.00458532 -0.00794844 0.0154785 0.016289 0.0115353 0.0178728 -0.0565302 0.0188916 0.00628563 0.0323813 -0.000149012 0.00108966 -0.00617396 -0.0165059 -0.00947589 0.00490614 -0.0170942 -0.120074 -0.000114428 0.00185096 -0.0017396 -0.0467895 0.00325611 0.00372187 -0.00347994 0.00472075 0.0154788 0.0124097 0.00434387 0.0253747 -0.0472837 -0.00402884 0.00481564 -0.000651208 0.00215055 0.0135351 -0.00100795 -0.00194686 0.000781733 0.00181424
internal_weight=335351 12374.8 11784.6 10482.7 8825.41 1657.27 1280.74 372.081 5565.49 4840.61 3259.92 3240.75 908.661 724.884 376.524 1301.9 672.992 628.904 322976 93170.2 8838.68 4573.76 3723.31 4264.92 1084.67 153.531 931.137 84331.5 23720.1 474.292 60611.4 58597.6 7137.42 51460.1 1644.2 3180.26 1960.56 1219.7 850.446 3249.02 1081.53 229806 25955.9 2921.1 203850 133706 70144.7 60185.7
internal_count=2756687 104496 100056 87326 71774 15552 13271 3762 42235 34698 29539 29350 9509 7537 2281 12730 6684 6046 2652191 776960 79629 39505 33185 40124 13901 1583 12318 697331 159364 2658 537967 526468 54200 472268 9107 26223 17628 8595 6320 30527 5107 1875231 162395 20364 1712836 1055896 656940 584755
is_linear=0
shrinkage=0.12179


Tree=90
num_leaves=49
num_cat=0
split_feature=2 3 8 1 4 10 6 0 6 4 6 5 4 4 0 0 0 10 10 7 0 0 10 5 1 7 8 10 8 6 0 5 6 0 1 7 2 4 7 0 8 8 1 8 8 8 6 0
split_gain=13.9051 28.9223 23.3222 22.7167 20.8548 16.5373 16.1437 14.5932 13.8205 14.65 18.5673 12.7512 73.1158 29.6394 58.0029 36.0229 31.8693 31.861 23.0859 19.7501 19.0003 33.6921 54.5683 23.3283 33.9923 25.9321 22.5366 34.1329 26.8529 17.5623 18.7961 21.2124 17.1185 17.0904 14.9033 14.7082 13.5569 13.4513 13.4257 29.1249 26.1258 37.661 33.199 19.2129 44.3326 43.5602 16.3717 32.6129
threshold=613.50000000000011 1.5000000000000002 0.83205873009260178 3.5000000000000004 1431.5000000000002 0.82326400988857973 67.500000000000014 3.5000000000000004 107.50000000000001 1209.0000000000002 85.500000000000014 225.50000000000003 1590.0000000000002 1560.0000000000002 2.5000000000000004 8.5000000000000018 1.5000000000000002 0.78196678439231604 0.80216454089062672 6.5000000000000009 6.5000000000000009 5.5000000000000009 0.77719158662646826 244.50000000000003 5.5000000000000009 196.50000000000003 0.82029770595515661 0.77719158662646826 0.87366003285681904 26.500000000000004 2.5000000000000004 217.50000000000003 278.50000000000006 8.5000000000000018 2.5000000000000004 194.50000000000003 2321.0000000000005 1731.0000000000002 44.500000000000007 8.5000000000000018 0.84698799222000154 0.87366003285681904 1.5000000000000002 0.84698799222000154 0.83205873009260178 0.87366003285681904 121.50000000000001 2.5000000000000004
decision_type=2 2 2 2 2 2 2 2 2 2 2 2 2 2 2 2 2 2 2 2 2 2 2 2 2 2 2 2 2 2 2 2 2 2 2 2 2 2 2 2 2 2 2 2 2 2 2 2
left_child=1 3 5 6 -4 -3 -1 -6 9 10 -7 12 38 14 16 -16 18 34 -13 -14 21 26 -23 24 37 -26 27 -15 -28 36 -31 -32 33 -25 -17 -19 -21 -22 39 43 42 -42 -41 44 -2 -45 -40 -48
right_child=11 2 4 -5 7 8 -8 -9 -10 -11 -12 13 19 20 15 17 -18 35 -20 29 23 22 -24 32 25 -27 28 -29 -30 30 31 -33 -34 -35 -36 -37 -38 -39 46 40 41 -43 -44 45 -46 -47 47 -49
leaf_value=0.019080082441864699 0.00075757825260545431 0.019933214650857949 0.044294636999512943 -0.018523903834033701 -0.13025396242123993 -0.014298206652621243 -0.03901226860502064 0.013013050351335544 0.03838798708284534 0.058103615303744853 -0.14639351067677481 0.058403900276723208 -0.07808694505778703 -0.019382099688758946 0.033602373566363551 -0.18786310933542849 -0.030760734956452609 -0.0040530226031642294 -0.0018053964327107337 0.0077100636900454319 0.018432878512048414 0.037196812751904153 -0.018307419456630378 0.0055570660204162991 0.0066599741202562068 -0.052434320958778438 -0.0059920756973221362 0.0093662109762598401 0.010822541586568769 -0.0046004721675031368 -0.055007299411191507 -0.022068933546366909 0.043391559752299996 -0.0073000605122475601 -0.055803897102475269 0.12290551900274378 -0.058397514782576029 0.042846821676302584 -0.00018375559693506078 -0.008387272176926093 -0.011328363522944904 0.01113349637861877 0.015881571974975816 0.006516717829507474 -0.0069596395209723227 -0.0015247359454296737 0.0037142367246767853 -0.0043596896300367284
leaf_weight=564.69597207382321 43219.851583917625 853.5733539108187 531.96691164560616 849.49571380764246 17.232309861108661 503.60604044888169 81.152673181146383 27.178433306515217 90.217327637597919 39.939885459840298 16.293830905109644 122.46862268447876 86.786288611590862 682.19071517139673 1574.7599729765207 18.394959554076195 501.43335471302271 111.72747429646552 412.99969732761383 460.42635275050998 1028.2633230686188 290.65713734924793 2734.381920164451 4676.3100342359394 441.42290440015495 146.76812401786447 7527.7802104521543 6004.179795678705 1733.0995451882482 525.24805642664433 407.8819600045681 1003.4935273285955 146.62062156200409 2281.7767936196178 40.767252117395401 15.400563556700943 51.121546994894743 496.31272569485009 141973.63624954969 995.34946931712329 2242.9193186527118 2186.5483448756859 5225.0939018111676 18840.627039993182 14829.94945599325 21273.976665642578 9203.527844324708 38305.910364402458
leaf_count=5788 303140 9568 12140 8582 149 9190 747 357 1476 597 214 585 623 3603 9451 101 2573 723 2205 3551 7220 1936 18239 32526 3399 1206 44110 34269 11289 3143 2957 7700 823 15294 240 102 478 4574 1229855 7009 21982 34067 42606 173852 114720 259508 51037 258489
internal_value=-7.07793e-05 0.00748382 0.0167715 -0.00543519 0.037601 0.008787 0.0117806 -0.0425776 -0.00584881 -0.0129775 -0.0184381 -0.00015218 -0.000394487 0.00220017 0.0141559 0.0276113 -0.00869653 -0.0230325 0.0119653 -0.020991 0.00101351 -0.00119038 -0.0129744 0.00554979 0.0167853 -0.00808551 0.00104492 0.00643311 -0.00284535 -0.018967 -0.0242685 -0.031588 0.00220861 0.00134081 -0.0968643 0.011327 0.0011036 0.0263806 -0.000219457 0.000858737 0.00690802 -0.000240362 0.0119983 0.000202448 -0.00121393 0.00225209 -0.00083863 -0.00279561
internal_weight=335395 3575.35 2080.01 1495.34 576.378 1503.63 645.849 44.4107 650.057 559.84 519.9 331820 300832 30987.7 2797.95 1761.05 1036.9 186.29 535.468 2534.96 28189.8 18972.3 3025.04 9217.47 2112.77 588.191 15947.3 6686.37 9260.88 2448.17 1936.62 1411.38 7104.71 6958.09 59.1622 127.128 511.548 1524.58 298297 108814 10649.9 4429.47 6220.44 98164.4 58049.8 40114.6 189483 47509.4
internal_count=2757993 48808 33691 15117 12646 21045 6535 506 11477 10001 9404 2709185 2514717 194468 15980 10617 5363 1166 2790 18452 178488 113446 20175 65042 16399 4605 93271 37872 55399 17829 13800 10657 48643 47820 341 825 4029 11794 2496265 956884 105664 56049 49615 851220 417860 433360 1539381 309526
is_linear=0
shrinkage=0.12179


Tree=91
num_leaves=49
num_cat=0
split_feature=2 3 8 9 8 13 9 0 6 7 0 0 6 7 5 5 0 5 13 5 5 13 6 5 5 7 9 2 5 0 2 9 8 2 5 13 11 3 0 0 5 11 9 0 0 11 0 8
split_gain=10.9161 22.7403 19.1769 16.9572 16.9222 15.7673 14.5783 12.0147 11.1738 11.1926 10.7983 23.9171 22.581 15.4424 14.7137 12.6256 10.2363 12.7805 30.8718 21.3612 9.91077 51.2082 19.3564 51.4002 26.1907 26.2731 23.2917 19.7695 17.4993 73.1256 25.2132 38.5803 24.2072 22.5782 21.3908 16.6886 25.5735 15.5585 22.722 27.5448 15.5025 14.9741 14.8694 14.4339 13.8953 13.7032 13.2611 34.9396
threshold=613.50000000000011 1.5000000000000002 0.83205873009260178 0.92364428821809452 0.8622651991476401 0.85034967387616767 0.92136508925692795 6.5000000000000009 5.5000000000000009 94.500000000000014 8.5000000000000018 7.5000000000000009 14.500000000000002 12.500000000000002 149.50000000000003 256.50000000000006 5.5000000000000009 79.500000000000014 0.85034967387616767 99.500000000000014 225.50000000000003 0.80270720900287384 125.50000000000001 217.50000000000003 192.50000000000003 7.5000000000000009 0.8604297244941671 906.50000000000011 204.50000000000003 2.5000000000000004 1630.5000000000002 0.84545679980169808 0.87366003285681904 1519.5000000000002 205.50000000000003 0.80270720900287384 0.85871623605402247 6.5000000000000009 2.5000000000000004 8.5000000000000018 204.50000000000003 0.88433629246803291 0.84449626669010347 2.5000000000000004 5.5000000000000009 0.83952497675082161 2.5000000000000004 0.90286652329037753
decision_type=2 2 2 2 2 2 2 2 2 2 2 2 2 2 2 2 2 2 2 2 2 2 2 2 2 2 2 2 2 2 2 2 2 2 2 2 2 2 2 2 2 2 2 2 2 2 2 2
left_child=1 10 3 16 6 -6 -4 -5 -9 -10 11 -1 13 -13 -14 -16 -3 18 -18 -19 21 22 24 40 -2 45 -27 -25 46 32 33 -32 34 -31 -30 37 43 38 -22 -40 -24 -42 -34 -37 -38 -26 47 -23
right_child=20 2 4 7 5 -7 -8 8 9 -11 -12 12 14 -15 15 -17 17 19 -20 -21 35 28 23 27 25 26 -28 -29 29 30 31 -33 42 -35 -36 36 44 -39 39 -41 41 -43 -44 -45 -46 -47 -48 -49
leaf_value=-0.0022804622765296976 -0.18303780965754043 0.0027180494102952138 0.064413653847781832 -0.032902456986091747 -0.033595873228480309 0.03077747591719502 -0.060363546948544997 -0.39091672622233992 -0.27954503475706516 0.034320133549780314 0.02889055169418114 -0.035688485063024848 -0.14946771369358072 0.10211831251691832 -0.031336065607580593 -0.2231407121929265 -0.20667407799537638 0.085913294263479087 0.0098090450592617055 0.018271728742971196 0.024257253294769413 0.0019030412276393228 -0.0094676905888845964 0.04100311215009321 -0.11344676904247911 0.0086795139290353259 -0.011653539270962852 -0.0095376634251347486 0.022869503615881616 0.015225230191557025 -0.0074787890729875383 0.038284888111447125 0.064889275313627079 0.042550229379788494 -0.03152916237315017 0.0062587385013864591 -0.036807631472491754 0.0016292368238620307 -0.057961785062855459 0.052465412077729624 -0.054368537099888495 0.032135149640145473 -0.001206882741674823 0.032297031281767072 0.076087528978145288 -0.027389618789299647 -0.00074994820493652994 -0.0079229226314228452
leaf_weight=1221.9525775676593 12.464818894863127 959.75072204228491 241.81600279174745 33.588310936465859 75.270271735265851 225.56529051344842 14.734866576269267 2.8217286951839906 2.9948857575654984 3.8538581468164921 129.42845699191093 38.985372685827315 37.629733685404062 17.464507933706045 49.982788529247046 5.6676399931311598 10.516249611973761 96.247885297983885 137.86032218113542 246.87756868265569 107.0976530611515 68732.508172910661 166.13185315951705 132.59697636403143 48.051558323204517 1296.9650051742792 2349.2635220196098 855.19527159817517 119.74453032016754 2544.944895029068 1373.5744402557611 341.09301482513547 64.694761320948601 544.49260164983571 1024.9971441365778 564.1868961378932 177.23299991153181 29094.525733483955 231.84914129786193 39.164667185395956 698.29309579357505 30.999713223427534 229.84836505353451 717.18858496844769 17.794611562043428 64.000144876539707 214436.14278319851 5822.4140392784029
leaf_count=11861 65 11095 4749 658 1174 6406 317 94 81 93 1502 385 310 327 685 47 92 2138 3047 3747 827 460587 1026 913 328 8303 20552 4575 732 19093 6994 2508 368 3342 5437 2688 1611 182346 2458 492 3793 431 1529 3858 188 692 1922912 50537
internal_value=-6.01838e-05 0.00665463 0.0149884 0.007798 0.0342677 0.014671 0.0572471 -0.0673421 -0.186961 -0.10293 -0.0047369 -0.0079099 -0.053852 0.00694629 -0.0906449 -0.0508701 0.0100378 0.0243309 -0.00553428 0.0372454 -0.00013208 -0.000345543 -0.0118267 -0.0219101 -0.00679069 -0.00620615 -0.00442106 -0.00275329 -0.00012567 0.00625357 0.013468 0.00162482 -0.0178271 0.0200411 -0.0258388 0.00194322 0.0145791 0.00131024 -0.0232358 -0.0420038 -0.0430431 -0.0506916 0.0133108 0.0208324 -0.0265069 -0.0642938 -0.000263488 0.00113568
internal_weight=335390 3553.01 2051.9 1494.51 557.386 300.836 256.551 43.2588 9.67047 6.84874 1501.11 1371.68 149.73 56.4499 93.2802 55.6504 1451.25 491.502 148.377 343.125 331837 300888 5653.96 1883.22 3770.75 3758.28 3646.23 987.792 295234 6243.39 4804.1 1714.67 1439.28 3089.44 1144.74 30949 1476.4 29472.6 378.111 271.014 895.425 729.293 294.543 1281.38 195.028 112.052 288991 74554.9
internal_count=2757993 48808 33691 21045 12646 7580 5066 926 268 174 15117 13615 1754 712 1042 732 20119 9024 3139 5885 2709185 2514717 40678 10738 29940 29875 28855 5488 2474039 40003 31937 9502 8066 22435 6169 194468 8345 186123 3777 2950 5250 4224 1897 6546 1799 1020 2434036 511124
is_linear=0
shrinkage=0.12179


Tree=92
num_leaves=49
num_cat=0
split_feature=9 2 10 8 10 5 9 6 2 2 4 4 6 9 2 8 0 2 0 12 2 2 0 8 8 9 2 9 9 10 2 5 12 5 5 0 0 2 6 9 6 0 8 2 5 8 5 10
split_gain=9.1867 9.65087 9.00042 37.6422 60.0327 44.7533 26.5514 25.5787 24.8845 141.654 40.3142 62.2108 54.769 43.4469 52.0027 38.468 46.7688 35.9322 34.9847 34.0492 27.4857 23.366 22.8324 66.2653 129.309 82.8273 61.1083 70.8465 54.4853 44.0329 43.6392 29.2264 26.6433 25.8017 23.3584 22.4828 64.4091 62.5174 65.1738 57.7306 37.9144 22.3213 25.664 18.855 18.7889 18.5599 18.7908 17.9059
threshold=0.71628202077880887 1305.5000000000002 0.80216454089062672 0.84698799222000154 0.78196678439231604 214.50000000000003 0.82099742410064558 140.50000000000003 1429.5000000000002 1345.5000000000002 446.50000000000006 400.50000000000006 26.500000000000004 0.79225961247450971 1839.5000000000002 0.82029770595515661 1.5000000000000002 1344.5000000000002 8.5000000000000018 0.83000232769989923 1050.5000000000002 915.50000000000011 8.5000000000000018 0.84698799222000154 0.87366003285681904 0.78902747439572751 1300.5000000000002 0.73796475997026378 0.7850814339496871 0.84858761752253664 1305.5000000000002 311.50000000000006 0.89662552395656048 117.50000000000001 329.50000000000006 5.5000000000000009 4.5000000000000009 1115.5000000000002 159.50000000000003 0.8604297244941671 258.50000000000006 8.5000000000000018 0.87366003285681904 1179.5000000000002 202.50000000000003 0.83205873009260178 329.50000000000006 0.77089915842315093
decision_type=2 2 2 2 2 2 2 2 2 2 2 2 2 2 2 2 2 2 2 2 2 2 2 2 2 2 2 2 2 2 2 2 2 2 2 2 2 2 2 2 2 2 2 2 2 2 2 2
left_child=1 -1 3 8 7 6 -6 41 9 17 11 19 -13 14 -12 16 -11 20 -17 -10 -2 -7 34 25 29 26 27 -24 -28 33 32 -32 -26 -25 35 36 43 38 -37 -38 -39 42 -5 -4 -31 46 -27 -15
right_child=2 -3 22 4 5 21 -8 -9 10 15 13 12 -14 47 -16 18 -18 -19 -20 -21 -22 -23 23 24 30 45 28 -29 -30 44 31 -33 -34 -35 -36 37 39 40 -40 -41 -42 -43 -44 -45 -46 -47 -48 -49
leaf_value=-0.10177302800608902 -0.0034550991310596121 -0.016377791264656466 -0.0030032145117166744 0.014341451786876845 -0.013942471974784963 0.050475572784384713 0.033324178121378036 -0.013876719599540503 -0.0022823867429159739 0.021186348750549217 0.0051848057415618915 -0.00058639610742907853 -0.057476184713500002 -0.00089068568692161757 -0.02735094486440481 -0.0070447236483251264 -0.056678182613836128 0.059790952812140273 -0.078021061652709403 0.036804820581140034 0.0051564371223164025 -0.1621651616435649 0.0083331657773647282 -0.01489203127835916 -0.009234861530812254 0.010090261363751326 0.0082137220755425771 -0.047697034106086868 -0.067470244186328299 -0.031519066194723444 0.019444277592878905 -0.085547041748455996 0.039475562645481882 0.0074131230630405586 0.0096580310223739543 0.007423384682575777 0.0099289516796305516 -0.0050748260866762184 -0.0077091166408705869 -0.0024187445068941152 0.008219898733336832 -0.014723685483714699 -0.0033546214164038063 -4.0854637641187332e-06 0.0075322386307486045 0.019332349097883107 -0.049585166436198397 0.012443010709416922
leaf_weight=24.420624870806932 14725.826306525618 100.06551793962717 46717.694284719881 3821.6316986046731 194.54179917648435 10.570809274911879 1877.6762319505215 1108.2926482819021 5090.0329437386245 129.03421038389206 2188.7541895955801 447.08186528086662 572.34018728137016 1779.059994161129 1092.2974750474095 894.39150597155094 1010.1796720847487 148.8311779871583 116.41617602109909 353.52617247775197 8772.5238231644034 27.883918888866901 531.19482150301337 2280.764613378793 1779.1325907763094 6966.1410854570568 2576.2445036508143 905.03375333361328 149.26325538009405 2352.1605893885717 3308.4756757421419 39.799990573897958 183.76107076229528 1160.7047115247697 3198.5183842740953 15414.334037776105 16433.450270653702 59548.658878996968 5813.7875925926492 8532.4466460733674 3361.3568774610758 675.43458254635334 1782.6303618960083 92963.824727271684 198.14193603862077 4651.502382482402 79.155591171234846 9319.3697927184403
leaf_count=141 103073 513 407196 24815 1470 64 13627 6352 28103 603 9964 2736 3014 9143 5023 5061 6032 830 661 2037 51456 261 4085 21884 30875 65249 13039 6699 748 26527 38867 221 4055 9574 18923 239857 150849 510465 52948 123259 20745 4458 11060 626551 1670 42186 528 50496
internal_value=-5.1151e-05 -0.0331299 -3.88693e-05 0.00136822 0.00835641 0.0264709 0.0288867 0.00318129 -5.50009e-05 -0.00258363 0.00307475 -0.00491477 -0.0325264 0.0066657 -0.0056467 -0.0325136 -0.0478588 0.000137629 -0.0152192 0.00025609 -0.000240197 -0.103712 -0.000321846 0.00303306 -0.00409239 0.00811163 -0.00664414 -0.026974 0.00406887 -0.0163568 0.00974365 0.0181963 -0.00467472 -0.00736917 -0.000683473 -0.000816429 1.12122e-05 -0.00243601 0.00327902 0.00570895 -0.00436447 0.00619183 0.0087126 -0.00100717 -0.028485 0.0133618 0.00941979 0.0103056
internal_weight=335408 124.486 335284 56138.3 9498.66 2110.67 2072.22 7387.99 46639.7 25797.2 20842.5 6462.98 1019.42 14379.5 3281.05 2150.02 1139.21 23647.2 1010.81 5443.56 23498.4 38.4547 279146 27161.5 11302.9 15858.5 4161.74 1436.23 2725.51 5991.77 5311.17 3348.28 1962.89 3441.47 251984 248786 164647 84138.1 21228.1 24965.9 62910 6279.7 5604.26 139682 2550.3 11696.8 7045.3 11098.4
internal_count=2757993 654 2757339 340339 62107 15422 15097 46685 278232 167716 110516 35890 5750 74626 14987 12357 6635 155359 5722 30140 154529 325 2417000 266207 133673 132534 24571 10784 13787 59655 74018 39088 34930 31458 2150793 2131870 1307855 824015 292805 274108 531210 40333 35875 1033747 28197 107963 65777 59639
is_linear=0
shrinkage=0.12179


Tree=93
num_leaves=49
num_cat=0
split_feature=4 5 4 6 0 7 5 4 5 1 4 7 4 0 12 0 7 4 0 9 4 6 0 9 0 4 5 10 1 0 9 5 6 10 12 5 4 12 4 7 9 5 9 0 11 10 11 0
split_gain=8.36787 37.1988 69.6289 61.4393 56.306 38.8262 35.966 35.3132 35.5092 30.2518 25.1395 31.4258 22.4027 25.5392 28.0059 29.4282 21.1491 61.0098 20.4618 45.3587 43.0415 19.4209 34.9186 19.0273 21.5643 17.5798 37.0168 38.4399 34.3444 19.9339 17.7194 16.8998 16.6524 31.9171 33.0545 40.8548 31.1747 30.3747 31.3672 25.7608 16.5852 42.8978 17.1388 74.4505 16.4306 16.0365 25.9426 23.9934
threshold=227.50000000000003 69.500000000000014 348.00000000000006 106.50000000000001 5.5000000000000009 6.5000000000000009 50.500000000000007 369.50000000000006 91.500000000000014 5.5000000000000009 508.50000000000006 16.500000000000004 155.50000000000003 5.5000000000000009 0.80389237169954297 8.5000000000000018 109.50000000000001 391.50000000000006 2.5000000000000004 0.85881408523073288 391.50000000000006 100.50000000000001 6.5000000000000009 0.88580419580419589 1.5000000000000002 526.50000000000011 98.500000000000014 0.83239087951515767 5.5000000000000009 8.5000000000000018 0.73796475997026378 45.500000000000007 10.500000000000002 0.79528251122794547 0.83000232769989923 58.500000000000007 331.50000000000006 0.80389237169954297 236.50000000000003 87.500000000000014 0.73796475997026378 77.500000000000014 0.88509204033473221 1.5000000000000002 0.78233137434625555 0.8632949920459615 0.89277027289149136 6.5000000000000009
decision_type=2 2 2 2 2 2 2 2 2 2 2 2 2 2 2 2 2 2 2 2 2 2 2 2 2 2 2 2 2 2 2 2 2 2 2 2 2 2 2 2 2 2 2 2 2 2 2 2
left_child=6 2 32 16 -5 -6 12 9 10 40 18 -12 13 31 15 -15 -4 -18 19 -9 -20 -11 -23 24 -14 28 27 -27 29 -10 -30 -1 45 34 35 -34 -36 38 -35 -39 41 -3 -42 -44 -24 -2 47 -47
right_child=1 7 3 4 5 -7 -8 8 25 21 11 -13 23 14 -16 -17 17 -19 20 -21 -22 22 44 -25 -26 26 -28 -29 30 -31 -32 -33 33 37 36 -37 -38 39 -40 -41 42 -43 43 -45 -46 46 -48 -49
leaf_value=0.0016646893871417121 0.0081617211907977025 0.0070719463777804718 -0.0060832207564725724 -0.038032266177003053 -0.032186579652016219 -0.20505741491588642 0.0052425677072103945 0.00058692543769896255 0.0028958107982638807 0.016953768558036337 0.0054908728753765845 -0.026019620788965567 -0.036992827084905124 -0.027402249757935329 -0.00064433678784768186 0.009089273363619017 -0.097756822963112597 0.067776200970563472 0.0094277526273432149 -0.018119247346317566 -0.0038814068105298017 0.013060456681172377 0.01863594851915009 0.0019323615705348933 -0.0099326407017043643 -0.027507048918942255 0.00028414693476294401 -0.0036216843105670079 0.052942866063633201 -0.014224047699041276 0.013227982035426692 0.014082027453126729 -0.14805621051861156 -0.035512030130620542 0.016912758349638565 -0.036261444228332593 -0.047656350755883578 0.0013246075639235515 -0.0080199672332010637 -0.0091026089272938683 0.00019570663002965665 0.091190261332953118 -0.032616113798824856 0.020226826374433154 -0.028809417081722088 -0.020448057697761653 -0.00127846341372513 -0.11770870148297516
leaf_weight=7759.1877192836255 3261.5662765139714 518.5295514985919 484.49828478042036 124.33849252387881 25.957408592104912 74.811178125441074 20343.093590444885 3949.4042375311255 10360.193653723225 3959.53246631613 672.74781077727675 1553.573510594666 507.68301195651293 1353.5573706775904 4689.881360210944 432.5444229952991 129.64343407377601 44.314405385404825 4490.1369312657043 3746.732506101951 18266.519938164391 1530.1604022402316 133.78812646120787 1689.125345278997 3129.1156485001557 1399.1061007101089 182423.65385260712 3498.2365032224916 176.0875910371542 1117.6501531843096 3103.91551014781 2056.622237299569 54.866990551352501 699.25638814270496 336.58271962404251 416.94960620254278 165.42005213350058 14178.910418877378 5144.0076131327078 4672.4359337342903 17848.556144085713 108.79038527607918 482.87684966810048 2184.7994357333519 567.49256787821651 118.98523336090147 1370.4461484514177 55.017733581364155
leaf_count=72827 29530 2985 5706 847 180 548 187505 25244 83356 45370 5347 14405 3875 10497 58906 3439 1110 310 46883 28625 171240 13149 810 26374 33292 8368 1304007 33174 1155 9746 31328 17490 251 5336 2564 2153 932 166470 39608 50111 148657 691 3848 31366 5770 1003 21046 559
internal_value=-4.17547e-05 -0.000271784 -0.00423603 -0.0379399 -0.0928667 -0.160527 0.00156694 0.000202517 -0.000279872 0.00434544 -0.00400462 -0.0164978 -0.00189196 0.000349696 -0.00558693 -0.018565 -0.0191621 -0.0555886 -0.00309127 -0.00851985 -0.00125536 0.011833 0.00274654 -0.00874909 -0.0137101 0.000322474 3.63191e-06 -0.0104454 0.00436952 0.00122877 0.0153601 0.00426639 -0.00325883 -0.00449073 -0.0261171 -0.0492619 -0.00436407 -0.00363791 -0.0113099 -0.00125985 0.00215303 0.0216598 0.00155658 0.0106617 -0.0197579 0.0033206 -0.00690288 -0.0512008
internal_weight=335411 293450 31358 883.563 225.107 100.769 41960.8 262092 234758 27334.5 32679.1 2226.32 21617.7 16291.8 6475.98 1786.1 658.456 173.958 30452.8 7696.14 22756.7 6190.97 2231.44 5325.92 3636.8 202079 187321 4897.34 14757.8 11477.8 3280 9815.81 30474.4 25668.4 973.819 471.817 502.003 24694.6 5843.26 18851.3 21143.6 627.32 20516.2 2667.68 701.281 4806.02 1544.45 174.003
internal_count=2757993 2343788 328264 8701 1575 728 414205 2015524 1762878 252646 291744 19752 226700 163159 72842 13936 7126 1420 271992 53869 218123 65099 19729 63541 37167 1471134 1345549 41542 125585 93102 32483 90317 319563 267425 5900 2404 3496 261525 44944 216581 187547 3676 183871 35214 6580 52138 22608 1562
is_linear=0
shrinkage=0.12179


Tree=94
num_leaves=49
num_cat=0
split_feature=2 3 8 8 9 5 9 10 11 11 6 4 9 7 5 2 6 11 9 11 6 2 9 9 2 2 2 9 6 10 9 10 11 6 5 2 4 2 4 6 11 11 5 2 2 2 8 2
split_gain=8.77245 18.7894 14.9303 14.534 13.9017 12.8393 11.9303 10.2267 14.7696 11.3722 10.0108 12.4581 12.3389 9.50737 18.5087 15.2996 24.5794 13.7656 13.4906 21.5734 18.1073 17.2837 26.6199 33.5374 25.8179 19.1005 25.5631 17.1644 15.2257 12.8455 10.9111 13.207 12.5488 10.6296 11.2576 10.9118 29.1023 26.2702 19.0734 13.8573 10.6109 15.2642 24.4506 31.5697 28.7449 13.2158 39.4489 16.4647
threshold=613.50000000000011 1.5000000000000002 0.83205873009260178 0.8622651991476401 0.89874539480046922 189.50000000000003 0.92136508925692795 0.82326400988857973 0.74153760788595213 0.91657509157509165 4.5000000000000009 256.50000000000006 0.88294087857349679 15.500000000000002 30.500000000000004 2240.5000000000005 6.5000000000000009 0.89579607392267091 0.87679431950934583 0.89976347055761041 24.500000000000004 1215.5000000000002 0.73796475997026378 0.78902747439572751 1150.5000000000002 1705.5000000000002 1715.5000000000002 0.86916545211407292 90.500000000000014 0.8632949920459615 0.88294087857349679 0.78196678439231604 0.82038159910936936 46.500000000000007 27.500000000000004 1839.5000000000002 73.000000000000014 1600.5000000000002 85.000000000000014 13.500000000000002 0.85195588847274251 0.84900346264585125 67.500000000000014 1455.5000000000002 834.50000000000011 2115.5000000000005 0.84698799222000154 2004.5000000000002
decision_type=2 2 2 2 2 2 2 2 2 2 2 2 2 2 2 2 2 2 2 2 2 2 2 2 2 2 2 2 2 2 2 2 2 2 2 2 2 2 2 2 2 2 2 2 2 2 2 2
left_child=1 10 4 6 7 -5 -4 -3 -9 -10 -1 12 -12 14 33 40 17 -17 21 20 29 22 24 -24 -16 27 -27 -23 -21 -20 31 -18 -33 35 -35 37 -37 39 -38 -2 41 45 44 -44 -43 47 -47 -15
right_child=13 2 3 5 -6 -7 -8 8 9 -11 11 -13 -14 15 18 16 30 -19 19 28 -22 25 23 -25 -26 26 -28 -29 -30 -31 -32 32 -34 34 -36 36 38 -39 -40 -41 -42 42 43 -45 -46 46 -48 -49
leaf_value=0.022595998185764379 -0.02164859033450818 0.020736349228646565 0.060018326147021017 0.022722806953021448 -0.023937417287127189 -0.052355283113905665 -0.050371293267714196 -0.12108608543154584 0.0078318004064120619 -0.055959829968420312 -0.045004773260110008 -0.0030285090524016702 0.068511427727706173 -0.00098527912455420477 0.021843378195705927 -0.032669978692429713 0.078499388005172435 -0.20882224266768909 -0.011193567803569521 -0.0015477747833273589 -0.030066145015123689 0.0088354783428557949 -0.023415395503007648 -0.0013890980131958137 -0.013949191871073288 -0.018265880847856745 0.0026767935710138224 -0.018856511331454495 0.027329722448106653 0.029708692680177753 0.050680184521634836 -0.0091763215484421089 0.027532672419229149 -0.17138319864789603 -0.038328360618289807 -6.2738625229388399e-05 -0.10203381288061023 0.050450250999631463 -0.026011979490474346 0.04861181009315662 0.00055468861934945552 -0.13708848171307095 -0.017830299422821563 0.0076442807136949415 -0.027365188302116032 -0.017994428195547071 0.011900043790710297 0.004142485949327885
leaf_weight=180.45198451448232 370.42895760387182 772.09579076990485 228.51481416448951 257.0994386584498 184.45242961775512 38.897647857666016 15.507094612345098 14.820077285170553 471.69386543519795 45.444982435554266 182.4408651702106 1125.5083664804697 15.402122054249046 162109.71150396019 1183.8366084154695 70.767395526170731 45.096209473907948 7.2547898869961491 541.78519300930202 2711.7526343078353 739.67501460947096 10946.723356291652 1184.0064404085279 7651.190530101303 399.89440287277102 905.87164749950171 18933.979723822325 342.38737842440605 300.86663120891899 144.20002117939293 162.81400635652244 264.99127293378115 288.51789960637689 11.541852600872515 51.598725852556527 295.16737348027527 89.509671404957771 122.22109699435532 108.03679666668177 46.909739480353892 105699.58808182739 40.657395027577877 1527.9073129333556 1367.2761913202703 274.64912412688136 2119.0711693428457 947.50737613067031 9852.3825916461647
leaf_count=1773 3690 8944 4749 7179 3293 401 317 111 7700 997 1288 11888 168 1006629 9858 770 310 65 4781 42982 6754 89410 8889 85324 3134 4901 125805 4483 4496 1295 2078 1926 3012 79 402 2078 621 1057 649 607 1195593 434 14034 9432 2078 11937 6089 53503
internal_value=-3.42649e-05 0.00600301 0.0136509 0.030998 0.00735754 0.0128566 0.0530033 0.0117841 -0.00120947 0.00222594 -0.00431347 -0.00798284 -0.0361675 -9.85259e-05 0.00150469 -0.000363581 0.0160542 -0.0490493 0.00187738 -0.00450496 -0.0168481 0.00255916 -0.00173448 -0.00434085 0.0128057 0.00399625 0.00172057 0.00799561 0.00133619 -0.00259556 0.0227253 0.0151219 0.00995832 -0.0141411 -0.0626503 -0.011174 -0.0242773 0.000791734 -0.060458 -0.0137512 -0.000412118 -0.000985455 -0.0093072 -0.0057997 -0.0415135 -0.000832812 -0.00875767 -0.000691489
internal_weight=335392 3532.33 2028.53 540.019 1488.51 295.997 244.022 1304.05 531.959 517.139 1503.8 1323.35 197.843 331860 47081.6 284778 839.442 78.0222 45986.2 4438.28 1425.66 41547.9 10418.9 8835.2 1583.73 31129 19839.9 11289.1 3012.62 685.985 761.419 598.605 553.509 1095.41 63.1406 1032.27 492.714 539.56 197.546 417.339 283939 178239 3210.49 2895.18 315.307 175029 3066.58 171962
internal_count=2757993 48808 33691 12646 21045 7580 5066 17752 8808 8697 15117 13344 1456 2709185 401295 2307890 8161 835 392112 60308 12830 331804 107205 94213 12992 224599 130706 93893 47478 6076 7326 5248 4938 9183 481 8702 3348 5354 1270 4297 2299729 1104136 25978 23466 2512 1078158 18026 1060132
is_linear=0
shrinkage=0.12179


Tree=95
num_leaves=49
num_cat=0
split_feature=11 2 1 1 9 9 0 5 0 8 6 5 2 7 8 0 11 0 0 9 1 7 6 9 5 5 2 5 2 6 1 7 6 6 2 0 6 0 2 2 2 2 1 7 7 9 0 2
split_gain=8.74863 10.4466 22.9315 73.6716 63.2211 35.7774 29.5101 29.1131 26.1264 24.9051 24.4868 16.8934 16.7364 17.8114 14.3864 17.9041 18.5242 14.4008 21.1302 12.8328 12.3531 12.1696 18.1093 12.0442 25.2567 33.7471 23.5292 34.9187 14.8985 22.9385 19.4252 11.1911 11.145 20.1217 39.9487 39.7425 37.6644 46.4135 26.6185 18.6161 15.7591 13.8605 13.5069 10.8436 10.4124 10.3882 12.1025 10.2987
threshold=0.94390092879256982 2005.5000000000002 6.5000000000000009 5.5000000000000009 0.7850814339496871 0.79225961247450971 8.5000000000000018 124.50000000000001 8.5000000000000018 0.88637416310275396 333.50000000000006 63.500000000000007 2010.5000000000002 5.5000000000000009 0.80235441454681389 5.5000000000000009 0.72353943144424959 6.5000000000000009 7.5000000000000009 0.86746728588673061 4.5000000000000009 34.500000000000007 121.50000000000001 0.88342609878221923 313.50000000000006 252.50000000000003 1230.5000000000002 279.50000000000006 1240.5000000000002 5.5000000000000009 1.5000000000000002 18.500000000000004 297.50000000000006 278.50000000000006 1645.5000000000002 4.5000000000000009 277.50000000000006 2.5000000000000004 945.50000000000011 915.50000000000011 1655.5000000000002 1705.5000000000002 3.5000000000000004 55.500000000000007 15.500000000000002 0.85581953736068128 7.5000000000000009 1714.5000000000002
decision_type=2 2 2 2 2 2 2 2 2 2 2 2 2 2 2 2 2 2 2 2 2 2 2 2 2 2 2 2 2 2 2 2 2 2 2 2 2 2 2 2 2 2 2 2 2 2 2 2
left_child=1 23 3 9 -5 8 -7 14 -6 10 11 -3 13 -11 15 31 -17 19 -19 -16 -14 22 -9 32 25 28 43 -28 29 -25 -30 -4 33 36 38 -36 44 -38 -35 42 -41 -42 -34 -27 -1 46 -23 -26
right_child=-2 2 7 4 5 6 -8 21 -10 12 -12 -13 20 -15 17 16 -18 18 -20 -21 -22 45 -24 24 47 26 27 -29 30 -31 -32 -33 39 34 35 -37 37 -39 -40 40 41 -43 -44 -45 -46 -47 -48 -49
leaf_value=0.002185545463301612 0.0047324320762072011 -0.0055088078081097884 -0.049159440688394729 0.058502509805256231 -0.013963357146635711 0.014572117043037992 0.066174629135287974 0.010969517481394849 -0.14288609732717258 -0.18779270111701196 0.051121146452551829 0.0018975923699427778 0.024536949623921181 -0.016725115724988842 0.0087893208745636782 -0.05081080800510674 0.0079615732335568869 -0.052595072435909128 -0.0065306106182750241 -0.014025453424429362 0.0020880800260340677 -0.023746598670375887 0.059731136715725358 -0.012809024928045934 0.044125898150916387 -0.05249210600941813 -0.082603888283406243 -0.01355404532031612 -0.013976309809122003 0.002843086088491023 -0.002719061808794459 -0.018922435091349006 0.0020204437461750222 0.00085165702645760479 -0.058609836754135745 0.0066858861402026093 0.044745810109386719 -0.063183240600838117 0.028101500414869342 -0.016619758868379641 0.044753146285450698 -0.002959322157549273 0.049982328680265989 0.006725515974365554 -0.00015756793724777074 0.02689194979802673 0.026180596263498272 -0.0056597995623808911
leaf_weight=32170.768441440072 6031.8717423109338 6256.0359083302319 365.43185823410749 556.56190317124128 318.65488542616367 1924.8126390073448 179.7291919272393 481.1887822933495 25.155913680791855 10.149183001369236 139.26450798660517 16929.081398691982 1198.916453262791 81.710340471938252 1039.2156305015087 99.902683928608894 390.36362383887172 209.05672105029225 503.29830487072468 564.23569925501943 521.84243933111429 312.04457498341799 147.63077559322119 1572.965711036697 242.00252208486199 55.210069548338652 208.08944270014763 227.28064219653606 2643.8682881817222 11861.843499854673 16236.386788452044 360.82988603785634 246.00179237499833 857.38137552514672 221.52836149930954 367.85244229435921 75.366404071450233 273.82799261063337 1399.8203607387841 1920.0272466428578 96.897960819303989 1328.2682291194797 134.82689705491066 271.00738015770912 224014.73986379988 133.96018358692527 93.621363840997219 82.688073698431253
leaf_count=272822 152423 42327 1944 3277 1901 17705 1961 3676 166 85 985 106894 12797 817 7459 442 2477 1783 4240 4726 3292 1743 871 22947 2091 456 1459 1835 25597 159515 148852 1918 1843 6388 1013 2056 405 1557 8973 11600 548 7090 1224 2641 1698463 1183 556 841
internal_value=0.000136077 5.18972e-05 0.00211285 0.00342812 0.021451 0.0130284 0.018979 -0.00576122 -0.0233964 0.00127364 0.00020496 -0.000100875 0.0150251 -0.0356257 -0.0112736 -0.0219974 -0.00401461 -0.00564031 -0.0200493 0.00076107 0.017729 0.0109034 0.0224175 -0.000176383 -0.00235492 -0.00268673 -0.028027 -0.0465571 -0.00208953 0.00101052 -0.00429545 -0.0341367 0.000100181 0.000195184 0.0103784 -0.0178566 8.21882e-05 -0.039889 0.0177508 -0.00651329 -0.00941789 0.000284679 0.0190007 -0.00329666 0.000136671 -0.00251375 -0.0122242 0.0314471
internal_weight=335383 329351 32842.7 28141.9 3004.91 2448.35 2104.54 4700.78 343.811 25137 23324.4 23185.1 1812.62 91.8595 3532.33 1216.53 490.266 2315.81 712.355 1603.45 1720.76 1168.45 628.82 296509 33401.3 33076.7 761.588 435.37 32315.1 13434.8 18880.3 726.262 263107 259381 2846.58 589.381 256535 349.194 2257.2 3726.02 3345.19 1425.17 380.829 326.217 256186 539.626 405.666 324.691
internal_count=2757864 2605441 225225 192207 25010 21733 19666 33018 2067 167197 150206 149221 16991 902 24989 6781 2919 18208 6023 12185 16089 8029 4547 2380216 366234 363302 6391 3294 356911 182462 174449 3862 2013982 1991677 18430 3069 1973247 1962 15361 22305 19238 7638 3067 3097 1971285 3482 2299 2932
is_linear=0
shrinkage=0.12179


Tree=96
num_leaves=49
num_cat=0
split_feature=10 2 10 10 2 5 4 5 4 2 10 8 4 2 10 2 2 4 2 2 5 4 2 2 4 2 12 6 10 11 2 11 6 11 11 2 5 2 5 2 6 10 6 6 11 6 1 2
split_gain=11.9905 23.5818 53.2716 39.0364 45.4729 41.1285 39.3423 30.6646 27.0861 24.8709 24.87 43.8064 56.0024 39.9355 57.0733 38.9216 51.0571 60.1367 35.2433 32.5941 32.097 55.0671 30.6762 47.8252 52.1144 24.667 35.2934 24.4464 32.3735 32.0585 24.1256 23.6075 27.7348 23.9254 22.1156 22.0357 21.0467 19.3915 19.2855 19.1366 22.5502 18.773 18.2921 18.2034 16.7353 17.2294 14.8811 14.8387
threshold=0.80631923638998237 1110.5000000000002 0.77089915842315093 0.77887141370179902 710.50000000000011 236.50000000000003 719.50000000000011 93.500000000000014 192.50000000000003 1010.5000000000001 0.77719158662646826 0.80235441454681389 773.50000000000011 1210.5000000000002 0.79528251122794547 1840.5000000000002 1345.5000000000002 1276.5000000000002 1329.5000000000002 1205.5000000000002 117.50000000000001 681.50000000000011 1800.5000000000002 1740.5000000000002 317.50000000000006 1825.5000000000002 0.80389237169954297 152.50000000000003 0.7836894369319739 0.6992101632184492 1055.5000000000002 0.79621960971128181 67.500000000000014 0.81178641198176693 0.75263944774631775 2035.5000000000002 196.50000000000003 1835.5000000000002 69.500000000000014 735.50000000000011 98.500000000000014 0.77089915842315093 63.500000000000007 99.500000000000014 0.68737416107382565 128.50000000000003 6.5000000000000009 1115.5000000000002
decision_type=2 2 2 2 2 2 2 2 2 2 2 2 2 2 2 2 2 2 2 2 2 2 2 2 2 2 2 2 2 2 2 2 2 2 2 2 2 2 2 2 2 2 2 2 2 2 2 2
left_child=1 2 8 5 6 31 7 -5 -1 39 19 15 13 14 -13 16 18 -18 -12 36 21 -17 23 24 -21 -14 -27 28 -6 -29 -7 32 -4 -33 -25 -22 44 41 -15 -10 -41 -24 -11 -8 45 -3 -39 -2
right_child=47 10 3 4 27 30 43 -9 9 42 11 12 25 38 -16 20 17 -19 -20 22 35 -23 37 34 -26 26 -28 29 -30 -31 -32 33 -34 -35 -36 -37 -38 46 -40 40 -42 -43 -44 -45 -46 -47 -48 -49
leaf_value=-0.062414803389587221 0.0012271472983689702 -0.0576288907538711 -0.029768072458890155 0.013943703134892833 -7.8663358113077118e-05 0.0048791529646305979 0.0023252313199241719 0.048621307125123948 0.0073538753322824448 -0.032262622173520071 0.0029251662897110653 0.019577095757864267 0.0054380313219820533 0.00041707570585546114 -0.048626730592788117 0.012553780933304505 -0.014268079437813714 0.026978536951812879 0.039124513028059464 0.014191051882101702 -0.023971874355062317 0.08043368390171203 0.0026897194850660192 -0.0069499249483239373 -0.0092393495239057339 0.0027555438670803065 -0.029291659736734185 -0.012041634632177502 -0.017408537944513091 0.021863236797176878 0.075949332403112663 0.016118135333115742 -0.010524414327581798 -0.011753392009847523 -0.05866619206773753 0.020796801632590602 -0.012076933392045311 0.0058186828788573987 0.019265340113712542 0.042920471290386522 0.012848602863109126 0.048868488874458306 0.0085044783074251333 -0.0438878964749468 0.03618782056667641 0.041129757919974891 -0.016692188494600083 -0.00080926703380024734
leaf_weight=70.134228564798832 73188.73019440379 61.492962718009949 2102.3940024115145 1215.1277198679745 4041.069832611829 1292.203926179558 437.66658517718315 549.17715436406434 1083.3702702336013 254.30969962105155 3054.3147765062749 390.7203453220427 6946.0513513479382 893.67988381907344 340.64904602244496 2358.2486684992909 5881.2775291316211 575.62065106630325 458.86237796396017 1772.1368250474334 545.89413357526064 191.67652128636837 240.59803029149771 184.05160047113895 6853.5356967188418 1337.0788905024529 823.75815319642425 661.06630715727806 2645.6885310579091 1105.2707382366061 74.95713847130537 614.18823015317321 2355.5400899238884 1783.1222686953843 367.63956409692764 232.55173729360104 237.45561929047108 3220.6489444933832 8133.6398282721639 779.22209804877639 704.0706590898335 285.55548027902842 455.95651750266552 177.78377675265074 689.7803903631866 45.657209396362305 503.70766905508935 193117.28947850969
leaf_count=584 826168 293 13790 12079 27188 7701 3717 5664 8362 1785 18055 3041 39228 7165 2850 13147 30770 2818 2737 10818 2591 1045 1194 811 35385 7528 4198 3221 21105 7474 443 4540 14047 15287 1842 1671 1378 17802 51599 5460 4467 1584 2636 1211 4607 225 3062 1503491
internal_value=0.000121178 0.00155161 -0.00169592 -0.00418499 0.000617495 -0.0105122 0.0154891 0.0247378 0.0124746 0.0140775 0.00311193 0.00499804 0.00877167 0.0151818 -0.0121901 -0.000355348 -0.00416225 -0.010591 0.00765323 -0.00108276 0.0110482 0.0176563 -0.00268748 -0.00664906 -0.00442559 0.00190273 -0.00946155 -0.00356922 -0.00693542 0.00917406 0.00877571 -0.0143588 -0.0195999 -0.00461274 -0.0414129 -0.0105977 0.0197489 0.00586606 0.0173994 0.0196589 0.0286463 0.027752 -0.00609212 -0.0110243 0.0292318 -0.0155474 0.00277416 -0.0002496
internal_weight=335335 69028.6 22402.3 19055.3 10832.9 8222.41 2379.76 1764.3 3347.06 3276.93 46626.3 32164 18865.6 9758.69 731.369 13298.4 9970.08 6456.9 3513.18 14462.3 3328.37 2549.93 13427.9 9177.36 8625.67 9106.89 2160.84 8453.1 6686.76 1766.34 1367.16 6855.24 4457.93 2397.31 551.691 778.446 1034.39 4250.51 9027.32 2566.66 1483.29 526.154 710.266 615.45 796.931 107.15 3724.36 266306
internal_count=2757864 428205 160761 137467 81659 55808 22671 17743 23294 22710 267444 188443 115609 64655 5891 72834 54380 33588 20792 79001 18454 14192 72498 48856 46203 50954 11726 58988 48293 10695 8144 47664 27837 19827 2653 4262 6503 23642 58764 18289 9927 2778 4421 4928 5125 518 20864 2329659
is_linear=0
shrinkage=0.12179


Tree=97
num_leaves=49
num_cat=0
split_feature=7 3 8 6 4 6 6 6 0 8 4 0 4 11 4 2 2 2 6 8 7 0 8 1 1 6 2 8 4 8 1 1 9 4 6 9 11 2 4 0 0 7 9 7 4 6 9 2
split_gain=7.8004 17.9204 32.9693 27.8978 37.4595 33.3866 53.9278 28.2178 27.8566 19.5913 20.1525 17.5127 17.212 16.3485 16.2331 14.3362 55.3925 51.6968 38.1792 38.8481 32.0376 31.7097 58.1024 26.9188 65.4539 61.626 53.2901 33.9797 37.8791 34.8523 25.7995 119.468 55.8919 31.447 21.6304 22.6472 41.8396 19.0935 34.8024 18.8622 46.5212 37.656 16.5397 15.5219 15.2563 13.9733 12.799 11.4669
threshold=83.500000000000014 7.5000000000000009 0.90286652329037753 194.50000000000003 1045.5000000000002 200.50000000000003 198.50000000000003 44.500000000000007 3.5000000000000004 0.87366003285681904 1722.0000000000002 8.5000000000000018 586.00000000000011 0.88433629246803291 196.50000000000003 1729.5000000000002 1710.5000000000002 1779.5000000000002 153.50000000000003 0.90286652329037753 9.5000000000000018 5.5000000000000009 0.80235441454681389 4.5000000000000009 6.5000000000000009 202.50000000000003 1155.5000000000002 0.80235441454681389 1598.0000000000002 0.82029770595515661 5.5000000000000009 6.5000000000000009 0.7850814339496871 759.50000000000011 136.50000000000003 0.79913480369519829 0.88309288301598643 1735.5000000000002 198.50000000000003 2.5000000000000004 3.5000000000000004 77.500000000000014 0.76645112812423111 36.500000000000007 446.50000000000006 20.500000000000004 0.79615732005208406 715.50000000000011
decision_type=2 2 2 2 2 2 2 2 2 2 2 2 2 2 2 2 2 2 2 2 2 2 2 2 2 2 2 2 2 2 2 2 2 2 2 2 2 2 2 2 2 2 2 2 2 2 2 2
left_child=1 2 3 7 5 6 -5 8 12 10 -9 -7 -1 -4 -11 16 23 34 19 43 -21 44 -23 27 25 -25 -26 28 -3 -29 39 32 -32 -33 35 46 -37 38 -36 41 -41 -19 -39 -18 -20 -15 -17 -10
right_child=-2 15 13 4 -6 11 -8 9 47 14 -12 -13 -14 45 -16 17 18 30 21 20 -22 22 -24 24 26 -27 -28 29 -30 -31 31 33 -34 -35 37 36 -38 42 -40 40 -42 -43 -44 -45 -46 -47 -48 -49
leaf_value=-0.021142727778692999 -0.00057089992063440534 0.0088995701847671017 0.070765992765859681 -0.0035623363922117034 -0.089758249635979018 -0.004224766934439508 -0.20936129502826906 0.019170729640002441 0.0042141519932264943 0.066192023928998686 -0.0077506396348110103 0.075619482257040835 0.0028621149258523282 0.077141946361336353 -0.0021962125766411653 0.023201570805909195 0.014542372387493075 0.0051160268796649191 0.014398674337236824 -0.20276146324122918 -0.03427241108157434 -0.092453247204363445 -0.024893230802528348 -0.0079241803113959935 0.015031866077091642 0.0063186818396477242 -0.00088536944491154825 -0.0069547633054768965 -0.018310169145388033 0.0016627823419867918 0.04138932172069789 -0.0085409700207494596 0.012288646091224658 0.0070105051117237234 -0.16472604460557988 -0.0079755794872636461 0.019300583261334638 -0.0023904671812396048 0.014491533815489944 -0.01115607671239047 3.4332506767805212e-05 -0.026882773822793717 0.048230114783428681 -0.0073336960958838935 -0.020319127412092602 0.014604215575513241 0.084588277147521207 0.031965283577422773
leaf_weight=1259.9202963728458 143421.32709356397 12126.571816284209 131.93999046459794 49.542472895234823 96.467408336699009 522.27934954501688 30.521646674722433 3411.15942119807 1855.8984188102186 53.212652757763863 469.160728469491 44.194046411663294 683.35350520908833 60.557430662680417 1583.4334354028106 783.28883709013462 901.9875909704715 11406.498933807015 260.35197754204273 17.799313675612211 281.0821744222194 251.84247612208128 754.45122966170311 25346.625549795106 4823.2847751984373 5480.2450239732862 8833.7906636008993 8413.551554129459 809.53794177994132 40327.110930563882 1198.3687960132957 6465.5440956102684 5346.8280022516847 2748.5612069759518 16.777843318879604 1787.1552787870169 1564.2515357611701 113.80340556800365 382.0194500349462 6708.5534921661019 30851.972270060331 572.88907730579376 603.19100575521588 1030.9836731264368 673.19778212159872 424.38249977352098 53.841843895614147 250.686916410923
leaf_count=15653 1113071 86586 3030 615 871 6309 333 45020 36040 791 4249 605 6745 3024 18065 4071 6772 67563 1459 158 2916 1090 4182 236556 57135 36213 77351 58599 4740 403841 7029 48075 48651 17875 100 10924 17320 545 2123 37687 223162 3085 3675 7215 3197 18304 329 4915
internal_value=0.00010854 0.000616435 0.00540612 0.0037697 -0.0189633 -0.00840031 -0.082016 0.00553525 -0.00218477 0.0112023 0.0159157 0.00200437 -0.0127014 0.0327554 2.731e-05 0.000327186 -0.00054003 0.00168239 -0.0143061 -0.00344389 -0.0443065 -0.0268034 -0.0418013 9.22608e-07 -0.00228266 -0.00539216 0.00473614 0.00164794 0.00719679 0.000175233 0.000743117 0.00503523 0.0176167 -0.00390198 0.0132453 0.00923121 0.00475543 0.0283137 0.00695165 -0.000622262 -0.00196435 0.00358575 0.0401955 0.00287439 -0.0106369 0.0224137 0.0271498 0.00751658
internal_weight=335284 191863 10926.7 10309.8 743.005 646.538 80.0641 9566.83 4049.86 5516.97 3880.32 566.473 1943.27 616.88 1636.65 180936 110332 70603.5 4171.7 2231.85 298.881 1939.84 1006.29 106161 44483.9 30826.9 13657.1 61676.8 12936.1 48740.7 65299.2 15759.3 6545.2 9214.11 5304.33 4188.54 3351.41 1115.79 398.797 49539.9 37560.5 11979.4 716.994 1932.97 933.55 484.94 837.131 2106.59
internal_count=2757864 1644793 164569 140211 8733 7862 948 131478 63353 68125 49269 6914 22398 24358 18856 1480224 988010 492214 26989 17061 3074 9928 5272 961021 407255 272769 134486 553766 91326 462440 453127 121630 55680 65950 39087 32644 28244 6443 2223 331497 260849 70648 4220 13987 4656 21328 4400 40955
is_linear=0
shrinkage=0.12179


Tree=98
num_leaves=49
num_cat=0
split_feature=10 2 10 7 2 5 10 2 11 9 7 4 4 9 4 2 1 1 8 10 7 7 8 6 5 1 2 7 2 7 7 11 10 7 2 13 7 7 7 10 5 8 7 10 2 5 9 7
split_gain=10.1884 18.7496 41.4758 35.0302 51.2827 80.825 66.3835 45.9851 41.4377 40.6147 34.1219 29.6787 20.2588 20.1114 20.6479 19.5191 19.5066 43.2309 27.9727 35.7422 34.4774 21.1287 59.9355 42.8392 22.4454 20.9229 49.7178 29.8656 40.4208 25.9761 23.4484 23.0448 19.9836 19.1859 22.2944 18.6279 18.6023 34.8166 18.4595 18.0538 17.6936 17.2503 16.9776 49.8458 24.3504 15.9981 15.667 15.4457
threshold=0.80631923638998237 1110.5000000000002 0.77089915842315093 139.50000000000003 855.50000000000011 145.50000000000003 0.80216454089062672 955.50000000000011 0.70740724014386736 0.86111906129716009 115.50000000000001 633.00000000000011 192.50000000000003 0.88692415834806049 904.50000000000011 1010.5000000000001 5.5000000000000009 4.5000000000000009 0.80235441454681389 0.77413245550436538 84.500000000000014 129.50000000000003 0.82029770595515661 62.500000000000007 117.50000000000001 6.5000000000000009 1529.5000000000002 208.50000000000003 1400.5000000000002 93.500000000000014 182.50000000000003 0.67248512698130625 0.78602299101415862 103.50000000000001 1500.5000000000002 0.79131645187239752 121.50000000000001 114.50000000000001 72.500000000000014 0.80216454089062672 315.50000000000006 0.88637416310275396 111.50000000000001 0.78196678439231604 1545.5000000000002 131.50000000000003 0.90678650017680862 86.500000000000014
decision_type=2 2 2 2 2 2 2 2 2 2 2 2 2 2 2 2 2 2 2 2 2 2 2 2 2 2 2 2 2 2 2 2 2 2 2 2 2 2 2 2 2 2 2 2 2 2 2 2
left_child=1 2 12 4 9 6 -6 8 39 10 -4 -10 -1 14 -9 -14 17 21 35 20 -20 42 23 -23 -24 26 27 29 -29 -18 33 -28 -21 34 -27 -19 37 -17 -37 -5 -33 -11 44 -44 -3 -32 -15 -2
right_child=47 16 3 7 5 -7 -8 13 11 41 -12 -13 15 46 -16 36 25 18 19 32 -22 22 24 -25 -26 30 31 28 -30 -31 45 40 -34 -35 -36 38 -38 -39 -40 -41 -42 -43 43 -45 -46 -47 -48 -49
leaf_value=-0.052347571328440305 0.00043710973169950907 0.0089840285264009712 -7.2949584008139926e-05 -0.024807158529493872 -0.018385321687296407 0.00016379836964447198 -0.058110143015524238 0.043233131757537249 0.011275609303618338 0.01462011065988842 -0.032619445313113379 -0.0045512716094974091 0.017511051343998881 -0.039293366625413849 -0.0092528276429556071 -0.0046925628787482122 -0.012521243680648332 0.036299447241310089 -0.0015820445753032411 0.014251341725709269 -0.035638760271587223 0.009619648469117139 0.038518416056441421 -0.011407953537073556 0.014826854067213981 0.013078227176798671 0.055632970881568593 0.035612969846836519 -0.15854019070526082 0.013203034604486817 -0.034981817241675935 0.022493688736064773 -0.0056993697556080624 0.012538983545314394 -0.0086054704969731177 -0.00049695267975668176 0.053140561249069601 -0.12353667259869036 -0.026019047283877658 0.018799702342376438 -0.027878996841249334 0.079481098193627892 -0.022441569448593941 0.0068068170223086911 -0.00087362156028557021 0.020485779017632762 0.051460428324358959 -0.0015073333129745434
leaf_weight=73.04871578887105 173005.23706089612 6154.2504968382418 2040.5967969950289 1287.0409970022738 2181.0751561149955 2386.2210008976981 873.99221587181091 670.89864886179566 3202.1766123902053 1434.820409023203 623.8790536262095 3895.1716700494289 2536.8134554494172 105.11357953026891 133.25876725465059 601.71494414657354 990.8894618358463 91.014378659427166 1107.0171416811645 1863.2125103846192 732.75571934133768 4119.205933406949 1021.9578517489135 2207.0817882418633 1413.5974611267447 1035.6003152932972 307.54273393005133 26.624670326709747 39.504331223666668 1411.8655309453607 376.70469025149941 2309.4992317240685 1240.5038388557732 2516.1800496168435 2191.9634754918516 553.53438480943441 72.583785630762577 38.929483234882355 1746.9753572642803 158.12662453949451 108.27958559989929 63.512769987806678 1572.680905610323 1918.6562138535082 9385.0803379863501 96.984458163380623 38.567176427692175 93259.093625180423
leaf_count=584 1537671 36374 15452 6873 14094 13859 7152 4684 26672 12287 3672 29102 18289 833 755 3625 6534 470 5537 10193 3763 23789 6869 10863 7853 6951 1446 186 305 9087 2179 15991 7257 15511 13038 2916 558 238 8776 776 658 891 8409 10715 51201 573 365 791988
internal_value=9.77558e-05 0.00141712 -0.00147645 -0.00366185 -0.00884736 -0.0166315 -0.0297498 0.00158581 -0.00123811 0.00132743 -0.00769361 0.00258949 0.0110809 0.0270367 0.0345356 0.0125065 0.00281093 0.00138977 -0.00692686 -0.0016957 -0.0151464 0.0035847 0.00853364 0.00228365 0.0247678 0.00718557 0.0128911 0.000372193 -0.0803708 0.00259441 0.00241905 0.024232 0.00627737 0.00456693 -0.00164801 -0.0177401 -0.00529376 -0.0119143 -0.0198781 -0.0200358 0.0202378 0.0173695 0.00130618 -0.00636819 0.00303044 -0.0236252 -0.014933 -0.000243932
internal_weight=335221 68956.7 22417.5 19094.5 9604.1 5441.29 3055.07 9490.35 8542.52 4162.81 2664.48 7097.35 3323.09 947.838 804.157 3250.04 46539.2 35127.5 7335.01 4943.49 1839.77 27792.5 8761.84 6326.29 2435.56 11411.6 5194.21 2468.88 66.129 2402.75 6217.43 2725.32 3103.72 5743.74 3227.56 2391.52 713.228 640.644 2300.51 1445.17 2417.78 1498.33 19030.7 3491.34 15539.3 473.689 143.681 266264
internal_count=2757864 428205 160761 137467 67407 35105 21246 70060 63423 32302 19124 55774 23294 6637 5439 22710 267444 194985 38912 26750 9300 156073 49374 34652 14722 72459 34207 16112 491 15621 38252 18095 17450 35500 19989 12162 4421 3863 11692 7649 16649 13178 106699 19124 87575 2752 1198 2329659
is_linear=0
shrinkage=0.12179


Tree=99
num_leaves=49
num_cat=0
split_feature=5 4 5 4 5 4 8 0 4 4 4 5 8 11 2 2 2 2 8 2 2 2 2 11 4 2 7 5 2 4 5 11 0 4 0 7 7 2 4 5 2 4 4 7 4 4 1 2
split_gain=8.1467 31.219 33.0827 34.985 28.6303 27.6151 48.1749 63.3664 39.9383 31.7913 23.6681 23.501 23.2157 33.3881 29.0877 39.1371 24.8787 25.2958 23.6576 22.98 57.786 21.8977 49.5236 68.1409 29.9975 25.6788 30.4013 21.5675 21.3301 20.0483 30.9941 29.1766 20.0372 28.2743 25.8795 20.1993 19.634 18.1906 18.04 17.1826 28.8151 28.0186 23.9419 21.5762 19.5323 16.8648 21.9307 18.8103
threshold=55.500000000000007 256.50000000000006 70.500000000000014 369.50000000000006 81.500000000000014 334.50000000000006 0.87366003285681904 2.5000000000000004 391.50000000000006 337.50000000000006 198.50000000000003 82.500000000000014 0.8622651991476401 0.76235321474247197 1040.5000000000002 1520.5000000000002 955.50000000000011 825.50000000000011 0.82029770595515661 1130.5000000000002 1115.5000000000002 1135.5000000000002 1345.5000000000002 0.80565861530056038 336.50000000000006 835.50000000000011 182.50000000000003 83.500000000000014 2249.5000000000005 443.50000000000006 93.500000000000014 0.72079426309587369 6.5000000000000009 296.50000000000006 7.5000000000000009 88.500000000000014 249.50000000000003 755.50000000000011 333.50000000000006 45.500000000000007 820.50000000000011 192.50000000000003 165.00000000000003 219.50000000000003 131.00000000000003 190.50000000000003 5.5000000000000009 1555.5000000000002
decision_type=2 2 2 2 2 2 2 2 2 2 2 2 2 2 2 2 2 2 2 2 2 2 2 2 2 2 2 2 2 2 2 2 2 2 2 2 2 2 2 2 2 2 2 2 2 2 2 2
left_child=10 11 5 21 28 32 19 9 -9 -8 37 12 13 16 -14 -16 17 -2 -18 20 -7 25 23 -23 -24 27 -27 -4 36 31 -31 -6 38 35 -35 -34 -5 -1 -3 43 41 42 -41 44 -39 46 -15 -47
right_child=1 2 3 4 29 6 7 8 -10 -11 -12 -13 14 45 15 -17 18 -19 -20 -21 -22 22 24 -25 -26 26 -28 -29 -30 30 -32 -33 33 34 -36 -37 -38 39 -40 40 -42 -43 -44 -45 -46 47 -48 -49
leaf_value=0.01076380911454982 -0.025511418712122823 -0.0056649266970974464 0.0031342668974649371 -0.0070432782973007015 0.028933246310671071 -0.041977624842061023 -0.096895612213518445 0.017961405272427979 -0.039930295874322015 -0.02219549449000164 -0.0074907984210917742 0.040328294222416849 -0.0030571703386328276 0.0057974896660328706 0.024958308368801141 0.0063475520996865414 0.018766001198693125 -0.10548520179808048 -0.017320808876193094 -0.0194583237645394 -0.27549540288424612 0.069564569438779394 8.8588384174058545e-05 0.014335485968381544 0.012151241960427175 -0.012741416120792845 0.023342894626128631 0.034219118719979173 0.066335403245666696 -0.0059063978482937363 0.0002623074830460078 0.0033854217126368926 0.0018947006959349256 0.031612763099436551 0.0048365044893901961 -0.022128469475855707 0.030723410963054584 -0.001310214992009515 0.033320405892052117 0.008388753459726379 0.0040419736658088888 0.091889946427085742 -0.078831940838910833 0.04109011831931856 -0.011791562426555612 0.0056995976810030697 0.033986722210357596 -0.0047234296309583259
leaf_weight=2174.2592711136676 218.97116879187524 12251.708489600569 2427.4553053807467 11455.649611039087 698.57070305943489 510.11415693629533 99.233457446098328 1479.7781108715571 200.73492383211851 569.3959689438343 8009.2158521767706 267.26110556349158 2500.7761132931337 1687.007800498046 2408.9697779621929 5508.6142705455422 358.74085022509098 80.132648847997189 1082.7290267348289 1448.2368057109416 16.2179647795856 398.52348534762859 8356.968947137706 1965.9800418838859 4822.4567103590816 2916.435022787191 392.98503994010389 383.35772239323705 60.160803508013487 12876.778391607106 195557.21703834226 13040.737348621711 1791.3302591131069 779.92465433385223 1707.6678886995651 731.0131398960948 207.88429548963904 9107.2947722356766 178.62434210442007 67.578451973386109 9450.1282025082037 22.150134336203337 150.95803350303322 156.92453974112868 3712.0818789210171 5643.5889762109146 540.52348827756941 4712.8642839714885
leaf_count=36438 1760 115561 30890 107535 3505 5081 670 25780 2837 4811 93503 1417 33733 14711 28338 43793 1843 507 5719 9661 170 2665 59279 21644 41346 31978 3535 4217 437 112190 1416897 111747 20172 11735 23479 7518 1702 89622 1423 1141 88054 298 1993 1460 38183 58515 5401 32970
internal_value=8.79427e-05 0.000285861 -8.57936e-05 0.000302391 -0.000131282 -0.00464401 -0.0133569 -0.00157071 0.0110463 -0.033282 -0.00173357 0.00440695 0.00401894 0.000837419 0.00839333 0.01201 -0.0149725 -0.0469371 -0.00833983 -0.0273789 -0.049173 0.00498454 0.00741418 0.023644 0.00450241 -0.00118617 -0.0084565 0.00737383 -0.00599705 0.000178244 -0.000118787 0.00468439 -0.00248394 0.00401852 0.0132316 -0.00506758 -0.00637015 0.000122647 -0.00510471 -0.000898067 0.00298212 -0.0386313 -0.0518605 -0.00379582 -0.00434528 0.00302419 0.0126378 0.000956438
internal_weight=335186 302335 277325 255561 233897 21764 4323.71 2349.14 1680.51 668.629 32850.6 25010.2 24742.9 14324.6 10418.4 7917.58 1740.57 299.104 1441.47 1974.57 526.332 21664.2 15543.9 2364.5 13179.4 6120.23 3309.42 2810.81 11723.7 222173 208434 13739.3 17440.3 5009.94 2487.59 2522.34 11663.5 24841.4 12430.3 22667.1 9690.81 240.687 218.536 12976.3 12819.4 12584 2227.53 10356.5
internal_count=2757864 2407172 2178465 1949567 1754013 228898 49010 34098 28617 5481 350692 228707 227290 121426 105864 72131 9829 2267 7562 14912 5251 195554 124934 24309 100625 70620 35513 35107 109674 1644339 1529087 115252 179888 62904 35214 27690 109237 257189 116984 220751 91486 3432 3134 129265 127805 111597 20112 91485
is_linear=0
shrinkage=0.12179


end of trees

feature_importances:
CRSDepTime=689
Month=584
DayOfWeek=465
Origin_freq=450
UniqueCarrier_freq=431
Dest_freq=367
route_freq=359
dest_hourly_volume=329
origin_hourly_volume=326
Distance=293
CRSElapsedTime=263
dep_hour_raw=176
dep_hour_bin_freq=47
distance_bin_freq=21

parameters:
[boosting: gbdt]
[objective: binary]
[metric: binary_logloss]
[tree_learner: serial]
[device_type: cpu]
[data_sample_strategy: bagging]
[data: ]
[valid: ]
[num_iterations: 100]
[learning_rate: 0.12179]
[num_leaves: 49]
[num_threads: 0]
[seed: 42]
[deterministic: 0]
[force_col_wise: 0]
[force_row_wise: 0]
[histogram_pool_size: -1]
[max_depth: 7]
[min_data_in_leaf: 75]
[min_sum_hessian_in_leaf: 0.001]
[bagging_fraction: 0.738767]
[pos_bagging_fraction: 1]
[neg_bagging_fraction: 1]
[bagging_freq: 5]
[bagging_seed: 400]
[bagging_by_query: 0]
[feature_fraction: 0.798503]
[feature_fraction_bynode: 1]
[feature_fraction_seed: 30056]
[extra_trees: 0]
[extra_seed: 12879]
[early_stopping_round: 0]
[early_stopping_min_delta: 0]
[first_metric_only: 0]
[max_delta_step: 0]
[lambda_l1: 0]
[lambda_l2: 0]
[linear_lambda: 0]
[min_gain_to_split: 0]
[drop_rate: 0.1]
[max_drop: 50]
[skip_drop: 0.5]
[xgboost_dart_mode: 0]
[uniform_drop: 0]
[drop_seed: 17869]
[top_rate: 0.2]
[other_rate: 0.1]
[min_data_per_group: 100]
[max_cat_threshold: 32]
[cat_l2: 10]
[cat_smooth: 10]
[max_cat_to_onehot: 4]
[top_k: 20]
[monotone_constraints: ]
[monotone_constraints_method: basic]
[monotone_penalty: 0]
[feature_contri: ]
[forcedsplits_filename: ]
[refit_decay_rate: 0.9]
[cegb_tradeoff: 1]
[cegb_penalty_split: 0]
[cegb_penalty_feature_lazy: ]
[cegb_penalty_feature_coupled: ]
[path_smooth: 0]
[interaction_constraints: ]
[verbosity: -1]
[saved_feature_importance_type: 0]
[use_quantized_grad: 0]
[num_grad_quant_bins: 4]
[quant_train_renew_leaf: 0]
[stochastic_rounding: 1]
[linear_tree: 0]
[max_bin: 255]
[max_bin_by_feature: ]
[min_data_in_bin: 3]
[bin_construct_sample_cnt: 200000]
[data_random_seed: 175]
[is_enable_sparse: 1]
[enable_bundle: 1]
[use_missing: 1]
[zero_as_missing: 0]
[feature_pre_filter: 0]
[pre_partition: 0]
[two_round: 0]
[header: 0]
[label_column: ]
[weight_column: ]
[group_column: ]
[ignore_column: ]
[categorical_feature: ]
[forcedbins_filename: ]
[precise_float_parser: 0]
[parser_config_file: ]
[objective_seed: 16083]
[num_class: 1]
[is_unbalance: 0]
[scale_pos_weight: 1]
[sigmoid: 1]
[boost_from_average: 1]
[reg_sqrt: 0]
[alpha: 0.9]
[fair_c: 1]
[poisson_max_delta_step: 0.7]
[tweedie_variance_power: 1.5]
[lambdarank_truncation_level: 30]
[lambdarank_norm: 1]
[label_gain: ]
[lambdarank_position_bias_regularization: 0]
[eval_at: ]
[multi_error_top_k: 1]
[auc_mu_weights: ]
[num_machines: 1]
[local_listen_port: 12400]
[time_out: 120]
[machine_list_filename: ]
[machines: ]
[gpu_platform_id: -1]
[gpu_device_id: -1]
[gpu_use_dp: 0]
[num_gpu: 1]

end of parameters

pandas_categorical:[]
