tree
version=v4
num_class=1
num_tree_per_iteration=1
label_index=0
max_feature_idx=13
objective=binary sigmoid:1
feature_names=Month DayOfWeek CRSDepTime dep_hour_raw Distance CRSElapsedTime origin_hourly_volume dest_hourly_volume UniqueCarrier_freq Origin_freq Dest_freq route_freq dep_hour_bin_freq distance_bin_freq
feature_infos=[1:9] [1:7] [5:2359] [0:23] [28:4962] [19:660] [1:531] [1:492] [0.77679845718641138:0.91505418160032792] [0.57504215851602025:0.9817351598173516] [0.63605586119339819:0.98234552332912983] [0:1] [0.80693464802024095:0.92699395358534742] [0.8433204018700885:0.85863404832086632]
tree_sizes=6841 7144 7154 7164 7193 7159 7200 7173 7210 7196 7179 7163 7177 7205 7186 7156 7186 7213 7189 7182 7184 7181 7208 7212 7198 7201 7197 7186 7165 7189 7205 7180 7177 7198 7187 7145 7212 7194 7119 7137 7184 7148 7097 7161 7215 7142 7164 7037 7147 7156 7086 7119 7177 7127 7131 7179 7182 7186 7014 7085 7160 7171 7096 7088 7152 7101 7035 7043 7135 7099 7084 7181 7139 7043 7102 6955 7083 7153 7082 7031 7071 7087 6975 7124 7034 7045 6960 6947 7056 7088 6991 6969 7089 7158 7090 7154 7054 7049 7098 7081

Tree=0
num_leaves=64
num_cat=0
split_feature=11 3 3 11 11 11 11 0 0 0 11 0 0 3 12 11 0 11 0 0 1 11 0 3 0 12 11 11 0 0 10 11 1 1 6 1 0 1 12 0 12 1 0 3 11 0 10 10 1 1 1 1 1 10 1 1 1 1 0 0 3 3 12
split_gain=71401.3 34550.1 13462.7 9831.37 9807.61 4525.87 3309.31 2758.41 2991.75 2491.73 2026.46 1954.75 3152.99 1751.2 1655.04 1423.56 1388.7 1345.28 1184.3 1000.47 951.397 890.32 861.337 859.43 794.076 783.943 759.556 739.939 737.434 687.676 1183.1 624.105 622.491 633.421 613.089 587.156 832.582 662.102 559.655 534.756 561.755 534.214 505.995 486.307 464.72 462.012 448.998 936.027 447.383 444.209 850.783 669.068 435.523 432.126 427.651 426.496 396.803 495.711 1711.08 386.335 375.372 367.441 366.77
threshold=0.84521891626411871 12.500000000000002 12.500000000000002 0.89724800218992318 0.79344242713807944 0.75902296332568764 0.88345426503321256 5.5000000000000009 8.5000000000000018 5.5000000000000009 0.93226796274090529 5.5000000000000009 8.5000000000000018 6.5000000000000009 0.83534825092633291 0.7603205610219278 2.5000000000000004 0.72012961028567279 3.5000000000000004 3.5000000000000004 3.5000000000000004 0.87789738276153206 7.5000000000000009 7.5000000000000009 4.5000000000000009 0.83534825092633291 0.71472257633703651 0.91359371216069973 1.5000000000000002 8.5000000000000018 0.77564160435723117 0.81667025701360474 3.5000000000000004 5.5000000000000009 170.50000000000003 5.5000000000000009 1.5000000000000002 6.5000000000000009 0.83534825092633291 8.5000000000000018 0.83534825092633291 5.5000000000000009 2.5000000000000004 8.5000000000000018 0.69484611672111685 7.5000000000000009 0.77564160435723117 0.77540682828143503 3.5000000000000004 2.5000000000000004 5.5000000000000009 6.5000000000000009 4.5000000000000009 0.77773195734762213 5.5000000000000009 1.5000000000000002 5.5000000000000009 2.5000000000000004 6.5000000000000009 8.5000000000000018 10.500000000000002 15.500000000000002 0.83534825092633291
decision_type=2 2 2 2 2 2 2 2 2 2 2 2 2 2 2 2 2 2 2 2 2 2 2 2 2 2 2 2 2 2 2 2 2 2 2 2 2 2 2 2 2 2 2 2 2 2 2 2 2 2 2 2 2 2 2 2 2 2 2 2 2 2 2
left_child=1 5 6 11 9 26 23 19 14 17 32 18 21 -7 22 39 28 -3 20 34 -4 41 56 -2 -21 49 -1 42 -15 38 -31 -18 -5 -34 48 36 -22 -37 45 40 44 62 -8 -28 -11 -17 47 -41 -6 -19 -51 -52 -50 -10 -24 -30 57 58 -9 -25 -44 -26 -13
right_child=2 4 3 10 7 13 27 8 53 15 -12 12 -14 16 -16 29 31 25 -20 24 35 -23 54 59 61 -27 43 -29 55 30 -32 -33 33 -35 -36 37 -38 -39 -40 46 -42 -43 60 -45 -46 -47 -48 -49 52 50 51 -53 -54 -55 -56 -57 -58 -59 -60 -61 -62 -63 -64
leaf_value=1.5813766754241751 1.8419721905254949 1.4928642587956955 1.7697608241378018 1.8271110652657863 1.6715810831168321 1.825609391406515 1.81469265103702 1.7229455690155155 1.4451008252681556 1.3002436759869878 1.8748688444332025 1.6323574193378385 1.7887247784038443 1.7437900443609253 1.6614439702370922 1.5281958498069026 1.7497317606729776 1.6315266668791875 1.7875589987882174 1.7465311783856385 1.7456501854549467 1.7214289838178818 1.4873723102765948 1.7932115889705869 1.7206100782316247 1.6650464702846257 1.7281427063179937 1.881975626542278 1.5689880697914838 1.3068811621468874 1.656667350990064 1.7842651576345832 1.7594710301404735 1.8152070119854125 1.6954664440192968 1.7963062865159471 1.6449187403383347 1.7023806293319439 1.5988357009464718 1.6152178750807864 1.5232716780385027 1.7065378423240247 1.8690195231230713 1.6456375238285776 1.4270820425539414 1.4331184029387769 1.5782739268691008 1.1723364183961595 1.5586994329876973 1.5332027339956995 1.7024665879470515 1.5662270455036267 1.6382775757531864 1.7077104480927443 1.5802934838602249 1.6870563468038662 1.637446142142869 1.5402775023845148 1.5044290543601482 1.8430720089877992 1.8311795377886886 1.6493490490010945 1.691425935591369
leaf_weight=3459.8998527824879 19938.709811031818 3948.525639384985 15432.873003154993 20145.397256165743 8339.0871647894382 12282.436148554087 10573.382234483957 2289.0918633341789 198.4805520772934 1172.4493680596352 17252.783103436232 12810.202502042055 11759.593930900097 9274.4204534590244 7247.6966481506824 4793.0780648589134 34214.410893201828 4840.046745121479 23816.656170129776 9553.9598569571972 4128.95102673769 12726.744712650776 5142.312929391861 44064.828979343176 3510.5300699472427 5096.8593678474426 3648.6583930850029 36128.258354008198 1099.5974096953869 337.87147414684296 2667.9978027641773 30878.245735734701 13461.703550845385 11926.00447010994 9444.6187894642353 4158.4958417415619 6632.5584485828876 5286.6279872953892 2170.4075637459755 300.87732544541359 1405.1463511884212 6537.484749019146 28084.871859043837 5641.2920272350311 3797.5188071429729 2368.2568163573742 1511.5834411382675 291.28157356381416 2882.3871013820171 7760.564334243536 2086.9497743546963 2407.6499030292034 8202.9789999425411 9292.8543978631496 2190.356626868248 6921.441084176302 3867.4667879641056 6382.18508040905 2160.0542525053024 5411.3727617561817 11443.060378700495 6220.3198973536491 4373.0114002525806
leaf_count=27403 157918 31273 122231 159555 66047 97279 83743 18130 1572 9286 136645 101459 93138 73455 57403 37962 270984 38334 188632 75669 32702 100798 40728 349001 27804 40368 28898 286142 8709 2676 21131 244561 106619 94456 74803 32936 52531 41871 17190 2383 11129 51778 222437 44680 30077 18757 11972 2307 22829 61465 16529 19069 64969 73601 17348 54819 30631 50548 17108 42859 90631 49266 34635
internal_value=1.74854 1.67592 1.80228 1.76809 1.61623 1.75031 1.83973 1.65126 1.6163 1.55138 1.82347 1.73579 1.70943 1.76358 1.58844 1.50592 1.75433 1.58758 1.75715 1.67941 1.73684 1.68385 1.56443 1.8111 1.71047 1.60443 1.65181 1.86276 1.70997 1.54409 1.61735 1.76611 1.804 1.78565 1.65866 1.71169 1.68357 1.74373 1.5205 1.45036 1.42496 1.66369 1.84891 1.67804 1.39716 1.49675 1.52735 1.39737 1.64077 1.58635 1.56851 1.62949 1.61759 1.70222 1.51513 1.67087 1.58902 1.57173 1.61686 1.79866 1.85807 1.67506 1.64739
internal_weight=567395 241302 326094 170449 133881 107420 155644 86924.4 38770.5 46957.1 62785.9 107663 48207 94670.6 29279.2 20816.5 82388.1 26140.6 59456.2 48153.9 35639.5 36447.4 22031.5 69414.9 19284.8 22192.1 12749.9 86229.6 17295.5 12337.6 3005.87 65092.7 45533.1 25387.7 28869.1 20206.6 10761.5 9445.12 9331.74 8478.86 6375.11 23720.7 50101.3 9289.95 4969.97 7161.33 2103.74 592.159 19424.5 17095.2 12255.2 4494.6 11085.4 9491.33 7332.67 8021.04 14698.8 10831.3 4449.15 49476.2 39527.9 9730.85 17183.2
internal_count=4493869 1911152 2582717 1349986 1060364 850788 1232731 688456 307069 371908 497275 852711 381808 749807 231896 164870 652528 207038 470903 381387 282271 288670 174493 549778 152739 175765 100981 682953 136983 97716 23807 515545 360630 201075 228648 160040 85233 74807 73909 67154 50492 187872 396811 73578 39363 56719 16662 4690 153845 135397 97063 35598 87798 75173 58076 63528 116417 85786 35238 391860 313068 77070 136094
is_linear=0
shrinkage=1


Tree=1
num_leaves=64
num_cat=0
split_feature=2 9 8 10 9 9 10 0 2 8 2 2 10 8 8 4 8 0 0 0 0 10 8 0 10 2 0 5 9 12 0 2 4 0 9 0 0 2 10 10 0 0 10 9 9 5 0 9 4 9 9 0 0 4 8 9 0 0 2 9 8 0 0
split_gain=33310.6 21232 6854.7 5628.79 3297.04 3047.33 2831.41 2443.55 1973.81 1938.98 1632.14 1604.58 1602.51 1586.84 1483.5 1317.72 1293.09 1013.97 2127.05 944.112 1234.08 934.488 1070.91 817.974 817.476 810.38 787.384 757.052 752.227 718.89 701.049 693.966 666.799 654.379 611.432 625.555 561.297 528.498 512.966 493.734 473.526 464.299 453.155 438.065 435.756 422.167 421.836 421.181 403.847 401.391 383.925 380.464 346.764 342.873 332.674 322.163 317.421 306.385 290.46 288.978 282.116 278.054 444.472
threshold=1315.5000000000002 0.86718002597260468 0.85824804301739877 0.82590030487230581 0.85916552886038422 0.81500855093345759 0.89044540657140592 2.5000000000000004 835.50000000000011 0.848122963620355 1525.5000000000002 735.50000000000011 0.82622120873249949 0.84496713270957635 0.78730933661789715 1722.0000000000002 0.848122963620355 8.5000000000000018 5.5000000000000009 2.5000000000000004 1.5000000000000002 0.85417600067627553 0.90127320420397428 4.5000000000000009 0.77564160435723117 2010.5000000000002 6.5000000000000009 132.50000000000003 0.87654219386534227 0.80854474376661079 8.5000000000000018 1040.5000000000002 1253.5000000000002 4.5000000000000009 0.80443753362022608 5.5000000000000009 1.5000000000000002 1710.5000000000002 0.85319414781819847 0.82957346367548157 5.5000000000000009 2.5000000000000004 0.8409209373940415 0.79594321069374219 0.78652607420230658 79.500000000000014 5.5000000000000009 0.84079282354959461 276.50000000000006 0.89327349788539634 0.77622320405825573 8.5000000000000018 1.5000000000000002 134.50000000000003 0.84496713270957635 0.83509183109032337 8.5000000000000018 6.5000000000000009 730.50000000000011 0.84171677762231656 0.8806295869237083 8.5000000000000018 5.5000000000000009
decision_type=2 2 2 2 2 2 2 2 2 2 2 2 2 2 2 2 2 2 2 2 2 2 2 2 2 2 2 2 2 2 2 2 2 2 2 2 2 2 2 2 2 2 2 2 2 2 2 2 2 2 2 2 2 2 2 2 2 2 2 2 2 2 2
left_child=2 3 4 9 7 10 12 13 -4 24 -5 -9 25 27 44 31 40 18 19 20 47 22 60 -18 29 -3 -11 52 46 33 -28 -6 50 -2 35 -26 -15 -20 -24 -33 -12 -23 54 -42 -13 -36 -14 -7 -8 -43 -16 -48 -1 -30 -34 -22 -25 -39 -17 -21 -10 62 -55
right_child=1 6 8 5 15 17 48 11 21 26 16 14 28 36 32 58 23 -19 37 59 55 41 38 56 34 -27 30 -29 53 -31 -32 39 42 -35 45 -37 -38 57 -40 -41 43 49 -44 -45 -46 -47 51 -49 -50 -51 -52 -53 -54 61 -56 -57 -58 -59 -60 -61 -62 -63 -64
leaf_value=-0.028553596202194522 -0.15794626616809371 -0.064579016574401182 0.12538963252894422 -0.029378201706691982 0.082455430227759946 -0.048264376404999344 0.11044252920421427 0.067155133429116776 0.028142897497613086 -0.058080199738607993 -0.12061533696025672 -0.12470112964233217 0.018062115212160171 0.041726558706809184 -0.05561842336613676 0.055476213647389486 -0.03663542492888841 0.024435481793839621 -0.049728294845675376 -0.014052666674564967 -0.14015702509545924 0.045801249982847965 0.052498684197818314 -0.12603891940816625 -0.12262045038424389 0.0699628611863434 -0.1501914672221378 -0.1605753805911827 0.098142856453833749 -0.13369436367228457 -0.049612959458816691 -0.0034019345525964566 -0.16203531417338485 -0.29360327010612469 -0.080304717997504868 -0.21814164104205222 -0.032314713049315817 -0.061589854372811892 -0.20963051235587021 0.058615593357050633 -0.22562668329607158 0.076373309012481905 -0.0011709305839451977 -0.12943204451145629 -0.027468667949365932 -0.12841320799599534 -0.046157451033961017 0.026757580540656516 0.062187363993742237 0.11822777665502719 0.028326021162599132 0.03089444464014177 -0.092466856611953557 0.041835347422578377 -0.034661062606687054 -0.069015178302330213 -0.04752491462994448 -0.11353087245172398 -0.032261832354819213 0.02164960648790577 0.079068039927340544 0.073613147996108755 0.0013136343255192877
leaf_weight=5675.0660893470049 1957.6751700267196 10966.799886412919 28801.15392576158 10525.34519610554 37078.667908906937 3847.4519716501236 8704.3475942537189 20226.653941527009 10036.788090221584 19796.319196589291 7218.3515268713236 2792.912251919508 12887.958100326359 6747.9683882296085 1741.8187686502934 1493.0235250741243 7962.134995020926 8926.616212412715 13861.14096108824 12929.12990373373 3097.4746178016067 7930.1482598632574 326.88793429732323 8577.6871960535645 4829.9498027265072 1589.6918745934963 6867.5304196029902 2841.7523591145873 2528.027529463172 4319.7266240492463 3128.283733099699 5450.3611322119832 1051.6869739443064 2525.40686455369 9167.1082407608628 3798.4231212288141 5997.7076809406281 5215.8158830106258 793.69650388509035 14769.692082881927 3675.7173664569855 17019.120294012129 8044.171339251101 2444.7078883126378 2928.1182231903076 14774.425819590688 8707.546564348042 5849.0393891334534 14078.109937682748 12200.208824843168 56485.005664363503 2575.2424354329705 4910.9150120541453 21640.326143182814 1608.5969093963504 5443.4128770828247 1962.2801795750856 10846.030425280333 5412.1117251515388 15413.009378246963 5082.0356674268842 4285.760759845376 13715.757589407265
leaf_count=45064 13782 83311 244346 79175 312352 29352 73829 167130 81097 147507 52876 20972 102661 54172 13174 12559 60749 71051 103579 100253 23404 66038 2672 61363 34649 12077 47922 22003 21136 29669 23728 43466 8048 16513 67524 25903 46963 38728 6355 123434 25303 141862 64507 17296 23444 106878 66435 45790 116428 104788 453539 20899 37966 176063 12781 42047 15213 78838 44351 122209 41888 35233 109525
internal_value=0.000691627 -0.0395295 0.0459047 -0.0729861 0.0271257 -0.0508819 0.0259361 0.0100159 0.0882328 -0.11268 -0.0894982 0.0231574 0.0101444 -0.0376222 0.0112364 0.0593851 -0.109371 -0.0317312 -0.0382849 -0.014749 -0.0460044 0.0681882 0.0329488 -0.0792383 -0.137347 -0.0475456 -0.0784241 -0.0798687 0.0210636 -0.184964 -0.118714 0.0681434 0.0183884 -0.234364 -0.124478 -0.164671 0.0068851 -0.074922 -0.133164 0.0418986 -0.151169 0.0835926 -0.0220082 -0.187203 -0.0749359 -0.109993 -0.00370587 -0.00301024 0.0806239 0.0938492 0.0258149 -0.0285707 -0.0582034 0.0352608 -0.0850158 -0.0948158 -0.111422 -0.0966639 -0.0132912 0.00536293 0.0452609 0.0312507 0.0261157
internal_weight=568086 300640 267446 198960 185256 127795 101680 121052 82190 71164.8 42366.2 94879 78897.1 26173.4 74652.3 64203.9 31840.9 85429.1 76502.5 46579.5 18237.4 53388.9 16239.4 18502.1 41372.7 12556.5 29792.1 13427.7 66340.6 8802.81 9995.81 57298.7 68931.3 4483.08 32569.9 8628.37 12745.7 29923 1120.58 20220.1 13338.8 37149.5 10704.5 6120.43 5721.03 23941.5 24170.7 9696.49 22782.5 29219.3 58226.8 11282.8 10586 42169.9 2660.28 8540.89 10540 16061.8 6905.14 28342.1 15118.8 39641.8 35356.1
internal_count=4493869 2298898 2194971 1481301 1505925 967226 817597 969763 689046 514075 311975 763595 627340 206168 596465 536162 232800 655251 584200 363055 140593 444700 132012 137325 294918 95388 219157 105033 531952 59964 71650 479252 552049 30295 234954 60552 101135 221145 9027 166900 95475 312688 85336 42599 44416 174402 189995 75142 190257 246650 466713 87334 83030 341957 20829 65451 76576 117566 56910 222462 122985 320821 285588
is_linear=0
shrinkage=0.176106


Tree=2
num_leaves=64
num_cat=0
split_feature=11 3 3 11 11 11 11 3 1 1 11 11 3 0 0 0 1 3 8 0 0 0 11 3 0 8 0 0 10 0 8 8 8 1 0 4 0 0 1 0 4 0 1 11 8 10 0 3 8 8 8 8 3 0 0 1 1 1 1 1 1 11 8
split_gain=37877.7 14429.9 5975.67 4497.86 3896.25 3700.13 2051.42 1679.71 1036.29 1512.66 940.721 922.69 799.514 785.336 1105.95 674.346 652.939 632.994 565.203 561.348 528.63 955.96 490.837 489.2 485.841 471.708 454.498 427.855 419.02 413.148 395.707 392.516 392.404 386.208 384.548 384.492 366.984 417.844 364.407 359.558 355.362 350.019 985.853 344.908 344.504 336.71 331.4 318.647 315.251 308.458 307.053 305.499 301.556 297.776 295.222 394.528 313.423 293.645 361.519 503.803 290.336 283.774 279.369
threshold=0.85737328173292493 13.500000000000002 13.500000000000002 0.80567998661020823 0.90687810486773057 0.78795496120608099 0.90048843653080191 8.5000000000000018 3.5000000000000004 5.5000000000000009 0.93612407575109235 0.7603205610219278 8.5000000000000018 5.5000000000000009 8.5000000000000018 3.5000000000000004 6.5000000000000009 10.500000000000002 0.8806295869237083 3.5000000000000004 5.5000000000000009 8.5000000000000018 0.72915593889461039 10.500000000000002 5.5000000000000009 0.8806295869237083 3.5000000000000004 8.5000000000000018 0.77564160435723117 4.5000000000000009 0.848122963620355 0.90127320420397428 0.80652984726770349 5.5000000000000009 2.5000000000000004 872.50000000000011 3.5000000000000004 4.5000000000000009 3.5000000000000004 3.5000000000000004 1024.5000000000002 6.5000000000000009 2.5000000000000004 0.65809831459764956 0.84496713270957635 0.77540682828143503 6.5000000000000009 6.5000000000000009 0.84496713270957635 0.79865757073970556 0.84496713270957635 0.90127320420397428 12.500000000000002 5.5000000000000009 6.5000000000000009 2.5000000000000004 5.5000000000000009 3.5000000000000004 5.5000000000000009 6.5000000000000009 5.5000000000000009 0.93226796274090529 0.8806295869237083
decision_type=2 2 2 2 2 2 2 2 2 2 2 2 2 2 2 2 2 2 2 2 2 2 2 2 2 2 2 2 2 2 2 2 2 2 2 2 2 2 2 2 2 2 2 2 2 2 2 2 2 2 2 2 2 2 2 2 2 2 2 2 2 2 2
left_child=1 5 6 11 8 12 17 15 20 25 38 43 26 19 33 44 -11 18 34 32 -4 46 -14 -8 36 53 50 -26 45 -21 39 -27 -5 41 -2 49 48 -38 -6 -9 51 42 -15 -3 -7 -29 -22 -17 -13 -24 -1 -32 -41 -10 55 -45 -57 -34 62 -60 -40 -25 -59
right_child=2 3 4 13 10 7 23 30 9 16 -12 24 22 14 -16 47 -18 -19 -20 29 21 -23 35 61 27 31 -28 28 -30 -31 40 -33 57 -35 -36 -37 37 -39 60 52 -42 -43 -44 54 -46 -47 -48 -49 -50 -51 -52 -53 -54 -55 -56 56 -58 58 59 -61 -62 -63 -64
leaf_value=-0.094201487516031829 0.027800702867981662 -0.21168670671161721 0.044132601036188573 -0.1041437992160639 0.077602749383777994 -0.022699800112202084 0.11554190027751189 -0.043487183519989127 -0.0081357061980236924 0.053772521551788202 0.11539811761975849 -0.12011878822293214 -0.11633249331813271 0.009830337530819494 -0.016229483747590291 0.088734903873541243 -0.0071701269740995655 0.038672202065107616 0.10842016408069297 0.013213059435450964 0.018495463489005399 0.074879227255606542 -0.082956784126742802 0.068002893472844592 -0.12980547983500249 -0.097623154285313526 0.010077073146868485 0.043487415122875538 -0.054192585636855584 -0.037839231882788329 0.025247052213423084 0.010170489485382472 -0.022347088404396649 -0.05252895549364376 0.07072194240985627 -0.093923732283385242 -0.018402362542815784 -0.089474882605888109 0.010434207746508615 0.0077185745522251759 -0.013617187708495761 -0.10933223875444006 -0.11703538629211074 -0.068251318412327996 0.034353164788890014 -0.29966506926169534 -0.040374339794533295 0.047120303655395504 -0.069750186138561529 -0.022443703969861815 0.0066119437042805968 -0.06402744324820385 -0.045146399379259614 -0.053795925578341272 -0.16384285306073576 -0.16289828535725437 -0.094745153256015305 -0.071571475296945603 0.02386425707412667 -0.071230003723879456 0.061628447245895994 0.11276880797045009 -0.16476156891865637
leaf_weight=2820.2398289367557 8286.7663810253143 1955.5817595273256 19948.074080213904 3817.3843533024192 10589.209504008293 5437.8607045412064 34795.991865053773 10095.128828011453 10156.555142439902 9576.2193228155375 10825.00255484134 8675.3890566974878 5170.4854882657528 3251.3814584463835 9678.7175129577518 8165.6211262494326 12660.955010473728 30421.74612083286 9990.5446616485715 9504.8209599405527 4436.7111246436834 4266.2371644303203 3577.6657631024718 14617.612041369081 16877.1202493608 6452.2054198309779 8425.2101821750402 114.33946152031422 4516.6380079165101 10183.166779942811 26939.656647488475 1250.752785988152 11379.531548261642 9009.1001797914505 29589.824635058641 5564.9247856065631 4998.7150005251169 5270.224468536675 7406.3637660890818 16557.498229153454 13299.306970573962 16946.070835784078 4569.3262558877468 3536.2825623303652 8280.7803020849824 395.19095462560654 8944.2482772395015 18948.580208495259 6934.0114557370543 9683.3182633444667 1403.1439369767904 1243.6726747080684 4194.1126548796892 7855.7284390106797 6716.8219019174576 5659.2873536646366 3320.6363277286291 7133.5108612850308 3029.960750259459 4020.5642539560795 6408.3630769327283 6277.7081785574555 1159.897823125124
leaf_count=21288 70609 11507 162818 27093 91446 43397 322928 77098 79272 76608 99171 58819 35045 23540 74040 72689 99464 253885 90666 74074 33285 35712 26398 128604 106984 50550 67693 624 32299 75724 217658 9975 85157 62643 261161 41927 35356 36238 61131 135057 106857 111058 30760 22946 69737 2161 66480 159695 48725 73384 11316 9370 31265 59097 39916 35727 21517 51112 22498 29368 54866 57878 8469
internal_value=0.00090702 -0.040185 0.0513066 -0.0765047 0.022899 -0.000750663 0.0769147 0.0149991 0.002601 -0.0145612 0.0721893 -0.110636 -0.049387 -0.0513774 -0.0687127 0.0435549 0.0190742 0.0585355 0.0711596 -0.0363801 0.0244912 0.00228894 -0.0682726 0.102751 -0.0970714 -0.0436473 -0.0135582 -0.116374 -0.0712712 -0.0131926 -0.0011218 -0.0801204 -0.0513278 -0.0837521 0.0613315 -0.055073 -0.0807342 -0.0548782 0.053023 -0.0162272 0.0101107 -0.0951098 -0.0642922 -0.141224 0.0117382 -0.222661 -0.0208549 0.0596528 -0.097744 -0.0387695 -0.060708 0.0213076 -0.00296598 -0.0280496 -0.134059 -0.118076 -0.137696 -0.0437832 -0.0596809 -0.0303633 0.0341821 0.0814522 -0.0846048
internal_weight=567218 312461 254757 162654 120777 149807 133980 113162 85547.7 47952.4 35228.9 68970.2 36645 93683.4 43454.6 40832.8 22237.2 78288.9 47867.1 50228.8 37595.3 17647.2 23996.4 55691.3 47781.6 25715.2 12648.6 21903.3 5026.17 19688 72329.4 7702.96 30540.8 33775.9 37876.6 18825.9 25878.3 10268.9 24403.9 30846.7 41482.6 24766.8 7820.71 21188.6 13718.6 509.53 13381 27114.2 15609.4 13261 4223.38 28183.3 20751.6 18012.3 19233 12516.2 8979.92 26723.5 15343.9 7050.53 13814.7 20895.3 8293.41
internal_count=4493835 2328229 2165606 1128355 979875 1199874 1185731 922823 673261 374966 306614 452819 277051 675536 302041 345518 176072 676321 422436 373495 298295 135477 176754 509410 321206 198894 100297 142068 35084 149798 577305 60525 223697 228001 331770 141709 179138 71594 207443 243420 333885 165358 54300 131613 113134 2785 99765 232384 107544 99782 32604 227028 166322 138369 120106 80190 57244 196604 111447 51866 115997 186482 59581
is_linear=0
shrinkage=0.176106


Tree=3
num_leaves=64
num_cat=0
split_feature=11 12 2 11 11 11 2 11 1 1 11 2 1 1 1 0 1 1 1 0 0 1 9 0 2 0 0 0 0 2 1 11 0 0 1 0 0 9 0 0 0 0 12 0 0 2 10 0 0 0 7 0 0 9 0 0 0 0 10 9 11 2 9
split_gain=26498.8 10600 3924.1 3260.41 2977.3 2841.43 1314.14 1105.8 952.333 1244.36 825.94 703.697 663.038 1314.04 1046.06 984.345 498.681 874.653 994.878 498.304 979.018 476.474 456.348 448.79 422.253 412.185 361.114 827.467 353.502 409.215 377.259 350.447 348.511 334.104 328.555 328.448 326.611 315.294 306.834 397.52 289.449 284.059 289.79 282.906 409.733 280.004 287.818 276.746 256.034 410.127 254.813 252.026 279.146 251.639 283.667 240.901 374.84 235.959 235.9 231.414 228.988 225.299 228.881
threshold=0.86603349554209874 0.83534825092633291 1115.5000000000002 0.81667025701360474 0.9221754976170452 0.81355508442816926 850.50000000000011 0.75063802729798723 3.5000000000000004 5.5000000000000009 0.90111442230086303 700.50000000000011 5.5000000000000009 6.5000000000000009 2.5000000000000004 6.5000000000000009 2.5000000000000004 5.5000000000000009 6.5000000000000009 6.5000000000000009 8.5000000000000018 6.5000000000000009 0.88430007122985399 3.5000000000000004 1540.5000000000002 8.5000000000000018 8.5000000000000018 6.5000000000000009 2.5000000000000004 1220.5000000000002 6.5000000000000009 0.94124444638457228 8.5000000000000018 2.5000000000000004 1.5000000000000002 8.5000000000000018 3.5000000000000004 0.81300475711592879 4.5000000000000009 3.5000000000000004 7.5000000000000009 6.5000000000000009 0.86947312089378326 8.5000000000000018 7.5000000000000009 2045.5000000000002 0.77773195734762213 2.5000000000000004 2.5000000000000004 1.5000000000000002 101.50000000000001 1.5000000000000002 2.5000000000000004 0.81204943875531377 3.5000000000000004 8.5000000000000018 7.5000000000000009 5.5000000000000009 0.77773195734762213 0.86718002597260468 0.68263815988989207 1724.5000000000002 0.80443753362022608
decision_type=2 2 2 2 2 2 2 2 2 2 2 2 2 2 2 2 2 2 2 2 2 2 2 2 2 2 2 2 2 2 2 2 2 2 2 2 2 2 2 2 2 2 2 2 2 2 2 2 2 2 2 2 2 2 2 2 2 2 2 2 2 2 2
left_child=1 5 10 7 8 12 36 60 26 24 23 -9 14 35 15 34 19 -18 43 48 -21 55 32 -2 -10 -17 27 -4 37 30 -30 -6 41 -12 -1 40 -5 -13 39 -16 -14 53 -43 44 -19 46 -40 -23 49 -7 -31 -26 59 -8 -55 56 -11 -54 -39 -53 -3 -48 -63
right_child=2 3 4 6 31 16 22 11 9 21 33 28 13 -15 38 25 17 18 -20 20 -22 47 -24 -25 51 -27 -28 -29 29 50 -32 -33 -34 -35 -36 -37 -38 58 45 -41 -42 42 -44 -45 -46 -47 61 -49 -50 -51 -52 52 57 54 -56 -57 -58 -59 -60 -61 -62 62 -64
leaf_value=-0.064656916250604518 0.039278500207018861 -0.11449693666695231 0.048272551170649901 0.025527942195075891 0.068594328196996901 0.017155741249530593 0.041064726337148041 0.035474922373941259 0.0062351527458445553 0.063263763930040018 0.069992496671385143 -0.017134915940534675 -0.0054928771434309669 -0.099850864132284514 -0.11271408902554882 -0.14483583909608727 -0.064447969838746427 0.028891225795012142 -0.053323975157206945 -0.090853852468656168 0.032162867018489999 -0.031039575978111186 -0.035369838116584007 0.078933799517926007 0.01926774964970179 -0.060358604189895665 0.0811897328708681 -0.0061240589133140354 -0.011467230074225251 -0.020899144752269304 0.0448280008678991 0.10983150939119227 0.048663859301852852 0.11222475286398158 -0.010334897793764852 0.094306785350381298 0.063421160093002721 0.011754111163968526 -0.19729414981229682 -0.044614867401900196 -0.097380891470552039 -0.030418700369232544 0.020073824040748946 0.11524233578200826 -0.075943401898713445 -0.074608920804554182 -0.10386670011509157 0.024668148630803296 0.015507003237080061 -0.085629884815674656 -0.064446753120574643 -0.031352635604541011 -0.0065425997190044077 -0.0078131298424249911 0.023961226707144189 0.13000635039069597 -0.02331158709946602 -0.050591823327059561 -0.081833621992272232 -0.14831477786601949 -0.059259825272196316 -0.18566970095211596 -0.12577719308467591
leaf_weight=7040.6901024729013 13373.229409083724 2902.9678375273943 32049.104773938656 10724.596668623388 14805.25960893929 2449.6295212134719 8954.8183833807707 7120.1968021914363 15224.713386274874 10123.259964197874 7439.9634039625525 5977.0697221904993 6769.913935571909 10997.918152868748 11377.428098917007 5214.2235138714314 38717.678571306169 7304.7804168388247 12464.440415658057 6245.3225045800209 2956.040763951838 3479.6799551323056 7004.6227573379874 26174.222018696368 2535.414104193449 2728.6864373162389 5559.5600732713938 11890.427422143519 26932.665362708271 11118.541465379298 4278.3481250777841 11246.45083091408 7134.4965472221375 26510.795402474701 6776.6687067300081 864.70008926093578 20613.263503953815 948.44204095751047 2242.5528117120266 3468.9934938251972 1261.246341958642 10191.210511445999 5389.3637687861919 915.22537229955196 1373.6504090055823 2430.1545111760497 6143.4537673443556 13478.479477249086 10734.728034906089 2367.5200869292021 6665.3472724109888 900.90365827083588 6570.8603278622031 17544.768628180027 17311.811938039958 1293.4531864821911 1831.6059994921088 8852.6131894439459 7001.9480652287602 1256.0871385857463 11742.873193889856 3161.8538362979889 5289.0351215749979
leaf_count=45963 121390 18306 274108 91718 137653 18369 70639 62166 126120 86892 73546 43312 43922 68251 70906 29112 267979 54082 88838 38463 22961 28262 56008 247689 20049 17651 49851 93581 215569 79327 34174 112904 59243 269494 44436 5632 188221 6881 11863 22979 7135 78247 45350 7079 9220 14404 37114 111246 80846 17303 46994 6293 51924 137099 141518 11455 15128 66034 50861 9688 79985 18114 32288
internal_value=0.00107922 -0.0287361 0.0498257 -0.000499808 0.0326382 -0.0619196 0.0202555 -0.026201 0.0204649 0.00654116 0.0828213 -0.016999 -0.0867536 -0.0591447 -0.0965837 -0.0664133 -0.0399199 -0.0485018 -0.020512 -0.0188492 -0.0513334 0.0327869 0.00738574 0.0655241 -0.0158917 -0.115815 0.0389028 0.0335523 -0.0229369 -0.0158992 -0.00375038 0.0863963 0.0118875 0.10297 -0.0380149 -0.00881989 0.0504532 -0.0476945 -0.115829 -0.0968021 -0.0199233 0.00746972 -0.0129532 0.0221185 0.0122977 -0.13049 -0.138555 0.0132374 0.000370258 -0.0333611 -0.0372207 -0.0326384 -0.0401242 0.0147327 0.00796787 0.0578107 0.0499995 -0.0318255 -0.0706691 -0.0994636 -0.0702084 -0.12953 -0.148186
internal_weight=565450 350854 214596 189557 141098 161297 104869 84688.4 115046 65547.1 73498.2 70042.6 75767.5 19893.8 55873.7 21760.3 85529 60775.8 22058.1 24753.2 9201.36 30206.5 73531.1 39547.5 35340.6 7942.91 49499.1 43939.5 62922.4 48994.9 31211 26051.7 66526.5 33950.8 13817.4 8895.86 31337.9 13927.5 34113.5 14846.4 8031.16 59392 15580.6 9593.66 8678.43 19267.1 16836.9 16958.2 15551.9 4817.15 17783.9 20115.9 17580.5 43811.4 34856.6 13248.3 11954.9 15423.5 7950.39 2156.99 14645.8 14594.3 8450.89
internal_count=4493835 2580528 1913307 1505618 1201188 1074910 868043 637575 950631 533091 712119 539284 469770 124940 344830 137162 605140 427198 159219 177942 61424 252983 588104 369079 280108 46763 417540 367689 477118 376064 249743 250557 532096 343040 90399 56689 279939 101054 207668 93885 51057 472853 123597 70381 63302 113783 99379 139508 116518 35672 126321 153988 133939 349256 278617 113475 102020 117958 57742 15981 98291 87516 50402
is_linear=0
shrinkage=0.176106


Tree=4
num_leaves=64
num_cat=0
split_feature=11 2 2 11 11 11 2 2 11 11 7 9 0 0 0 1 0 0 11 2 1 2 0 0 0 2 11 11 0 0 2 9 0 1 0 0 0 1 1 11 1 1 9 0 0 1 1 6 1 0 0 5 0 0 0 0 9 0 7 1 1 1 1
split_gain=18589.6 7084.81 2829.97 2714.1 2094.94 2075.71 865.765 730.509 700.528 638.38 562.889 547.217 507.581 467.294 582.581 417.518 410.774 376.982 368.665 365.286 303.999 301.835 299.354 308.072 278.828 270.125 255.104 243.458 237.669 365.112 235.346 230.033 222.309 220.043 235.17 238.416 354.029 216.713 326.874 214.863 213.198 305.887 206.909 206.086 200.971 208.973 193.537 191.106 189.406 182.467 294.602 179.658 177.991 177.643 177.313 266.121 197.149 177.058 176.579 198.051 176.475 176.993 276.637
threshold=0.87255476594989922 1330.5000000000002 1035.5000000000002 0.82746889352922481 0.91918242576137332 0.81667025701360474 710.50000000000011 1610.5000000000002 0.77052749985199231 0.75902296332568764 76.500000000000014 0.88430007122985399 3.5000000000000004 5.5000000000000009 8.5000000000000018 2.5000000000000004 8.5000000000000018 3.5000000000000004 0.94124444638457228 840.50000000000011 5.5000000000000009 2155.5000000000005 3.5000000000000004 1.5000000000000002 2.5000000000000004 650.50000000000011 0.91359371216069973 0.89034410043928547 5.5000000000000009 8.5000000000000018 2205.5000000000005 0.83470148464705207 6.5000000000000009 3.5000000000000004 6.5000000000000009 2.5000000000000004 1.5000000000000002 5.5000000000000009 6.5000000000000009 0.69484611672111685 5.5000000000000009 6.5000000000000009 0.86179824935218219 4.5000000000000009 3.5000000000000004 3.5000000000000004 3.5000000000000004 381.50000000000006 1.5000000000000002 5.5000000000000009 8.5000000000000018 225.50000000000003 3.5000000000000004 3.5000000000000004 4.5000000000000009 3.5000000000000004 0.78652607420230658 5.5000000000000009 195.50000000000003 2.5000000000000004 2.5000000000000004 5.5000000000000009 6.5000000000000009
decision_type=2 2 2 2 2 2 2 2 2 2 2 2 2 2 2 2 2 2 2 2 2 2 2 2 2 2 2 2 2 2 2 2 2 2 2 2 2 2 2 2 2 2 2 2 2 2 2 2 2 2 2 2 2 2 2 2 2 2 2 2 2 2 2
left_child=1 5 12 8 7 9 53 27 21 25 28 16 42 22 51 49 20 -11 -6 -19 33 39 23 -5 -25 -1 -14 -4 44 47 37 48 -13 34 35 36 -8 46 -39 -3 58 -42 -2 -24 45 -10 -17 -30 -21 -9 -51 -15 -27 -7 55 56 -41 -50 59 -12 -16 -62 -63
right_child=2 3 4 13 18 6 11 15 10 17 40 32 26 14 60 30 -18 19 -20 31 -22 -23 43 24 -26 52 -28 -29 29 -31 -32 -33 -34 -35 -36 -37 -38 38 -40 54 41 -43 -44 -45 -46 -47 -48 -49 57 50 -52 -53 -54 -55 -56 -57 -58 -59 -60 -61 61 62 -64
leaf_value=0.031562399075794549 0.025487744721977509 -0.11628989414036639 0.021226142828578345 0.0055625019405951036 0.058856807218008705 0.035764919350081414 0.040553537465998664 0.051025885172307474 -0.016349810119552503 -0.02775047669084629 -0.039054117212275433 -0.0052189669705755082 0.083070561121740744 -0.048299520684929417 0.040073284398230609 0.0064328299102535645 0.059819436184825006 0.029215833123962549 0.099240617471604953 -0.043224634142853491 0.036134697944043608 -0.0072216468991681427 0.027784800636935884 -0.053301059148115303 -0.011981247572049748 -0.080736381504317306 0.11486998951376075 0.045633964575807623 -0.059645741399679174 -0.0099519831707197103 0.062122260748139382 -0.034703721117615792 -0.06374218708788075 -0.0055074090369446761 -0.0085249940299314004 0.041973905433064014 -0.039478446299199492 0.048870364146177764 -0.012737954113483172 -0.03960936240372237 -0.0030515499843877473 -0.070467262183234486 0.068425425912580412 -0.0086804930983965887 -0.0083552247344280493 -0.057111704328579031 -0.030068876962541808 -0.13998739860920084 0.037631895417559923 -0.010978504580078742 0.077119280355132352 -0.010409496767389519 -0.040213242360903241 0.076005483066253279 -0.090847392323517615 -0.013613297632965269 -0.096377832185938761 -0.0038320803674630321 -0.0925066272491534 -0.079127524675683111 -0.033806950816335606 0.10074211266277486 -0.023693468657839698
leaf_weight=1246.9884076192975 4676.9475149139762 5675.2649844884872 21982.814808160067 10386.095157004893 18660.794771328568 5230.8417440056801 3537.5378655195236 6997.670477360487 6719.5694315955043 18769.062918275595 6170.9527344480157 5875.3315465524793 23664.467304773629 30718.781833097339 3127.1529579386115 6478.9930116534233 7541.4224208295345 11321.399973161519 11229.811542011797 2415.4831568598747 17579.490714266896 1617.0463259071112 9285.4021074697375 9701.1084349527955 10598.08854971081 5040.8219666108489 11688.474593520164 29930.292529672384 16926.162399679422 4947.0123598277569 1532.5914380401373 7510.1615317612886 3062.2340789139271 19202.112904988229 7138.1404600217938 13722.019608609378 3325.7998550832272 4379.5469706878066 6845.7314901202917 2876.9532005041838 3422.3756192922592 5350.77641017735 13606.648094974458 9965.0662699341774 10167.826479710639 9297.8981389477849 14785.387404851615 970.88359193503857 4807.6550343334675 4938.6809100732207 1545.6446213424206 4442.2804560065269 10090.86662568152 9732.6623874157667 15282.663922071457 2708.7583994120359 5571.6170553267002 9515.309939712286 11376.010644212365 10060.60501563549 3941.6529624536633 945.26822882145643 1338.8748403415084
leaf_count=9571 44080 29567 187038 76921 181634 47092 29232 62507 44411 140732 40221 49045 246412 200238 25727 55450 67922 98313 122921 18752 149261 9108 74075 68049 78157 32943 131262 269568 98702 33905 12553 58190 26042 162942 61117 119429 25982 38684 55724 17072 22953 33744 140269 75562 69669 59555 111016 5510 37606 38633 14747 29238 67898 96811 83506 16684 33391 74081 71600 61916 30121 8094 10318
internal_value=0.00112814 -0.021064 0.0472554 -0.0422979 0.0331487 0.00614862 0.0230213 0.0208578 -0.0599731 -0.0167437 -0.0514867 0.0158305 0.081264 -0.0200019 -0.0331217 0.00507697 0.0209292 -0.0075575 0.0740289 0.00309764 0.0163825 -0.0814606 -0.00830655 -0.0191064 -0.0317282 -0.0472203 0.0935842 0.0352984 -0.0391715 -0.0522988 -0.00531606 -0.00909665 -0.0252705 0.00898278 0.0190191 0.0285703 0.00177206 -0.00849724 0.0112986 -0.0851986 -0.0680835 -0.0441686 0.057442 0.00890843 -0.0277193 -0.0400115 -0.0189473 -0.0640041 0.00239266 0.0313041 0.010021 -0.0435125 -0.0537127 0.0619385 -0.078525 -0.0616465 -0.0770467 0.0100857 -0.0756832 -0.0638923 0.00594099 -0.0112033 0.0278029
internal_weight=563202 380257 182944 213592 129308 166665 95947.6 99417.4 119142 70717.7 85410.1 80984.1 53636.5 94449.8 44514 47504.2 72046.5 54339.1 29890.6 35570 64505.1 33732.3 49935.8 30685.3 20299.2 16378.7 35352.9 51913.1 49029.4 22844.1 34022.3 24248.6 8937.57 46925.6 27723.5 20585.4 6863.34 32489.7 11225.3 32115.3 36380.7 8773.15 18283.6 19250.5 26185.3 16017.5 21264.4 17897 16738.4 13482 6484.33 35161.1 15131.7 14963.5 26440 11157.3 8448.57 14323 27607.6 16231.6 9352.95 6225.8 2284.14
internal_count=4493473 2780975 1712498 1408014 1150475 1372961 834875 845920 731514 538086 542186 690972 562023 676500 303736 389314 615885 427674 304555 286942 547963 189328 372764 223127 146206 110412 377674 456606 311752 138117 273427 188629 75087 398702 235760 174643 55214 260874 94408 180220 230434 56697 184349 149637 173635 103966 166466 104212 130439 115887 53380 229476 100841 143903 150653 67147 50463 111687 173737 102137 74260 48533 18412
is_linear=0
shrinkage=0.176106


Tree=5
num_leaves=64
num_cat=0
split_feature=11 2 2 11 11 11 2 8 8 8 1 1 5 2 2 8 2 2 7 8 1 1 1 1 1 1 2 8 1 5 1 11 5 8 11 3 1 8 11 2 7 7 2 8 11 5 11 8 2 2 2 2 10 2 5 7 10 7 1 1 1 1 1
split_gain=13033.9 5031.75 2037.04 1827.98 1569.69 1494.85 848.003 733.724 680.715 631.146 543.169 697.154 455.351 440.393 429.363 414.142 390.538 301.504 301.296 299.748 254.264 348.979 252.323 383.371 441.917 278.422 249.387 247.84 267.954 230.689 226.408 225.764 215.413 243.096 207.594 202.122 196.755 196.501 193.084 191.389 187.241 184.925 184.428 291.653 181.626 174.163 171.665 157.684 155.923 153.957 149.89 148.211 140.65 135.995 135.703 133.324 137.605 152.754 126.392 342.529 151.993 123.627 218.469
threshold=0.87516733032079108 1445.5000000000002 1035.5000000000002 0.82249603447435815 0.82746889352922481 0.92701765369346278 845.50000000000011 0.84154593889460827 0.8806295869237083 0.84496713270957635 3.5000000000000004 5.5000000000000009 176.50000000000003 2105.5000000000005 2005.5000000000002 0.86628032038578417 705.50000000000011 1710.5000000000002 50.500000000000007 0.90127320420397428 5.5000000000000009 3.5000000000000004 2.5000000000000004 5.5000000000000009 6.5000000000000009 1.5000000000000002 810.50000000000011 0.79865757073970556 6.5000000000000009 194.50000000000003 6.5000000000000009 0.95798838169005152 160.50000000000003 0.90127320420397428 0.9117963314358003 15.500000000000002 1.5000000000000002 0.85824804301739877 0.71472257633703651 925.50000000000011 233.50000000000003 179.50000000000003 1510.5000000000002 0.90127320420397428 0.90512172251302692 217.50000000000003 0.92900998963339942 0.90127320420397428 1610.5000000000002 1545.5000000000002 636.50000000000011 805.50000000000011 0.80108121797144727 1635.5000000000002 219.50000000000003 173.50000000000003 0.86751522806253079 233.50000000000003 5.5000000000000009 6.5000000000000009 2.5000000000000004 5.5000000000000009 6.5000000000000009
decision_type=2 2 2 2 2 2 2 2 2 2 2 2 2 2 2 2 2 2 2 2 2 2 2 2 2 2 2 2 2 2 2 2 2 2 2 2 2 2 2 2 2 2 2 2 2 2 2 2 2 2 2 2 2 2 2 2 2 2 2 2 2 2 2
left_child=1 3 8 9 7 10 15 14 34 12 44 37 16 22 17 50 -1 41 61 51 21 36 25 53 -25 55 40 -18 38 47 -13 -7 33 -28 -2 -32 -8 -12 -29 -35 -11 -3 -39 54 48 -15 -21 49 -4 -20 -5 -10 -51 -24 -44 -6 57 -57 60 -60 -19 -9 -63
right_child=2 4 5 6 13 31 20 18 19 26 11 30 -14 45 -16 -17 27 58 29 46 -22 -23 23 24 -26 -27 32 28 -30 -31 35 -33 -34 39 -36 -37 -38 42 -40 -41 -42 -43 43 -45 -46 -47 -48 -49 -50 52 -52 -53 -54 -55 -56 56 -58 -59 59 -61 -62 62 -64
leaf_value=0.022734669051618334 0.0483373258597855 -0.047575266454966 0.041326173224178968 0.055525131594816875 -0.018051329155288006 0.065598264063765663 -0.0048455417968042806 -0.027646783210632846 0.13928499300666181 0.047396685884056482 0.005935610836547877 0.05052488278252204 -0.077014607831277296 0.0022125280190553672 -0.035003031944857252 0.079824665317157345 -0.044159935084334759 -0.07302351265361462 -0.029007517541196834 0.037958407414930097 0.025389793377208935 -0.014062802916936458 -0.023789918311165899 0.020683558775293091 -0.032663108916364363 0.012511846135445346 0.010988464764491277 -0.081636262385688413 0.028981679958539296 -0.020392048614552793 0.038392111580450847 0.11824820788533684 -0.023244325052249035 -0.24372918714995839 0.080427949553446787 -0.0032023347340826664 0.023896362961974921 0.0030218042979852024 -0.019231542031547554 -0.04210551257379249 -0.0096145905810682067 -0.090170090064562461 -0.05523798999000594 0.03396331499182622 0.054267864543039196 0.055779135945629589 0.10056342289135968 0.045216608466780564 0.015357005052843646 -0.10495441159273823 0.023682544182023355 0.099271309163679308 -0.058805646481107587 -0.047711532509936309 0.054582992228465292 -0.19092146637665683 -0.0066392257522376206 -0.060865328830340563 -0.017072157693699515 -0.10025330571869596 -0.10619062421410475 0.038444834094602441 -0.030592571948901252
leaf_weight=5384.9785294532776 21625.671900458634 15109.484252385795 14815.962413474917 6207.1392722651362 8972.308295302093 17871.799425698817 11132.72520942241 14562.331164754927 5311.4563917666674 5615.0057432353497 15670.998050145805 10956.871896751225 5158.79375077039 6917.30003362149 11664.12013360858 7357.2772805765271 16958.636739261448 6947.6748995780945 4700.3740830942988 2873.1435076668859 20987.79412329942 22878.945944517851 10443.892900727689 8360.5189451426268 11359.01131837815 10923.07449400425 18350.317940853536 1657.528560012579 3437.5560997202992 7800.8268753811717 7039.9550232961774 2941.600202254951 12406.279925495386 180.3982045352459 8794.2310638353229 7465.3521750569344 21951.638814203441 5681.6079096868634 21264.139705345035 765.9825155287981 2620.3674032539129 3997.3396671935916 7725.4944081678987 1512.932408079505 12391.831903286278 2586.2179370597005 2576.435306198895 473.71219351142645 13895.17143663764 2350.8409518748522 17539.360916487873 6247.9260535240173 15909.082964748144 25045.30383887887 365.46253512054682 414.33001009374857 717.34883919358253 864.39082738012075 2694.9353516176343 3568.0661856085062 11181.25934651494 2766.0741288289428 2924.6570304483175
leaf_count=46586 228754 87129 134548 62528 65798 196800 92917 88624 62907 48916 127069 103177 35681 48631 67231 74901 115625 40480 28421 33459 176092 186206 71537 64292 79523 79590 137566 9780 25103 46851 63930 35015 90704 1292 104149 61589 182914 51601 155607 5275 23192 23082 58005 12369 121237 19266 31428 3188 119426 12382 163696 72018 96391 168732 2745 2805 5367 6202 16393 20000 60841 18123 17787
internal_value=0.00110702 -0.0162816 0.0425541 0.00316396 -0.0365926 0.0301947 0.0187782 -0.0508948 0.0733905 -0.0148232 0.0210507 0.00983263 -0.0272624 -0.0189797 -0.0650069 0.043317 -0.0219925 -0.0730523 -0.0357756 0.101605 0.00885957 0.00266028 -0.0233888 -0.0297327 -0.0100456 -0.00738977 0.00195263 -0.0275527 -0.0168681 -0.0466235 0.0314178 0.0730394 -0.00514003 0.00649963 0.0576146 0.016985 0.0142249 -0.00792153 -0.0237442 -0.0805388 0.0292566 -0.0564865 -0.0221282 -0.0370067 0.0364488 0.0167898 0.0675566 -0.0553555 0.028758 -0.0574305 0.0320059 0.117657 -0.064747 -0.0406718 -0.0502775 -0.0272092 -0.0683736 -0.103006 -0.0860287 -0.0644609 -0.0934798 -0.0190457 0.0029642
internal_weight=560873 395109 165764 201855 193254 118335 108055 106651 47428.9 93800 97521.6 56418.7 53861.6 86603.7 55162.9 31103.8 48702.8 43498.8 51487.9 17009 76951.1 55963.3 77100.2 55208.7 19719.5 21891.5 39938.4 43317.9 26359.2 31234.8 25462.2 20813.4 31703 19296.7 30419.9 14505.3 33084.4 30956.5 22921.7 946.381 8235.37 19106.8 15285.5 9603.89 41103 9503.52 5449.58 23434 28711.1 22960.3 23746.5 11559.4 18259.9 35489.2 8090.96 10968.4 1996.07 1278.72 24391.9 6263 18128.9 20253.1 5690.73
internal_count=4493473 2873247 1620226 1634581 1238666 1087511 939254 626923 532715 695327 855696 480485 388382 611743 315156 301125 352701 247925 311767 199812 638129 462037 543846 384084 143815 159762 306945 306115 190490 187233 228696 231815 234837 144133 332903 125519 275831 251789 165387 6567 72108 110211 124720 73119 375211 67897 64887 140382 253974 137194 226224 134925 108773 240269 60750 80172 14374 9007 137714 36393 101321 124534 35910
is_linear=0
shrinkage=0.176106


Tree=6
num_leaves=64
num_cat=0
split_feature=11 12 11 12 11 11 11 12 9 0 0 0 0 0 0 0 12 0 0 1 1 1 0 1 9 0 0 12 0 0 6 9 0 0 1 9 11 0 12 4 1 5 4 1 0 0 6 0 0 0 9 9 0 9 7 4 9 0 10 0 0 0 0
split_gain=9237.39 3684.35 1513.38 1282.81 1098.74 959.2 574.289 507.479 407.137 406.911 406.347 546.142 896.061 390.161 348.783 537.138 347.405 341.324 488.705 292.278 594.954 477.543 516.479 273.966 268.53 263.389 406.586 247.557 237.982 227.863 229.136 215.297 209.011 273.831 206.73 203.789 199.812 198.866 193.859 217.04 195.045 191.942 190.025 192.39 189.661 187.165 328.479 226.355 219.538 177.744 174.005 170.35 167.522 161.558 158.131 156.56 151.414 147.88 308.214 182.501 144.217 264.436 141.275
threshold=0.88345426503321256 0.83534825092633291 0.83307599371753061 0.88422383259072179 0.81801948465694785 0.93612407575109235 0.77569450520372096 0.86947312089378326 0.85311337052496505 2.5000000000000004 8.5000000000000018 5.5000000000000009 3.5000000000000004 8.5000000000000018 1.5000000000000002 2.5000000000000004 0.90851851965945485 5.5000000000000009 8.5000000000000018 5.5000000000000009 6.5000000000000009 2.5000000000000004 6.5000000000000009 2.5000000000000004 0.81300475711592879 2.5000000000000004 1.5000000000000002 0.83534825092633291 8.5000000000000018 3.5000000000000004 208.50000000000003 0.80443753362022608 2.5000000000000004 1.5000000000000002 1.5000000000000002 0.88331378835544738 0.94545376330629716 8.5000000000000018 0.86947312089378326 681.00000000000011 6.5000000000000009 187.50000000000003 2340.0000000000005 6.5000000000000009 7.5000000000000009 3.5000000000000004 123.50000000000001 1.5000000000000002 4.5000000000000009 5.5000000000000009 0.84079282354959461 0.83270944138661751 5.5000000000000009 0.88996644052045726 193.50000000000003 565.00000000000011 0.90440031169700774 2.5000000000000004 0.81499633825503093 1.5000000000000002 2.5000000000000004 1.5000000000000002 6.5000000000000009
decision_type=2 2 2 2 2 2 2 2 2 2 2 2 2 2 2 2 2 2 2 2 2 2 2 2 2 2 2 2 2 2 2 2 2 2 2 2 2 2 2 2 2 2 2 2 2 2 2 2 2 2 2 2 2 2 2 2 2 2 2 2 2 2 2
left_child=1 4 6 5 19 10 57 8 -4 -5 11 12 14 32 -2 -16 24 23 35 21 28 22 25 60 -8 26 -1 -13 44 30 -26 -23 33 -9 -28 -19 -11 -24 39 -31 56 -10 43 -34 -21 46 47 -25 -47 -41 -48 -50 -43 -35 -27 -29 -40 58 -3 -60 61 -6 -59
right_child=3 2 7 9 17 -7 16 13 41 36 -12 27 -14 -15 15 -17 -18 18 -20 20 -22 31 37 45 29 54 34 55 -30 38 -32 -33 42 53 -36 -37 -38 -39 40 49 -42 52 -44 -45 -46 48 50 -49 51 -51 -52 -53 -54 -55 -56 -57 -58 62 59 -61 -62 -63 -64
leaf_value=0.0034604679757929678 0.038689132999107971 -0.015348209246274344 0.021945501743152521 0.035119399799095917 0.028272614998547291 0.076477986696077652 0.009336963492951815 0.031369555106503598 -0.0016697562762736748 0.072359518512699741 0.059504387757222492 -0.012445614996283286 0.062085871842024652 0.074846628907781945 -0.034753408105231413 0.026104546030852317 0.036502813507658494 -0.039868957788486301 0.0059516460716033922 0.0088652621564340034 -0.050742438817752381 -0.078794857129030171 -0.080856981327168315 -0.0097455221936822468 -0.035852166523913667 0.013104659456416255 -0.15213637828474411 0.038944682876385452 0.092617267761114022 0.0020905430878175855 0.029866205489677236 -0.051947962087736263 0.030134494364159405 -0.031886615943797735 -0.047853218119919112 0.0047754583625880965 0.12067977260763785 -0.026982087606618046 0.0048751220912041189 7.4074948599360123e-05 0.06015084589306012 -0.010997234588991205 -0.031978959223267447 0.068818976123317666 -0.060275841014590804 0.021552625267296351 -0.021158718404777462 -0.053371314671965507 -0.054053696165786272 -0.055003389444227876 0.026251939759391853 -0.0018231806537270087 -0.073953056023484481 0.056759152299651242 -0.043507191722846762 -0.0028168790076702277 -0.12884028792635485 -0.011653287967185538 -0.049545977190216618 -0.1268185107618095 0.025371962715381738 -0.044876644000737258 -0.037585973417455849
leaf_weight=2566.761779204011 9423.6684301868081 3832.6664581596851 25403.104128099978 9412.4535915255547 2991.5295276939869 11962.54363476485 25882.494903571904 6437.0052717253566 18665.63366343081 28342.047564022243 8550.4880018010736 18124.483229778707 17665.734313108027 5653.1994844302535 8653.5928437933326 9365.8140602037311 6718.1841495484114 38305.531062684953 10737.177303686738 7563.5099743008614 13305.539540350437 13973.126953482628 6360.5026453733444 5452.9888458624482 15682.058532342315 9327.2679258957505 1131.1226191222668 6388.6031808331609 899.21174488216639 8871.0879525989294 1838.2715381681919 27488.805711187422 30835.163902893662 5217.3460352271795 1231.3634616881609 3457.1941350549459 2928.2960115969181 3190.9080097824335 13672.575313970447 2667.5056550428271 2077.2452624887228 2876.4580086544156 1358.5087626576424 4579.2471627369523 1469.4868945330381 7545.4914209619164 5016.9512122198939 11399.351110100746 2933.2294133380055 5700.5845261663198 4604.0447180792689 5699.8629663363099 2408.3643108606339 726.39710038900375 1830.5252941697836 4934.3643454909325 267.77966576069593 15176.235455878079 2003.0257008746266 1799.4973433539271 9588.9892986118793 3142.9330365881324 11415.93635109812
leaf_count=15709 86872 24350 206813 104730 23501 148725 198724 58928 156777 347241 83007 149979 166346 57963 77313 87260 65765 237369 84112 47345 73767 72717 31430 39021 113305 56909 6749 61420 6069 65264 13669 151437 302020 45333 7541 23598 39116 19026 115186 20203 18059 23618 12468 44942 7682 58818 33762 77337 19954 41198 33254 42806 19269 6653 10863 46745 2087 102716 12986 11217 76249 22202 76506
internal_value=0.00108192 -0.0117462 0.00390971 0.041052 -0.0290012 0.0298533 -0.00978147 0.0193681 0.00641449 0.0672216 0.023142 0.0189718 0.0311499 0.0310328 0.0112357 -0.00312172 -0.0018967 -0.0172546 -0.0275579 -0.0434182 -0.0263965 -0.049313 -0.0304202 -0.00798831 -0.0052619 -0.0111604 -0.0450631 0.000316913 0.0062182 -0.0127033 -0.0289569 -0.0609957 0.0259938 0.00620255 -0.0977824 -0.0361732 0.0768844 -0.0628586 -0.00414068 -0.0171011 0.00980813 -0.0100585 0.0326571 0.0351366 -0.0023826 -0.0153134 -0.0244332 -0.0392551 -0.000390555 -0.0374463 0.00152924 -0.0195693 -0.039687 -0.021053 0.00381703 0.0207457 0.00230659 -0.0289887 -0.0505915 -0.0861143 0.011882 -0.00920471 -0.0227861
internal_weight=558731 422979 221766 135752 201213 95069.3 117605 104160 49353.6 40682.8 83106.7 74556.3 45108.8 54806.9 27443.1 18019.4 83377.8 110875 52499.9 90338.1 23237.7 67100.4 25638.5 58375.4 76659.6 16087 4929.25 29447.5 9932.21 50777.1 17520.3 41461.9 49153.7 12380.7 2362.49 41762.7 31270.3 9551.41 33256.8 17239.2 16017.6 23950.5 36772.9 35414.4 9033 42651.9 26473.3 16852.3 16178.6 8368.09 9621 8633.09 5284.82 5943.74 11157.8 11323 13940.4 34227.4 7635.19 3802.52 15723.5 6134.46 26592.2
internal_count=4494000 3095246 1816019 1398754 1279227 907667 881235 934784 406477 491087 758942 675935 417791 528307 251445 164573 653460 771983 345079 507244 134863 372381 148227 426904 587695 97771 29999 258144 61096 388971 126974 224154 470344 110914 14290 260967 386357 50456 261997 126665 135332 199664 359430 346962 55027 304952 183374 116358 121578 61401 67016 62760 42887 51986 67772 108165 117273 227775 48553 24203 121952 45703 179222
is_linear=0
shrinkage=0.176106


Tree=7
num_leaves=64
num_cat=0
split_feature=3 9 8 3 8 4 8 8 1 8 7 9 8 9 1 7 6 1 1 12 3 9 8 3 1 1 8 1 5 8 1 3 7 8 9 3 9 9 9 4 3 9 6 9 9 4 7 4 1 3 8 1 8 9 9 8 1 6 6 8 7 4 3
split_gain=3836.97 2375.69 2205.8 1089.87 911.237 795.224 749.159 696.122 489.989 573.902 424.164 511.369 396.813 357.54 342.339 312.398 304.938 273.621 273.04 264.871 263.811 256.663 248.882 233.725 227.618 354.568 274.805 242.639 216 210.404 204.842 204.399 180.423 223.659 179.581 170.542 164.144 162.006 160.122 157.289 254.402 156.733 149.7 136.577 135.636 144.759 131.111 130.152 129.673 121.661 120.915 119.265 116.042 115.67 112.378 112.143 111.454 107.783 185.874 121.624 105.732 105.676 105.442
threshold=12.500000000000002 0.88430007122985399 0.86628032038578417 7.5000000000000009 0.84154593889460827 1450.5000000000002 0.84496713270957635 0.90127320420397428 3.5000000000000004 0.8806295869237083 113.50000000000001 0.81204943875531377 0.90127320420397428 0.86080317720381305 5.5000000000000009 41.500000000000007 204.50000000000003 6.5000000000000009 6.5000000000000009 0.83534825092633291 16.500000000000004 0.83055930416159029 0.86628032038578417 8.5000000000000018 3.5000000000000004 5.5000000000000009 0.8806295869237083 6.5000000000000009 195.50000000000003 0.8806295869237083 6.5000000000000009 6.5000000000000009 41.500000000000007 0.83526014591826703 0.85981433926680995 21.500000000000004 0.842470519626908 0.842470519626908 0.89691561587611812 446.50000000000006 16.500000000000004 0.87594858245229612 57.500000000000007 0.79594321069374219 0.79011244078647347 255.50000000000003 251.50000000000003 594.50000000000011 3.5000000000000004 9.5000000000000018 0.85154788907268331 5.5000000000000009 0.83526014591826703 0.87924733125910104 0.79041369763972813 0.78730933661789715 2.5000000000000004 125.50000000000001 311.50000000000006 0.8563935865996698 212.50000000000003 594.50000000000011 10.500000000000002
decision_type=2 2 2 2 2 2 2 2 2 2 2 2 2 2 2 2 2 2 2 2 2 2 2 2 2 2 2 2 2 2 2 2 2 2 2 2 2 2 2 2 2 2 2 2 2 2 2 2 2 2 2 2 2 2 2 2 2 2 2 2 2 2 2
left_child=2 4 5 46 10 6 13 8 22 35 11 16 29 17 -11 24 19 31 -16 43 44 -22 60 -7 36 26 -26 50 -23 53 37 47 -13 39 62 -10 -6 -8 41 40 -34 -14 -25 -2 -17 -46 -4 -1 -39 -32 -27 52 -12 -5 -21 -33 -9 59 -59 -47 -3 -57 -31
right_child=1 7 3 12 15 23 30 56 9 14 51 32 38 -15 18 20 -18 -19 -20 54 21 28 -24 42 25 27 -28 -29 -30 34 49 55 33 -35 -36 -37 -38 48 -40 -41 -42 -43 -44 -45 45 57 -48 -49 -50 -51 -52 -53 -54 -55 -56 61 -58 58 -60 -61 -62 -63 -64
leaf_value=0.036728080460313832 -0.047423560927525324 0.023697586599775219 0.10249688583358438 0.038413295819465371 -0.00018114172367540262 -9.5863875665568133e-05 0.013625203381088873 0.089583867132678324 0.010839861970903222 -0.065175555151833819 -0.062780517386676102 4.1852782291043751e-05 0.0101296980635421 0.0243538473791222 0.059893912709478449 0.024673679674863683 -0.056445178206579023 0.027071954979611977 -0.034002629827306424 -0.012508763819104205 -0.037697756412662722 -0.020412740491596533 0.05422009251554577 0.0029860230261855359 -0.011410284447398269 0.070457999388913478 -0.058195869114135018 -0.0093996502071525979 0.015492017628502006 0.052145170922023108 0.071248357450040115 -0.033888177256444697 0.029455244313538763 -0.063275241785219011 0.069881388401606834 0.070659497336164459 0.028044111060219448 0.043247484875125725 0.02138643868292351 -0.032802972512943999 -0.026879829096104702 -0.068704276674337497 -0.046622905986383738 -0.013291527080593312 0.019530136274814761 -0.014993614298162022 0.044468091088165775 -0.018937475657941079 0.020654045549471655 0.03025104832557338 0.020070022647092324 -0.028695133889434333 -0.027348771762816984 0.0037252842178149771 0.047907161399567112 -0.0036776612877038803 0.050494456164416501 -0.030999505677843354 0.015622789225548148 0.0079126018219368797 -0.020987392379390218 -0.02415327621654698 0.010373877828060932
leaf_weight=4361.9978236034513 9544.3286117464304 7670.814390398562 10928.448464110494 10409.238348983228 13437.844058379531 8523.0816852077842 28686.253359943628 3152.776824913919 15022.48111949116 5649.2191773205996 16238.335202559829 22217.244984768331 1521.0506052970886 16344.244668714702 1552.7497735992074 4028.2825507521629 17123.202928163111 7141.219356611371 2517.9340010657907 1930.0777332037687 23239.253632202744 27895.548363827169 9455.5529275387526 2298.766829662025 13299.278508849442 2005.6476459279656 5505.3884272500873 8972.265725441277 6385.9340965822339 4732.9879539459944 4705.1249239221215 7330.7091151475906 4783.0431598722935 3505.1724172607064 11999.564071074128 1639.3655820116401 12183.568339936435 15709.500947088003 4528.4660351872444 8161.2531455606222 5176.8231361061335 1610.0376967042685 10518.59900072217 5873.1703135371208 5036.0785431042314 17012.738651171327 1357.5446553826332 1857.3211787119508 15804.181749738753 4293.2414287850261 5603.5055858567357 6301.6948663666844 3481.2797203063965 4177.9597999081016 1889.6946262642741 25227.635901339352 8008.4461799040437 14748.65123732388 3233.4800443947315 12449.692642264068 2089.5887725874782 11327.102530397475 3102.8349514231086
leaf_count=43296 49137 74232 140506 97572 88885 81206 249173 35064 132577 45668 95829 151001 14875 171073 15764 25591 93685 59420 22994 11381 140805 199305 91535 20220 85860 14825 37442 62168 45051 48700 48308 51599 34062 22681 142001 14508 95886 163007 54814 53827 33842 16954 83440 34220 37645 119311 15069 17650 162172 38909 44549 39553 22317 42449 12575 206255 84959 102836 23548 97702 17864 86203 28445
internal_value=0.0010076 -0.010749 0.0191954 0.049939 -0.0173812 0.00901143 0.0137504 0.0221163 0.0124672 -0.00311309 -0.0302485 -0.0239098 0.0364666 0.00138085 -0.0371204 -0.00957241 -0.0393511 -0.00517815 0.00181392 -0.0241356 -0.0150143 -0.02341 0.0338576 -0.0226968 0.000599009 -0.00855419 -0.0251076 0.0102187 -0.0137244 0.0445334 0.026905 -0.00977462 -0.011104 -0.0225545 0.0563406 0.0167255 0.0132406 0.0232006 0.00021399 -0.0146779 0.000174057 -0.0304075 -0.0377257 -0.0344212 -0.00646818 -0.00885855 0.096085 0.0201043 0.0319168 0.051688 0.0333515 -0.0497856 -0.0565254 0.0284782 0.0173798 -0.014009 0.0615363 -0.0118719 -0.0226161 -0.00531433 0.0141311 -0.0100224 0.0356045
internal_weight=556519 338021 218497 54368.1 281262 164129 142789 56758.9 45597.7 26381.7 106225 80204 42082.1 73590.2 9719.9 175037 36360.5 57246 4070.68 19237.3 114030 57520.7 19216 21340.4 61007.5 35386.1 18804.7 16581.4 34281.5 34422.6 69198.3 50104.8 43843.5 21626.3 19835.4 16661.8 25621.4 60199.9 7659.55 18121.1 9959.87 3131.09 12817.4 15417.5 56508.9 52480.6 12286 6219.32 31513.7 8998.37 7609.15 26021.3 19719.6 14587.2 3819.77 43885.4 11161.2 47444.6 17982.1 29462.4 9760.4 36554.7 7835.82
internal_count=4494000 2410684 2083316 601385 1875519 1481931 1297065 535165 415142 231511 654110 496411 445810 635496 84426 1221409 200998 464423 38758 107313 791794 385161 183631 184866 429615 244844 123302 121542 244356 359167 661569 405003 295413 144412 219146 147085 184771 574352 86643 121731 67904 31829 103660 83357 406633 381042 155575 60946 325179 87217 59374 157699 118146 140021 23956 344057 120023 343397 126384 217013 92096 292458 77145
is_linear=0
shrinkage=0.176106


Tree=8
num_leaves=64
num_cat=0
split_feature=11 2 11 0 11 8 2 2 8 0 0 0 4 8 0 0 7 0 11 11 8 8 10 8 8 0 10 0 0 8 0 0 0 2 4 8 2 2 9 0 11 8 8 4 8 0 0 0 8 8 2 10 8 8 8 0 2 8 9 3 9 11 0
split_gain=5319.61 1881.03 1013.58 836.272 785.228 742.413 607.729 423.637 421.246 389.116 377.777 433.279 376.503 392.716 333.476 331.817 320.666 289.278 282.377 280.044 276.368 269.518 264.197 255.873 255.431 223.687 221.701 220.503 219.644 222.351 211.454 210.283 209.384 204.777 197.674 189.095 187.298 184.159 284.401 289.475 182.44 180.071 161.733 159.984 159.643 157.913 304.634 390.774 194.039 165.896 153.283 148.786 148.67 406.007 146.605 153.745 140.022 138.469 136.222 161.342 135.194 133.581 133.222
threshold=0.88931745454275479 1235.5000000000002 0.83653984881870269 3.5000000000000004 0.92701765369346278 0.84496713270957635 715.50000000000011 1405.5000000000002 0.848122963620355 5.5000000000000009 5.5000000000000009 8.5000000000000018 1193.0000000000002 0.78730933661789715 3.5000000000000004 2.5000000000000004 96.500000000000014 1.5000000000000002 0.95466933535381793 0.85023539950630389 0.90127320420397428 0.8806295869237083 0.81499633825503093 0.86628032038578417 0.90127320420397428 6.5000000000000009 0.8356817427096267 2.5000000000000004 8.5000000000000018 0.85370962442027898 1.5000000000000002 6.5000000000000009 8.5000000000000018 2151.0000000000005 1563.5000000000002 0.8806295869237083 1120.5000000000002 1535.5000000000002 0.80007737908718268 4.5000000000000009 0.78980745669305885 0.90127320420397428 0.85154788907268331 733.50000000000011 0.90127320420397428 8.5000000000000018 5.5000000000000009 3.5000000000000004 0.8806295869237083 0.90127320420397428 810.50000000000011 0.77773195734762213 0.85154788907268331 0.85370962442027898 0.90127320420397428 1.5000000000000002 820.50000000000011 0.90127320420397428 0.81204943875531377 15.500000000000002 0.84079282354959461 0.75281012157378235 3.5000000000000004
decision_type=2 2 2 2 2 2 2 2 2 2 2 2 2 2 2 2 2 2 2 2 2 2 2 2 2 2 2 2 2 2 2 2 2 2 2 2 2 2 2 2 2 2 2 2 2 2 2 2 2 2 2 2 2 2 2 2 2 2 2 2 2 2 2
left_child=1 3 8 5 7 22 23 15 16 58 14 41 13 -8 17 54 33 -4 -6 20 25 27 -1 -5 30 51 31 -19 29 42 34 -14 -27 37 -7 -17 -22 43 39 -39 -24 52 -11 -3 50 46 47 48 -9 -48 -37 -15 -12 -54 55 -2 -32 -23 59 -10 62 -18 -60
right_child=4 2 10 6 18 24 12 45 9 28 11 -13 26 19 -16 35 61 21 -20 -21 36 57 40 -25 -26 32 -28 -29 -30 -31 56 -33 -34 -35 -36 44 -38 38 -40 -41 -42 -43 -44 -45 -46 -47 49 -49 -50 -51 -52 -53 53 -55 -56 -57 -58 -59 60 -61 -62 -63 -64
leaf_value=-0.0070142797639977505 0.040404423921756812 -0.0043165805523991295 0.016625532236231966 0.037940648750092912 0.053283535503871472 0.041327998064618857 -0.028878466993007623 0.0242669250650146 0.041215073885037347 -0.035876660375027569 -0.011375768035410778 0.015771776817667442 -0.0046378023986763566 0.083900250014245031 0.02151390398103889 0.038736892011643605 -0.076248335547634577 -0.024583488109798688 0.10016671062420547 0.038004753959900613 -0.13594456837703697 -0.059128977445968595 -0.081043263091898923 0.09689042105158191 -0.08235121509309401 -0.0099901155250376114 0.0027627518500282946 0.011387048990622808 -0.0010905495103766109 -0.018365460653988641 0.020850120723620406 -0.068507424992984706 0.028226911118353602 0.014831214244255703 -0.023106862162424868 0.12568613677281418 0.063046033868485243 -0.025610954180309259 -0.023916084227501775 -0.075499294452768886 -0.036323592914333763 0.043201038364973111 -0.074369901652900583 -0.042628493918348095 0.032392552135638658 0.047241671404297213 -0.014118698204867304 0.053528612953764126 -0.017376302454774957 0.044143614181050367 0.067173167698524008 0.023984961363241838 -0.068089174026047181 -0.019161874775011013 -0.059741961766305217 -0.0067549959864418255 -0.010257423318776765 0.031686663237417458 -0.03701814319324722 -0.001423944999231549 0.0032850165474993978 -0.042994389644514228 0.00033417462927068972
leaf_weight=7571.9058885797858 4467.3988282307982 13964.483068555593 13291.635480009019 14813.089244000614 22019.968654990196 8814.7388737723231 5287.458555214107 7967.7334319502115 4083.0988884046674 8546.3505972921848 17713.39294565469 11805.251223661005 3094.1806515604258 1380.7832984030247 24403.663696199656 20697.289879836142 4380.1028852462769 10282.430291727185 4864.3893857114017 20421.289770424366 620.3526226952672 4985.4047993868589 3739.1571785137057 2699.7310813814402 950.36039157211781 14181.172901041806 12317.782957836986 10875.484987728298 6998.6415202543139 11771.273187801242 6654.2122949585319 3307.7253123298287 6476.6990403607488 3630.009977594018 1773.7006155624986 1796.3438319377601 192.12996902316809 6259.7129881754518 26753.985638350248 8512.3732263445854 11626.752885878086 1275.2594529092312 5605.4869561344385 4459.9470221921802 2939.1157419979572 4209.5822509601712 13818.467030651867 8731.2893562689424 6147.6258716061711 1702.4277225807309 6115.2993588522077 18607.720153965056 7158.7691240459681 19830.579381644726 829.83316154032946 4122.289806611836 13782.784193314612 581.41750415414572 7805.8404921665788 8443.7547710090876 11995.101708747447 25892.691599316895 4771.6162328869104
leaf_count=53487 49164 86311 103903 156724 285205 80939 37981 71242 28657 47285 116714 99070 24868 10556 199930 242173 21880 72190 71206 211783 4312 36715 23349 34752 8212 117683 107103 82723 47164 67139 64756 26169 55682 20608 15153 28086 1432 33326 150510 40923 94338 9098 31662 26924 36281 41728 113159 83522 55820 15952 74885 158942 47364 133944 9203 43933 116542 4604 47665 51812 80874 147007 31462
internal_value=0.000995814 -0.00760022 -0.0161235 0.00780164 0.0355882 -0.00976183 0.0171292 0.0271641 -0.0251756 -0.0148385 -0.00398472 -0.0143233 0.0110327 0.0171882 0.00528875 0.0399485 -0.0328878 -0.00460603 0.0617665 0.0211245 0.0128098 -0.0151656 -0.0339383 0.0470282 0.00758113 0.0148426 -0.0110538 -0.00609409 -0.0287746 -0.0362487 0.0103359 -0.0376378 0.00199177 -0.0257848 0.0305343 0.0486088 -0.0888887 -0.0282441 -0.0347455 -0.054359 -0.0472057 -0.0220505 -0.0511237 -0.0135906 0.0674391 0.014863 0.0113105 0.0242444 0.00613016 -0.00772813 0.0804586 0.0281238 -0.0239119 -0.0321396 0.0109433 0.0177721 -0.000128919 -0.0496439 -0.00247166 0.0124741 -0.0100909 -0.0478058 -0.0228475
internal_weight=554821 444391 286078 158314 110429 54913.6 103400 83544.7 163874 70021.2 122203 57783.3 85887.3 67167.6 64420 40967.6 93853.3 40016.4 26884.4 61880.1 41458.9 26724.7 22937.8 17512.8 31975.8 40646.4 18719.7 21157.9 32921.8 25923.1 31025.4 6401.91 20657.9 63580.5 10588.4 31548 812.483 59950.5 41526.1 14772.1 15365.9 45978 14151.8 18424.4 10850.8 42577.1 38367.5 22846.6 14115.4 15520.9 7911.64 19988.5 44702.7 26989.3 9419.52 8589.69 20437 5566.82 37099.4 12526.9 24572.6 30272.8 12577.5
internal_count=4493786 3272227 1867464 1404763 1221559 456776 947987 865148 961209 433720 906255 406190 756511 598371 500065 483725 527489 300135 356411 560390 348607 196232 171174 191476 285602 342863 158140 154913 193250 146086 277390 51037 173365 358602 96092 381425 5744 337994 224759 74249 117687 307120 78947 113235 139252 381423 339695 210584 127062 129111 102971 169498 298022 181308 102300 93097 181298 41319 240470 80469 160001 168887 79127
is_linear=0
shrinkage=0.176106


Tree=9
num_leaves=64
num_cat=0
split_feature=11 11 12 12 11 0 3 11 0 10 11 9 0 0 0 8 9 12 0 0 0 0 12 9 8 9 0 0 9 0 0 0 0 0 5 10 3 8 8 0 9 0 3 10 9 9 0 11 5 8 8 10 8 0 8 8 10 3 9 0 0 0 0
split_gain=3807.71 1150.91 892.091 636.29 527.383 362.894 340.918 340.121 289.627 356.934 261.843 260.018 244.096 389.328 294.441 213.717 275.051 198.956 198.523 197.682 313.327 255.216 239.742 215.617 214.974 205.109 190.374 185.819 185.278 175.635 171.801 304.603 299.342 334.291 169.382 165.001 162.432 156.375 153.608 153.345 151.81 148.214 146.741 240.9 172.04 146.645 145.386 141.61 137.315 130.348 130.316 159.78 128.552 124.755 121.856 120.901 156.223 119.812 169.108 119.309 158.625 214.726 124.692
threshold=0.86259009125593389 0.91280523649705037 0.83534825092633291 0.83534825092633291 0.78980745669305885 8.5000000000000018 20.500000000000004 0.95219441726794674 8.5000000000000018 0.77773195734762213 0.77878147503720951 0.81204943875531377 2.5000000000000004 1.5000000000000002 5.5000000000000009 0.8806295869237083 0.89127477498379648 0.86947312089378326 6.5000000000000009 2.5000000000000004 5.5000000000000009 1.5000000000000002 0.86947312089378326 0.83470148464705207 0.79865757073970556 0.90358654932669269 6.5000000000000009 8.5000000000000018 0.85392096578175769 8.5000000000000018 1.5000000000000002 2.5000000000000004 5.5000000000000009 8.5000000000000018 137.50000000000003 0.83774435801711344 8.5000000000000018 0.90127320420397428 0.80652984726770349 6.5000000000000009 0.83509183109032337 3.5000000000000004 8.5000000000000018 0.77564160435723117 0.83470148464705207 0.88331378835544738 3.5000000000000004 0.68263815988989207 215.50000000000003 0.90127320420397428 0.83028932750521267 0.77773195734762213 0.848122963620355 3.5000000000000004 0.90127320420397428 0.85154788907268331 0.87574415278457785 16.500000000000004 0.79041369763972813 8.5000000000000018 5.5000000000000009 2.5000000000000004 1.5000000000000002
decision_type=2 2 2 2 2 2 2 2 2 2 2 2 2 2 2 2 2 2 2 2 2 2 2 2 2 2 2 2 2 2 2 2 2 2 2 2 2 2 2 2 2 2 2 2 2 2 2 2 2 2 2 2 2 2 2 2 2 2 2 2 2 2 2
left_child=2 3 6 30 42 12 10 17 11 34 -1 18 13 49 46 16 -16 59 -6 21 24 45 40 -23 -21 -24 38 48 29 39 -2 -32 -33 37 -10 -25 -17 55 -12 -8 -22 -26 43 -4 47 -13 -14 -44 57 -5 -29 -52 -37 -45 -43 56 -34 -28 -59 60 61 62 -3
right_child=1 7 4 5 8 -7 28 -9 9 -11 26 19 14 -15 15 36 -18 -19 -20 20 22 23 25 35 41 -27 27 50 -30 -31 31 32 33 -35 -36 52 -38 -39 -40 -41 -42 54 44 53 -46 -47 -48 -49 -50 -51 51 -53 -54 -55 -56 -57 -58 58 -60 -61 -62 -63 -64
leaf_value=-0.035017728383280523 0.02596953167720396 0.037698724082204281 0.050822012699345755 0.031998117666874187 0.025861843260734128 0.058681709852899298 0.0016283684318457168 0.086594938795584886 -0.018627177465156838 0.034048353513746549 -0.031359892160864801 0.0081435780875827816 0.021589841329354351 -0.023121407809017936 0.015664976600325568 0.087364028896513429 -0.03130606934766151 0.058208907941046807 -0.0084421719652044893 -0.025272645168007465 -0.00010911136789522667 -0.072090377477552314 0.0095439650346299029 0.0074191878804977674 0.0027398380147640304 -0.071574786612261992 -0.02185115519931875 0.02535814231030354 0.044742999782174504 0.055045105441407859 -0.035267090873691564 0.018543660082437706 -0.015880341499272903 0.027401175571031246 -0.25042034709403765 -0.08372150055438253 0.024812475474739863 0.039199151497805083 -0.0093055044841953687 -0.038961235386877062 -0.035635220409613401 0.03135042009020985 -0.058432004077459881 -0.035823230726321438 -0.046598320940305478 -0.053941889235940794 0.048778606620884568 -0.01276005280051835 -0.0022740732864703172 -0.059950158760489432 -0.16104239355439201 -0.01466025825988956 -0.019566008131012429 0.0021321136950426143 -0.054403498113599964 -0.029307907608416443 0.04068637087295994 -0.092152445269189517 -0.040389953200059815 0.065642676968906008 0.0095374200525613576 0.056149049874067249 -0.01217637888450172
leaf_weight=35109.947929263115 7532.0394608527422 3201.0496728047729 2281.7368927001953 9234.2790030613542 19994.125900916755 8273.027195982635 10256.105493918061 5422.8490415029228 191.98162467032671 13003.024319805205 11485.396679155529 10579.376466237009 9487.9649285003543 9315.9011528789997 16157.491124227643 1691.4233560711145 5082.5873905867338 12277.696340043098 7086.3958920761943 3756.9265887439251 5462.5955151543021 3493.3135376572609 16634.121507570148 3717.4488641247153 10484.453324779868 1026.3495642617345 9028.7938055619597 2734.0667291805148 2871.483206808567 1424.920645609498 7583.3494386598468 21570.604179315269 7130.627383865416 6591.4153848439455 199.24345281720161 1554.2354226335883 5391.3783455044031 1456.6374527812004 66520.131359405816 4017.3217907249928 11764.203788243234 18100.08499956131 2293.7349096536636 4241.8049794584513 7468.4628172963858 1327.9846894368529 17079.053967610002 25648.986883461475 3677.6397382691503 504.26378963887691 237.41772523522377 8914.26420263201 2570.8819503933191 7321.2682153880596 528.93284475058317 16093.749467641115 1922.3838861212134 2223.0624055713415 16380.913859948516 2806.1235130950809 9536.4670538082719 8868.3352232202888 3022.5224325358868
leaf_count=174845 64910 36889 17321 93871 166255 95685 63269 85327 1541 118849 66732 85245 100414 88086 165221 25722 54358 180557 57968 31294 40015 24718 159207 27712 86944 8863 48603 17267 19752 9488 57411 190375 49809 61609 1471 11008 56714 12339 427196 20891 85587 163982 12023 29321 47213 10789 191947 166183 20012 5006 1180 63365 20497 60080 4304 115468 14386 10937 86917 34193 106357 105369 32919
internal_value=0.000905317 0.0205301 -0.00997913 0.0132018 -0.0013026 0.023703 -0.0189459 0.0452251 0.00452014 0.0290618 -0.0216259 0.00173633 0.0197895 0.0026163 0.025751 0.013259 0.00442517 0.0395759 0.0168852 -0.00277176 0.00203558 -0.0167859 -0.00958864 -0.0356989 0.014373 0.0048297 -0.0177465 -0.0271257 0.0036131 -0.00391023 0.000846788 -0.00218816 0.00239226 -0.00810321 -0.136675 -0.0194891 0.0397502 -0.0169 -0.0125528 -0.00979576 -0.0243699 0.0194891 -0.0168449 -0.00147224 -0.0228551 0.00121941 0.0390686 -0.0165091 -0.0342422 0.027237 -0.00837885 -0.0184578 -0.0437381 -0.0117914 0.0289156 -0.0201496 -0.00386854 -0.0384968 -0.0465753 0.0312371 0.027317 0.0385518 0.0134765
internal_weight=552846 197233 355613 152098 180732 82217.4 174881 45135 131476 13394.2 156312 118081 73944.3 19054.4 54889.9 28322.9 21240.1 39712.2 27080.5 91000.9 67757.7 23243.2 34887.3 11335.9 32870.4 17660.5 121202 43196.2 18569.8 15698.3 69880.8 62348.8 54765.4 33194.8 391.225 7842.57 7082.8 26603.4 78005.5 14273.4 17226.8 29113.5 49256 13844.8 35411.2 11907.4 26567 27942.7 31310.4 9738.54 11885.7 9151.68 4125.12 11563.1 18629 25146.8 9053.01 27632.8 18604 27434.5 24628.4 15091.9 6223.57
internal_count=4493786 2024942 2468844 1443331 1438390 877024 1030454 581611 1106249 121861 917054 984388 781339 186963 594376 302015 219579 496284 224223 760165 580196 179969 293672 83935 286524 168070 742209 248281 113400 93648 566307 501397 443986 253611 3012 59217 82436 192002 493928 84160 125602 255230 332141 106722 225419 96034 292361 178206 166469 98877 81812 64545 31505 89401 168286 179663 64195 146457 97854 315727 281534 175177 69808
is_linear=0
shrinkage=0.176106


Tree=10
num_leaves=64
num_cat=0
split_feature=3 8 1 1 8 0 0 1 0 0 0 8 3 8 7 6 8 1 1 1 0 0 7 0 3 3 4 1 8 0 0 0 0 0 0 6 6 8 8 8 8 6 1 0 0 0 13 3 7 0 8 8 8 8 0 0 0 6 0 3 7 8 8
split_gain=1508.42 994.765 779.001 1943.72 982.75 1104.19 965.554 744.696 631.029 686.122 527.507 463.803 456.414 365.548 357.743 509.521 353.218 319.191 282.707 521.27 309.459 561.834 399.737 269.496 245.049 219.561 285.289 214.071 208.107 205.551 497.348 425.375 262.708 205.472 204.712 194.736 192.675 191.508 191.009 207.83 186.518 185.507 179.744 178.428 202.51 195.996 173.188 170.802 166.074 163.982 246.615 163.716 254.39 254.64 178.416 274.182 158.529 158.092 155.394 153.005 173.059 156.732 148.921
threshold=8.5000000000000018 0.8806295869237083 5.5000000000000009 3.5000000000000004 0.8806295869237083 6.5000000000000009 8.5000000000000018 6.5000000000000009 8.5000000000000018 7.5000000000000009 2.5000000000000004 0.79865757073970556 11.500000000000002 0.83028932750521267 209.50000000000003 187.50000000000003 0.90127320420397428 6.5000000000000009 1.5000000000000002 2.5000000000000004 2.5000000000000004 1.5000000000000002 183.50000000000003 5.5000000000000009 6.5000000000000009 16.500000000000004 1497.5000000000002 1.5000000000000002 0.8563935865996698 5.5000000000000009 3.5000000000000004 6.5000000000000009 1.5000000000000002 8.5000000000000018 4.5000000000000009 71.500000000000014 148.50000000000003 0.848122963620355 0.8806295869237083 0.86628032038578417 0.84496713270957635 230.50000000000003 1.5000000000000002 6.5000000000000009 5.5000000000000009 3.5000000000000004 0.8488345610256558 15.500000000000002 279.50000000000006 4.5000000000000009 0.86628032038578417 0.90127320420397428 0.8806295869237083 0.8563935865996698 1.5000000000000002 2.5000000000000004 8.5000000000000018 97.500000000000014 5.5000000000000009 16.500000000000004 175.50000000000003 0.90127320420397428 0.78730933661789715
decision_type=2 2 2 2 2 2 2 2 2 2 2 2 2 2 2 2 2 2 2 2 2 2 2 2 2 2 2 2 2 2 2 2 2 2 2 2 2 2 2 2 2 2 2 2 2 2 2 2 2 2 2 2 2 2 2 2 2 2 2 2 2 2 2
left_child=1 17 3 4 5 11 14 8 9 13 -9 58 57 -4 15 27 -3 24 20 -20 21 37 -23 47 56 29 51 -7 -25 30 32 36 48 -6 38 -33 -31 -13 39 -14 -26 -34 -17 44 45 -15 -11 -21 -5 -49 -51 52 53 -27 -54 -56 -1 -12 -2 60 -36 -61 -44
right_child=2 16 7 25 33 6 -8 10 -10 46 12 18 34 43 -16 42 -18 -19 19 23 -22 22 -24 28 40 26 -28 -29 -30 31 -32 35 41 -35 59 -37 -38 -39 -40 -41 -42 -43 62 -45 -46 -47 -48 49 -50 50 -52 -53 54 -55 55 -57 -58 -59 -60 61 -62 -63 -64
leaf_value=0.02190095693713064 -0.029219027467805046 0.089238100532263886 -0.0023877725111011759 0.0068952246683806062 0.026564042113128281 -0.037323735558654342 0.013268749874310679 -0.033428761965016957 0.085009278196849336 -0.054945457493744701 0.060520432711727162 -0.023215513262730442 0.018249674194492849 0.024921691198777639 -0.071535375148889302 -0.097933417759916291 0.023200682500382645 0.046954464202041149 0.037602600328910746 0.025717531828047611 0.01173935237551477 -0.046106880631576905 -0.18336293040975829 -0.011174247703348537 -0.0097685707094638981 -0.038471620108069517 0.0063175401710604366 -0.0023426149607937985 -0.09154470952821854 -0.043802746182841662 0.013410218297353576 0.00056233510603342733 -0.043159343125613266 0.071067057757836019 0.011580467478056843 -0.028834681052032813 -0.10052779408574415 0.0475038120958493 -0.031352181745923691 0.10509858116626068 0.013365715519618437 0.0085898931105700214 -0.11488029508142476 0.067837880144155732 -0.0026638011094601306 0.058755705066285496 -0.0028347289030669844 0.0069733282106608369 -0.054011802425755547 -0.025742723497141295 -0.21771698070827236 0.011555546988543974 0.0022323779806651253 -0.0053010637718935031 -0.15807974052787688 -0.060700230751173784 0.076249352522326105 0.015797834582227083 0.019998482388367135 -0.026008085072269774 -0.034962344747675601 0.064865059758780763 -0.037580265826199291
leaf_weight=16977.752429720014 11606.242859188467 8424.7766314148903 9737.9252367131412 9450.7000206634402 30074.380504038185 8163.2649971172214 18078.440707605332 14244.197798784822 4846.5384832061827 3989.2416781447828 5097.2964927516878 2108.0160629153252 9257.846974298358 13806.581896740943 7070.0739665552974 2876.7329237237573 3579.1267620436847 8411.1081018820405 29169.719619434327 14113.809293441474 21618.102493979037 4137.7468640580773 782.50090502947569 4154.4239490441978 19265.568146180362 33960.689839415252 5730.0186402015388 16177.606437269598 1315.5982928462327 6446.6832663193345 18227.809113122523 12149.988248240203 16181.406690496951 3603.0084554366767 12125.154848325998 16451.35290492326 2608.4745794273913 2719.8262082636356 2162.7321307919919 941.43276096135378 24621.493006844074 2477.2295999154449 871.68788743019104 4814.2895631343126 4590.2215045839548 8628.4043305888772 3923.112862944603 10385.670343007892 1627.5104624219239 2065.5960124023259 230.71130553632975 2244.5883392654359 1091.2088157534599 9100.9245327934623 1037.0610062628984 6626.1898447275162 1845.4318228214979 4722.4418527707458 2401.0916955769062 15479.76260946691 3113.9466344118118 611.88915659859776 6823.3267741128802
leaf_count=191968 72959 126620 65512 75683 295473 55389 146235 104032 45718 28834 53644 15710 65675 120541 45753 17052 51756 89691 232508 117868 171807 29494 5242 28200 167342 198721 37124 109704 9909 50613 155474 101389 122342 41297 93295 123165 19017 22867 19891 7468 258669 16767 4535 39155 38350 81331 29860 72427 11391 13955 1716 22323 7864 58949 6153 45243 23070 44495 14715 98764 22746 6358 42449
internal_value=0.000794124 0.0226552 -0.00308836 -0.00735641 0.00388371 -0.00165448 -0.0207581 0.00900548 0.024364 0.018425 -0.00331105 0.00908791 0.00470581 0.0274708 -0.0354106 -0.0280951 0.0695481 0.0147406 0.0135965 0.0205417 -6.83215e-06 -0.0260561 -0.0679357 0.00511788 0.0104198 -0.0228584 -0.0310474 -0.0140743 -0.0305042 -0.01714 -0.00949451 -0.0268783 -0.0235344 0.0313252 -0.0030045 -0.0163467 -0.0601433 0.0166251 0.0161858 0.0262662 0.00321021 -0.0362888 -0.060377 0.0366028 0.0310386 0.0379341 -0.0291079 0.0123897 -0.00205268 -0.00244293 -0.0450305 -0.0350078 -0.0370248 -0.0314611 -0.0643916 -0.0738785 0.0272293 0.0390127 -0.0207823 -0.0105763 0.00206994 -0.0225526 -0.0463368
internal_weight=551178 83125.3 468052 345959 200548 166870 60061.1 122093 54336.3 49489.8 67756.7 106809 53512.5 41577.4 41982.7 34912.6 12003.9 71121.4 92801.7 61435.5 31366.2 9748.09 4920.25 32265.8 62710.2 145412 59790.7 24340.9 5470.02 85621.2 47964.7 37656.5 29736.8 33677.4 43692.8 28601.3 9055.16 4827.84 12362 10199.3 43887.1 18658.6 10571.7 31839.5 27025.2 22435 7912.35 26795.8 11078.2 12682 2296.31 54060.7 51816.1 43061.6 8754.46 7663.25 18823.2 9819.74 14007.3 31330.8 15239.1 16091.7 7695.01
internal_count=4494267 909116 3585151 2619482 1567264 1230494 421117 965669 449301 403583 516368 809377 412336 344889 274882 229129 178376 730740 721703 476583 245120 73313 34736 244075 641049 1052218 376377 165093 38109 675841 381657 294184 226183 336770 314197 224554 69630 38577 93034 73143 426011 139109 64036 279377 240222 201872 58694 205966 87074 88098 15671 339253 316930 257670 59260 51396 215038 98139 87674 221163 116041 105122 46984
is_linear=0
shrinkage=0.176106


Tree=11
num_leaves=64
num_cat=0
split_feature=11 11 11 1 1 1 1 11 0 0 0 0 7 7 0 10 9 11 0 0 1 1 0 10 0 0 9 0 0 1 0 0 0 0 0 0 0 10 7 0 0 1 10 9 9 9 0 10 0 10 1 1 0 0 1 6 6 7 4 0 10 0 0
split_gain=2462.59 724.437 495.224 377.025 686.317 341.747 296.81 268.542 260.538 304.612 252.321 249.234 217.844 279.734 261.622 294.855 226.2 203.219 201.758 203.23 194.573 341.154 492.142 189.735 328.786 201.056 175.566 171.616 384.231 251.306 256.08 161.268 258.345 179.658 156.791 550.534 156.083 311.611 291.143 152.649 331.06 284.078 185.194 166.646 182.64 149.913 145.291 170.994 212.53 171.57 143.653 172.767 143.082 525.056 215.278 170.508 139.816 154.883 138.599 133.577 131.078 130.149 213.101
threshold=0.88563642721483948 0.80567998661020823 0.94545376330629716 5.5000000000000009 3.5000000000000004 1.5000000000000002 6.5000000000000009 1.0000000180025095e-35 8.5000000000000018 7.5000000000000009 2.5000000000000004 8.5000000000000018 343.50000000000006 198.50000000000003 1.5000000000000002 0.84745112996063121 0.8205528234104148 0.68263815988989207 5.5000000000000009 6.5000000000000009 5.5000000000000009 3.5000000000000004 6.5000000000000009 0.82495611632445209 4.5000000000000009 4.5000000000000009 0.84171677762231656 8.5000000000000018 6.5000000000000009 2.5000000000000004 3.5000000000000004 3.5000000000000004 4.5000000000000009 1.5000000000000002 5.5000000000000009 3.5000000000000004 8.5000000000000018 0.77564160435723117 70.500000000000014 2.5000000000000004 1.5000000000000002 1.5000000000000002 0.86312371469879767 0.83470148464705207 0.80970031873537096 0.78652607420230658 1.5000000000000002 0.83774435801711344 2.5000000000000004 0.86335829600486258 5.5000000000000009 4.5000000000000009 5.5000000000000009 6.5000000000000009 4.5000000000000009 121.50000000000001 158.50000000000003 181.50000000000003 422.50000000000006 5.5000000000000009 0.85368079833836763 1.5000000000000002 2.5000000000000004
decision_type=2 2 2 2 2 2 2 2 2 2 2 2 2 2 2 2 2 2 2 2 2 2 2 2 2 2 2 2 2 2 2 2 2 2 2 2 2 2 2 2 2 2 2 2 2 2 2 2 2 2 2 2 2 2 2 2 2 2 2 2 2 2 2
left_child=1 7 11 4 5 12 8 -1 9 -5 -8 34 13 16 -15 18 -3 -9 23 -20 21 22 39 25 -25 -16 -6 28 29 30 -7 33 -33 45 35 61 -24 38 -38 40 -19 43 -43 44 -42 -22 60 -48 49 -49 51 58 -50 54 55 -54 57 -41 -36 -31 -28 -2 -63
right_child=2 3 -4 6 26 27 10 17 -10 -11 -12 -13 -14 14 15 -17 -18 20 19 -21 31 -23 36 24 -26 -27 46 -29 -30 59 -32 32 -34 -35 50 -37 37 -39 -40 56 41 42 -44 -45 -46 -47 47 48 52 -51 -52 -53 53 -55 -56 -57 -58 -59 -60 -61 -62 62 -64
leaf_value=-0.64387591532113631 0.025220127998263286 -0.028770195747910576 0.066617961988858582 0.026236280926559011 -0.0070308350322876249 0.011683625984586977 -0.026021358762394729 -0.043220811011026476 0.07478460108422838 -0.02149333450826163 0.0079414977688807165 0.046497876862782055 0.05252822536399137 0.060375441529144383 -0.024585512491837155 0.003987384671016901 0.0043177781903452634 0.013774822819253307 0.062041886719743027 -0.071779939082978764 0.07287076572052413 -0.029524193939472795 -0.040569732336779282 -0.22966994501059101 0.001590737086064019 -0.21419654238904715 -0.019295488560487597 0.035431524453068318 -0.011080969198031858 0.010773805310305145 0.04767972217619991 0.050547550768989757 -0.0016202977085411593 -0.033068182019031687 0.023683353592423188 0.046004503757825839 0.048823907650655536 0.0064611767437598366 -0.15682087505232711 0.029614668687402944 -0.060560005158720585 -0.0024214241579444194 -0.11079903243250123 0.0011178451456955495 -0.17939065911637034 -0.0072453131578466105 -0.01124764820167826 -0.030307208205489718 -0.01216584281566872 -0.10722849084847795 0.027073479474446709 -0.023921090738569656 -0.10773546122813522 -0.020589879103781281 -0.056272190798007708 -0.22956565788377675 -0.0069506182716656956 -0.0084962925841159213 -0.0040289913812649744 -0.022024081458285931 0.03296343789632037 -0.013073274242921446 0.019774887222347021
leaf_weight=21.073163069784641 12371.527895599604 8716.28879917413 7762.0883329994977 25290.402918536216 40600.413967497647 12206.252940289676 8657.9791523814201 7602.5679287016392 2775.7596515193582 4960.2096718885005 31345.875708967447 10371.184121802449 1743.3905026167631 667.30137344449759 784.19786325097084 1782.1079196259379 24192.94029166922 6926.3497124388814 446.87237787991762 1656.9533872008324 961.41250624507666 43216.878497242928 14868.217899404466 788.70159167796373 251.44452487677336 222.68654189258814 3531.7083546519279 8202.4661821760237 21723.105532456189 22556.291719801724 12311.639638401568 3432.9899543598294 20670.670933395624 8594.6501879766583 11123.660946130753 21397.915055342019 299.55078282207251 6061.4899960011244 743.35924457758665 12686.574947007 773.85144603252411 3791.7869026958942 561.38317842781544 431.40872211009264 832.85252040624619 2937.6633449196815 15136.93720081076 1582.4454113915563 9837.5255782045424 2083.0946190953255 10112.825357060879 5995.3955293558538 1200.1756911166012 10790.871000044048 1772.2483966909349 506.68694522976875 9498.953444801271 4473.240453466773 11265.659779131413 4644.048767734319 2573.0035007148981 12469.099230490625 12038.857832532376
leaf_count=107 136509 65394 128459 218394 291709 100451 62837 36911 29098 37559 251805 130763 16741 5257 5485 15019 201448 42842 3140 11157 5925 256093 84138 5676 2076 1721 26761 76158 153993 185688 110088 24075 130560 53528 120789 261662 1593 39753 4075 82587 4297 22350 3330 2448 4634 18324 111433 10687 82868 14542 111346 58992 8990 83092 12897 3528 60057 28933 118274 34373 21396 121930 137522
internal_value=0.000735186 -0.0053227 0.0236644 -0.000124083 -0.00387541 0.00467066 0.010792 -0.0152595 0.0231481 0.01841 0.000590964 0.0205526 -0.00839381 -0.011082 -0.0441704 -0.055929 -0.00444585 -0.0151708 -0.0816532 -0.0433549 -0.0136665 -0.0175153 -0.00913761 -0.121014 -0.173765 -0.0665206 -0.0155954 0.0112719 0.00857354 0.016829 0.029759 -0.0026067 0.00580976 -0.0188442 0.0177721 0.0235334 -0.0303097 -0.00883743 -0.0977544 0.00249942 -0.0128973 -0.0418023 -0.0163978 -0.0960635 -0.122157 0.0125093 -0.0226896 -0.0263061 -0.0345133 -0.0740209 0.00905069 0.00262958 -0.0285061 -0.0397709 -0.0992632 -0.143901 0.010191 0.0196799 0.0097393 0.00517406 0.00273051 0.0104954 0.00306248
internal_weight=549837 434929 114908 285542 212512 122897 73030.2 149387 33026.4 30250.6 40003.9 107146 41252.9 39509.5 6600.27 5932.96 32909.2 149366 4150.86 2103.83 141763 105166 61949 2047.03 1040.15 1006.88 89615.1 81643.8 73441.3 51718.2 24517.9 36597.4 24103.7 12493.7 96774.9 58277.4 21972.6 7104.4 1042.91 39976.4 13317.6 6391.28 4353.17 2038.11 1606.7 3899.08 49014.7 42910 27773 3665.54 38497.5 28384.7 24107.5 14270 3479.11 1706.86 26658.8 17159.8 22389.3 27200.3 6104.71 36879.5 24508
internal_count=4494267 3168021 1326246 2261461 1661768 993865 599693 906560 285051 255953 314642 1197787 333114 316373 49531 44274 266842 906453 29255 14297 869542 637130 381037 14958 7752 7206 667903 660751 584593 430600 210539 232412 154635 77777 1067024 657623 129559 45421 5668 251478 79901 37059 25680 11379 8931 24249 376194 328037 216604 25229 409401 298055 191375 108507 25415 12518 171577 111520 239063 220061 48157 395961 259452
is_linear=0
shrinkage=0.176106


Tree=12
num_leaves=64
num_cat=0
split_feature=11 11 2 2 8 11 0 1 11 0 0 6 0 2 2 9 4 8 1 6 0 8 8 8 0 8 8 2 1 0 2 1 6 2 0 0 0 6 11 8 6 9 8 4 1 5 8 8 6 11 1 8 8 8 8 8 1 1 1 6 0 2 2
split_gain=1762.16 735.859 457.2 428.057 353.381 230.402 225.919 222.087 215.928 185.882 395.238 378.038 266.225 178.434 231.559 288.683 195.284 272.817 178.882 174.253 161.83 169.577 158.949 157.405 157.091 156.103 150.005 137.248 136.087 130.39 156.469 131.565 126.557 125.857 122.467 357.294 196.952 128.378 121.364 118.114 137.124 117.179 116.658 113.522 111.578 110.202 114.12 109.998 104.518 103.346 102.658 102.083 101.837 101.203 134.787 99.2181 95.9545 205.255 153.605 127.051 93.8175 93.687 93.4525
threshold=0.85023539950630389 0.91717269748557595 810.50000000000011 905.50000000000011 0.86628032038578417 0.76680242760860262 8.5000000000000018 6.5000000000000009 0.96066218546996163 5.5000000000000009 3.5000000000000004 198.50000000000003 1.5000000000000002 2120.5000000000005 1630.5000000000002 0.83470148464705207 1006.0000000000001 0.84496713270957635 1.5000000000000002 158.50000000000003 2.5000000000000004 0.85370962442027898 0.79865757073970556 0.85154788907268331 3.5000000000000004 0.85154788907268331 0.8563935865996698 1350.5000000000002 3.5000000000000004 2.5000000000000004 1205.5000000000002 3.5000000000000004 322.50000000000006 636.50000000000011 1.5000000000000002 2.5000000000000004 3.5000000000000004 191.50000000000003 0.78611925945679506 0.79865757073970556 200.50000000000003 0.8762973453133257 0.90127320420397428 533.50000000000011 2.5000000000000004 194.50000000000003 0.90127320420397428 0.8806295869237083 60.500000000000007 1.0000000180025095e-35 5.5000000000000009 0.79865757073970556 0.85154788907268331 0.85154788907268331 0.90127320420397428 0.85154788907268331 2.5000000000000004 4.5000000000000009 3.5000000000000004 164.50000000000003 2.5000000000000004 2230.5000000000005 2155.5000000000005
decision_type=2 2 2 2 2 2 2 2 2 2 2 2 2 2 2 2 2 2 2 2 2 2 2 2 2 2 2 2 2 2 2 2 2 2 2 2 2 2 2 2 2 2 2 2 2 2 2 2 2 2 2 2 2 2 2 2 2 2 2 2 2 2 2
left_child=3 2 4 7 -2 49 9 24 29 10 11 12 -4 14 15 18 51 38 32 27 62 23 -12 -22 28 -24 52 41 -1 47 -31 -32 34 -26 -7 -36 -37 -38 -18 40 60 -11 -6 -41 -27 46 -16 -3 -43 -5 -33 -17 -21 -29 -55 -30 -8 58 -58 -60 -20 -51 -14
right_child=1 8 6 5 42 13 56 -9 -10 19 22 -13 20 -15 45 16 17 -19 39 26 21 -23 25 -25 33 44 -28 53 55 30 31 50 -34 -35 35 36 37 -39 -40 43 -42 48 -44 -45 -46 -47 -48 -49 -50 61 -52 -53 -54 54 -56 -57 57 -59 59 -61 -62 -63 -64
leaf_value=0.0057211387399159442 0.018342912801135709 0.033036976421016107 0.012796509368710424 -0.40835900131859715 0.077876126146193783 0.034552112187820803 0.044306648710823363 0.041052445164665559 0.08894247917928623 0.02393196510579413 -0.038198886430026086 0.040473734268509101 -0.026940761576572568 0.015582056778028755 -0.019507157070631768 -0.02991696100342222 -0.13509347188428758 -0.018180880702108444 -0.035323720010178528 -0.02108357050932895 0.0031650948866892726 -0.017410045240763328 0.042529057309646415 0.059973478917519835 0.038940369563828313 0.037498505841509842 0.0036737428892171914 0.0084230674120986445 -0.04083405576266852 0.055785304525803284 0.046502925690365238 -0.0038282737235806261 0.046271823063995306 0.0060043656846845246 -0.12761205111271307 0.057319429921230264 -0.011745194979305359 -0.06744936134630336 -0.055778161002042942 0.020596265658077293 -0.050250076694965715 0.008317857615755481 0.0087752110971637941 0.0032294690555510026 0.0095162673779981832 -0.00080239574930018875 0.036882607598311488 -0.0087165834528254438 -0.041363810358143759 -0.022600617986527481 0.033931952209962174 -0.0026586706438901067 -0.059572723784334806 -0.01559996052101803 0.037995221026901699 0.0024132825474544434 0.021796037505310981 0.035365870451287043 -0.027399319331051691 -0.14778200462176386 0.012789464852392218 0.0628765148811746 0.047741653475651964
leaf_weight=7553.341621555388 16736.719879746437 3934.8539416752756 17334.551464732736 21.465405702590942 5218.024713113904 963.0121740475297 5269.2073707543314 5412.748474676162 2213.4537561275065 11492.646800294518 1266.5881053134799 6265.992934923619 18667.307129390538 9270.858477525413 75516.70183891803 4952.588244266808 763.57175869494677 14082.331810742617 1668.7684392333031 6437.9264811351895 6158.3169934377074 9596.6659049317241 11027.462251223624 2005.2094442658126 4292.1852958612144 6024.7735997103155 5039.3313472606242 10818.555337779224 5345.9278030022979 9731.0709816664457 6429.0637906379998 4862.6644950397313 852.22235205024481 22254.1540610753 1050.7477156221867 944.81456069648266 4088.8787822797894 1869.9046099111438 2764.4774900376797 20540.30796404928 2138.1834612563252 4667.2802578024566 886.41976612433791 27040.736329056323 16585.628709387034 12433.844451874495 1129.6983131319284 3892.5879889242351 1827.4543223716319 45621.05974303931 4128.9511636458337 30511.338168539107 3187.5195006728172 22332.535278610885 1556.7201158627868 2376.6258428543806 2160.1554781459272 6688.2283150777221 2218.7591036371887 309.86817209422588 5092.8501891419291 401.17346075177193 534.52225443720818
leaf_count=60899 201477 50221 162028 89 82189 6876 60422 52039 41995 116132 11555 53480 146487 57723 433610 33165 4424 101178 10098 51010 55138 89691 109271 18453 49392 66562 41514 74881 39793 160316 87172 56724 6257 202343 6023 6689 28516 13045 18877 145880 13752 51904 12993 194274 165861 74517 7699 51371 19118 237263 54187 224017 22803 157171 14390 21735 23941 68925 20213 2777 35170 2171 4053
internal_value=0.000771482 0.0121933 0.00810496 -0.0079525 0.0315719 -0.0107178 0.00511837 0.00748643 0.0356962 0.0031206 0.00811871 -0.000483631 -0.00521024 -0.00832376 -0.00938721 -0.00431523 -0.013993 -0.0291521 0.00343775 -0.00396305 -0.0136551 -0.00153869 0.0230446 0.017119 0.00314222 0.0253506 -0.020942 0.000762111 -0.0110859 0.0321225 0.0382999 0.0272659 -0.018565 0.0113297 -0.0247614 -0.0319423 -0.0173811 -0.0292255 -0.0729443 0.0072436 -0.0113774 0.0132467 0.0678421 0.0107266 0.0169724 -0.0161812 -0.018676 0.0122729 -0.00566131 -0.0220357 0.0135112 -0.00646533 -0.0338295 -0.00570803 -0.0121075 -0.0275246 0.0246599 0.0155605 -0.0126904 -0.0421515 0.000915124 -0.0218555 -0.0248618
internal_weight=548462 237507 202314 310955 22841.2 263720 179473 47235 35192.6 162827 95467 60562.6 54296.6 217676 208405 119325 53074.3 17610.4 66250.4 67360 36962 17760.2 34904.5 8163.53 41822.2 33637.9 14664.8 52695.2 15275.9 32979.2 25151.8 15420.7 9769.58 26546.3 8917.36 7954.35 6903.6 5958.78 3528.05 56480.8 8899.8 17987.4 6104.44 47581 22610.4 89080.2 76646.4 7827.44 6494.73 46043.7 8991.62 35463.9 9625.45 34707.8 23889.3 7722.55 16646.2 11377 4688.78 2528.63 6761.62 46022.2 19201.8
internal_count=4493939 2406425 1904439 2087514 296659 1661313 1607780 426201 501986 1431502 882579 529330 475850 1421790 1364067 848241 381661 124479 466580 548923 313822 163282 353249 73591 374162 341694 115327 433596 122427 459991 358399 198083 67406 251735 61149 54273 48250 41561 23301 399174 59020 187154 95182 340154 232423 515826 441309 101592 71022 239523 110911 257182 73813 246442 171561 61528 176278 115856 46931 22990 45268 239434 150540
is_linear=0
shrinkage=0.176106


Tree=13
num_leaves=64
num_cat=0
split_feature=2 2 2 4 9 0 0 2 6 10 5 9 9 0 5 7 2 10 7 10 0 6 10 7 10 0 0 9 9 6 0 10 9 2 2 4 10 0 10 10 2 2 7 10 9 7 2 0 7 10 4 2 2 0 10 10 10 10 5 10 10 0 0
split_gain=797.061 509.421 585.961 370.849 287.925 286.304 363.851 298.332 252.105 228.198 223.309 202.192 211.1 185.859 184.087 177.187 175.709 159.73 276.445 151.882 174.221 142.292 141.233 143.283 135.718 134.89 316.204 134.245 132.459 130.163 130.053 129.361 120 118.677 120.909 117.211 111.002 108.304 107.738 559.309 135.967 163.098 105.53 105.194 104.714 112.025 101.856 101.704 99.1591 198.566 125.111 97.3788 97.3273 96.0596 216.482 133.209 97.327 95.1914 94.2265 102.1 90.344 198.293 138.254
threshold=640.50000000000011 1515.5000000000002 2151.0000000000005 1235.5000000000002 0.8337046859633922 3.5000000000000004 5.5000000000000009 1220.5000000000002 198.50000000000003 0.89044540657140592 223.50000000000003 0.8205528234104148 0.81900813221307578 7.5000000000000009 91.500000000000014 68.500000000000014 1724.5000000000002 0.81515192319611229 36.500000000000007 0.8356817427096267 6.5000000000000009 204.50000000000003 0.84727644821088099 343.50000000000006 0.85417600067627553 1.5000000000000002 2.5000000000000004 0.89127477498379648 0.8630547822025233 150.50000000000003 1.5000000000000002 0.85319414781819847 0.78652607420230658 915.50000000000011 1045.5000000000002 742.50000000000011 0.89756083927861441 6.5000000000000009 0.85368079833836763 0.85319414781819847 735.50000000000011 1015.5000000000001 36.500000000000007 0.85473329981816248 0.79594321069374219 9.5000000000000018 1920.5000000000002 2.5000000000000004 167.50000000000003 0.87431646764156656 936.50000000000011 1955.5000000000002 1335.5000000000002 1.5000000000000002 0.87574415278457785 0.88271248409958758 0.86335829600486258 0.77564160435723117 106.50000000000001 0.82302330657003941 0.87574415278457785 6.5000000000000009 4.5000000000000009
decision_type=2 2 2 2 2 2 2 2 2 2 2 2 2 2 2 2 2 2 2 2 2 2 2 2 2 2 2 2 2 2 2 2 2 2 2 2 2 2 2 2 2 2 2 2 2 2 2 2 2 2 2 2 2 2 2 2 2 2 2 2 2 2 2
left_child=14 3 4 5 16 8 -7 11 25 10 15 12 32 29 -1 30 58 18 -9 20 -5 -19 23 46 31 36 28 -4 -27 57 -6 -24 33 -8 -35 -10 -2 51 39 -15 -41 -42 -22 52 -39 -46 -17 53 50 -50 -28 -18 -23 56 -55 -56 -21 -13 -3 -60 -49 62 -62
right_child=1 2 27 19 9 6 7 17 35 -11 -12 13 -14 38 -16 22 37 21 -20 47 42 43 24 -25 -26 26 48 -29 -30 -31 -32 -33 -34 34 -36 -37 -38 44 -40 40 41 -43 -44 -45 45 -47 -48 60 49 -51 -52 -53 -54 54 55 -57 -58 -59 59 -61 61 -63 -64
leaf_value=0.058363820208850579 0.0082602804393852799 0.0036545850302162788 0.018479990990844075 -0.010327472497886838 0.024547286320822533 0.024998476318278916 0.014905999019839239 0.010437665325242197 0.010122596371117093 0.016567385001668791 0.024520796355185281 0.082623458194750518 -0.073421174211587698 0.029519798686133983 0.022095382134669678 -0.034152623046645694 -0.020478215458344856 0.0063883273659345293 -0.049631811159738706 -0.046588151087945784 0.0017702096723446123 -0.070082505819637139 -0.0072710583332201706 0.029483813625091053 -0.011689208849914697 -0.036378023156594323 0.018888579375253563 0.057648564978584643 -0.009103068649489272 -0.016285032441338668 -0.0034783310730331246 0.055111852748988055 0.014684152371911494 -0.063205025192385564 0.0010334784174112698 0.044923415300903685 -0.058656417166311869 -0.045350303240315665 0.045632811528478853 0.069780226095647727 -0.29758440298848249 -0.077460589775695823 -0.062229937175596384 0.0057008575733199889 0.019962560165035358 -0.026382536757760547 8.9159766070475493e-06 -0.0052967428843254177 -0.035879460774649971 0.034850774101451806 -0.023186165191676766 -0.0029117110253770871 -0.013929932291867073 -0.0095637300830605006 -0.18011579117693469 -0.058708055410930604 0.019043794065945519 0.014201191379720004 -0.033805033720232532 -0.0053476672217200889 0.024114282835619418 0.048003652415971806 -0.037511250859558871
leaf_weight=7478.2226837836206 20862.886833708733 18689.69926353544 8752.5900863446295 9472.6463066078722 5712.9729785807431 46623.468711443245 2340.9057419188321 4063.7859204672277 11052.610171820968 16646.570813007653 7213.7714204154909 656.17419893294573 1173.2028297632933 9421.5527329184115 10343.429993122816 17931.923264373094 31550.249796334654 27250.890889950097 5720.9919063523412 1000.7969548739493 982.33907347172499 1862.482922360301 2143.9716858789325 1384.5642471164465 25487.855921957642 13822.038716420531 12810.428706903011 3933.2903973869979 9196.0702262483537 4697.5568746067584 50781.898186646402 1985.7476523891091 11085.887078363448 2124.3922856897116 1587.9239493012428 4120.5157396644354 798.21272695064545 8482.0366013646126 10406.023719985038 66.950997058302164 236.21518305689096 187.0590153336525 4281.9611469320953 2416.0801512487233 1818.2999021559954 14651.03242970258 3188.0982387289405 15437.095771458 4188.9108378775418 1743.239444244653 2644.2327362783253 14188.007277633995 1969.6973279155791 2192.7871442437172 436.18368852883577 784.15289010480046 2337.1569228544831 16179.114874482155 5650.1801974140108 12696.189316626638 2228.1305164024234 3668.681367777288 2288.8072268478572
leaf_count=101430 189619 106995 57214 74300 47328 473695 18657 25135 83307 173602 52858 5314 10772 95167 127547 108534 181766 230333 34193 8944 6679 13935 15473 8197 206757 95642 124974 41137 89422 48252 377955 15053 95884 14840 11637 33231 10049 40557 138642 863 2115 1481 32160 18813 9562 80216 19058 144075 33276 19960 24015 83341 12019 17289 3211 6201 20953 188331 29142 76241 21344 33617 21630
internal_value=0.00068252 -0.000550854 -0.00626274 0.00467478 -0.00821086 0.00752339 0.0120819 0.00626046 -0.000897481 -0.00271273 -0.00548357 0.0142821 -0.00115161 0.0210354 0.0373141 -0.0074763 -0.0149723 -0.00488936 -0.0246839 -0.00993169 -0.0246018 0.000892444 -0.0148815 -0.025398 -0.00689062 -0.00559893 -0.0111567 0.0306243 -0.0254813 0.00963543 -0.000644276 0.0227253 0.00379537 -0.0161464 -0.0357273 0.0195733 0.0057944 -0.0201204 0.0331171 0.0199773 -0.163418 -0.200304 -0.0502873 -0.0230771 -0.0294532 -0.0212658 -0.0289959 -0.00281395 0.0042605 -0.0150945 0.0116898 -0.0150291 -0.0412207 -0.0218762 -0.0426503 -0.102103 -0.000634204 0.016868 -0.00514624 -0.0141118 0.0026338 0.0175899 -0.0071124
internal_weight=547131 529309 252889 276420 240203 231310 150070 103447 81239.1 132477 115831 60163 18312.3 41850.6 17821.7 108617 107726 43283.9 9784.78 45110.7 14736.9 33499.2 52122.2 22504.6 29617.6 66066 44404.9 12685.9 23018.1 21532.8 56494.9 4129.72 17139.1 6053.22 3712.32 15173.1 21661.1 70689.6 20317.8 9911.78 490.225 423.274 5264.3 6248.26 24951.4 16469.3 21120 30373.8 21386.8 5932.15 15454.7 45738.3 3832.18 6751.08 3413.12 1220.34 3337.95 16835.3 37036.1 18346.4 23622.7 8185.62 4516.94
internal_count=4493939 4264962 1730986 2533976 1632635 2143573 1440078 966383 703495 1024815 851213 631955 151790 480165 228977 798355 607820 334428 59328 390403 113139 275100 373072 135789 237283 586957 387289 98351 185064 241897 425283 30526 141018 45134 26477 116538 199668 395442 238268 99626 4459 3596 38839 44767 130335 89778 127592 277264 202225 53236 148989 265107 25954 56598 26701 9412 29897 193645 212378 105383 220666 76591 42974
is_linear=0
shrinkage=0.176106


Tree=14
num_leaves=64
num_cat=0
split_feature=11 11 3 8 0 8 11 4 0 6 8 8 0 9 8 8 0 0 3 0 9 3 6 7 0 3 3 8 8 8 6 3 5 0 3 9 4 8 4 7 5 8 7 0 6 0 4 4 8 7 8 7 0 8 4 3 3 8 3 9 5 7 5
split_gain=1123.53 435.09 245.32 231.489 332.998 405.318 223.302 202.786 197.492 304.864 272.202 176.973 175.032 281.02 172.098 193.505 452.378 190.634 161.138 156.392 150.298 149.351 154.637 147.443 147.404 145.202 144.471 138.087 295.399 136.043 134.03 133.38 124.696 123.761 133.88 118.474 114.405 113.545 109.546 107.789 127.396 107.357 98.0863 97.8225 95.3714 93.0626 92.4087 92.115 92.0978 90.7221 90.6715 128.339 87.7114 129.593 204.873 132.624 87.4337 83.2702 89.8288 85.1419 83.8917 81.6571 84.2899
threshold=0.90208673459456123 0.83984077675698854 15.500000000000002 0.84496713270957635 8.5000000000000018 0.83028932750521267 0.94962961734604301 646.50000000000011 4.5000000000000009 200.50000000000003 0.85370962442027898 0.86628032038578417 6.5000000000000009 0.78652607420230658 0.79865757073970556 0.78730933661789715 2.5000000000000004 5.5000000000000009 15.500000000000002 3.5000000000000004 0.8762973453133257 8.5000000000000018 73.500000000000014 30.500000000000004 3.5000000000000004 21.500000000000004 11.500000000000002 0.79865757073970556 0.82113268084446045 0.8806295869237083 76.500000000000014 6.5000000000000009 228.50000000000003 8.5000000000000018 12.500000000000002 0.85898181681714003 546.50000000000011 0.78730933661789715 237.50000000000003 70.500000000000014 171.50000000000003 0.83526014591826703 16.500000000000004 8.5000000000000018 202.50000000000003 1.5000000000000002 1373.5000000000002 2179.0000000000005 0.85154788907268331 9.5000000000000018 0.83526014591826703 145.50000000000003 3.5000000000000004 0.8563935865996698 1595.0000000000002 12.500000000000002 12.500000000000002 0.82113268084446045 10.500000000000002 0.83470148464705207 113.50000000000001 249.50000000000003 164.50000000000003
decision_type=2 2 2 2 2 2 2 2 2 2 2 2 2 2 2 2 2 2 2 2 2 2 2 2 2 2 2 2 2 2 2 2 2 2 2 2 2 2 2 2 2 2 2 2 2 2 2 2 2 2 2 2 2 2 2 2 2 2 2 2 2 2 2
left_child=1 3 20 4 7 -6 31 12 9 10 24 52 14 -14 15 -1 45 44 -16 27 33 39 -23 -10 48 42 46 -9 -29 -13 -21 -2 36 37 -35 50 -28 -3 -39 40 -22 -7 -4 -33 -18 -17 -25 -11 61 -15 51 -30 53 54 -12 -55 -24 60 59 -59 -32 62 -5
right_child=6 2 25 8 5 41 -8 19 23 47 11 29 13 49 18 16 17 -19 -20 30 21 22 56 26 -26 -27 32 28 35 -31 57 43 -34 34 -36 -37 -38 38 -40 -41 -42 -43 -44 -45 -46 -47 -48 -49 -50 -51 -52 -53 -54 55 -56 -57 -58 58 -60 -61 -62 -63 -64
leaf_value=-0.0015631675990185087 0.05167969356730933 -0.027056549082190445 0.0097345082667993441 0.019162386185724186 0.034592541095296789 -0.062413601556117193 0.057250905725231005 -0.080634698272100347 0.0070240377926520919 0.029311744960833015 -0.1436019803605203 0.026806272969562662 -0.059755822187715919 0.015358820035472566 0.012132576920884961 -0.050624655606932488 -0.010399434787728949 0.036341471247573129 -0.011205419112310237 8.044243185171655e-05 0.077982800803803945 -0.00082746418099114035 -0.049816384258028347 0.0085607217933277198 0.038420458715077557 0.026634206102018464 -0.0059333233620205835 -0.0044616859187754376 -0.075404378207135164 -0.018929204668536957 -0.17243024116986072 0.014693918473268574 0.0074290077492055072 0.047910519976805468 0.0032117656666160914 -0.011641984634774066 -0.028246961603711047 0.026095090516002929 0.0082558646317641322 0.0050334439484865075 -0.010197544554273677 -0.0078594318464255894 -0.0078998316669089928 0.039905530455681584 -0.058831854700021016 -0.098902960019879457 -0.021804719387961774 -0.084909773188421009 0.02112905339830037 -0.018687847954457704 -0.053319127643736225 -0.17915152459806044 -0.0025892964446831068 -0.066294517279934947 0.03766886748829628 -0.014469774465194249 -0.0061629202475961204 0.0024671645786880311 0.0018877377830727939 -0.077584193198747681 -0.036638424639029311 -0.031195303422745204 -0.016934793615876104
leaf_weight=14002.666563794017 3682.3521260730922 2521.467818595469 11356.536827266216 4524.3712379932404 9428.584175363183 1796.3497200161219 5206.4975430294871 2257.4826311543584 16286.665948905051 14781.092881515622 802.42610398679972 3610.8926651403308 5180.4960383549333 2895.4572080001235 21192.031449526548 2606.0922316461802 5130.3173164352775 2300.4450416192412 16181.146639123559 8738.6034012064338 1585.932027708739 15564.716370046139 3889.0253550671041 13256.771641984582 4855.7271755561233 4619.7472310774028 10083.837897144258 5701.0901907756925 1371.4925744980574 4569.7748474478722 143.57148864120245 50534.240746300668 5253.4993873983622 5665.1625635512173 3282.1336436718702 1210.8916396945715 24295.279863633215 12500.941282808781 73116.742425192147 5913.2068680934608 747.65548112615943 2965.7293304875493 70569.28590361774 5270.791326250881 1671.8617457598448 2359.3261223658919 4060.0921860300004 222.2629432529211 6042.7254144400358 15010.463925927877 2788.8494718447328 506.305957891047 2173.1960442885756 2420.1289825066924 254.75542372465134 4170.4469419047236 2244.027367785573 683.99278526753187 4280.7021809443831 1036.431876078248 8191.9082334786654 2916.0100452825427 3604.5985097363591
leaf_count=80526 63277 21885 84862 30020 62559 11367 99724 12339 106739 105983 5467 27099 26149 16836 152758 15571 34999 14850 87335 56000 24835 151805 35968 122557 38072 38401 58772 32736 7949 32888 913 615098 30550 72084 31159 7701 140507 120585 699489 73687 8221 20796 516557 75346 10171 12853 33572 1535 41102 91593 16213 2723 17476 18436 1801 25567 18954 5511 24939 7560 47578 20178 23159
internal_value=0.000488206 -0.00244012 0.00348855 -0.00716806 -0.0121288 0.0134407 0.0222781 -0.0150214 -0.0017643 0.00621597 -0.00182325 -0.0178737 -0.0104494 -0.0236333 -0.00579852 -0.0162189 -0.0308064 -0.00748241 0.00202812 -0.0259872 0.00841498 -0.00249231 -0.0101599 -0.00775182 0.0113439 -0.00374244 -0.0119775 -0.0407908 -0.0330224 0.00125813 -0.0171107 0.0192172 -0.0178406 0.0117791 0.0315137 -0.0607258 -0.0217021 0.00977582 0.0108605 0.0176814 0.0497308 -0.0284383 -0.00545536 0.0170752 -0.0223033 -0.0735642 0.00144128 0.0276196 0.00364975 -0.0131824 -0.0734619 -0.103377 -0.0338101 -0.0426818 -0.09992 -0.0335004 -0.033844 -0.0275893 -0.0117715 -0.045758 -0.0389773 -0.0059132 0.00315595
internal_weight=546087 481393 213577 267817 139632 14190.7 64693.9 125442 128185 54948.4 39945.1 18001.6 88530.3 23086.4 65443.9 28070.7 14068 9102.62 37373.2 36911.3 127031 29944.6 21697.8 73236.1 21943.4 86545.6 56949.5 13836.1 11578.6 8180.67 23075.2 59487.4 39632.6 97086.4 8947.3 5877.54 34379.1 88139.2 85617.7 8246.79 2333.59 4762.08 81925.8 55805 6802.18 4965.42 17316.9 15003.4 17087.7 17905.9 4666.65 1877.8 9820.95 7647.76 1057.18 6590.58 6133.05 14336.6 6001.13 1720.42 8335.48 11045 8128.97
internal_count=4493942 3640497 1898492 1742005 860525 94722 853445 765803 881480 388783 281265 128734 543641 134578 409063 168970 88444 60020 240093 222162 1258672 313470 206727 492697 152531 639820 385958 79661 67322 59987 142501 753721 229829 945202 103243 34586 199279 841959 820074 106743 33056 32163 601419 690444 45170 28424 156129 107518 114459 108429 26885 10672 68747 51271 7268 44003 54922 86501 38010 13071 48491 73357 53179
is_linear=0
shrinkage=0.176106


Tree=15
num_leaves=64
num_cat=0
split_feature=2 1 1 0 0 8 10 10 10 1 2 0 0 0 0 9 1 5 1 8 8 9 0 9 1 1 0 9 9 2 9 9 0 0 10 10 0 9 8 9 0 9 5 0 0 9 0 9 8 8 8 10 9 0 0 5 0 10 8 8 2 9 8
split_gain=483.542 437.953 950.516 454.464 512.967 399.26 396.901 367.565 327.46 325.944 552.938 423.672 336.572 294.769 343.383 265.993 261.889 239.76 235.743 245.404 212.683 210.469 206.721 197.027 196.423 333.827 243.618 239.555 328.897 290.69 191.39 167.999 158.767 201.462 363.162 263.364 390.37 198.017 157.843 156.237 154.022 177.607 153.506 144.842 143.265 142.867 138.991 141.138 137.55 316.541 134.37 134.016 133.699 131.59 124.755 144.868 122.448 118.792 117.193 116.706 111.248 118.092 110.898
threshold=700.50000000000011 5.5000000000000009 3.5000000000000004 6.5000000000000009 8.5000000000000018 0.86628032038578417 0.77564160435723117 0.87574415278457785 0.77540682828143503 6.5000000000000009 1140.5000000000002 8.5000000000000018 7.5000000000000009 2.5000000000000004 1.5000000000000002 0.8630547822025233 1.5000000000000002 280.50000000000006 1.5000000000000002 0.85370962442027898 0.83028932750521267 0.83470148464705207 2.5000000000000004 0.81300475711592879 2.5000000000000004 1.5000000000000002 4.5000000000000009 0.81300475711592879 0.8105164617161551 1440.5000000000002 0.82768891044030724 0.80970031873537096 3.5000000000000004 5.5000000000000009 0.82586392923164709 0.82495611632445209 4.5000000000000009 0.81500855093345759 0.90127320420397428 0.83509183109032337 3.5000000000000004 0.81736366305786812 215.50000000000003 3.5000000000000004 6.5000000000000009 0.81204943875531377 5.5000000000000009 0.82893983032068841 0.85370962442027898 0.85824804301739877 0.78730933661789715 0.87324711660086407 0.81771820045148702 6.5000000000000009 3.5000000000000004 195.50000000000003 1.5000000000000002 0.86335829600486258 0.90127320420397428 0.80652984726770349 1724.5000000000002 0.83305629480984378 0.84496713270957635
decision_type=2 2 2 2 2 2 2 2 2 2 2 2 2 2 2 2 2 2 2 2 2 2 2 2 2 2 2 2 2 2 2 2 2 2 2 2 2 2 2 2 2 2 2 2 2 2 2 2 2 2 2 2 2 2 2 2 2 2 2 2 2 2 2
left_child=5 2 3 13 7 43 8 18 -6 11 54 12 20 14 38 16 30 23 -5 50 56 59 -12 -18 25 32 40 28 -28 -30 31 -16 48 34 35 -34 -37 -36 42 -35 41 -26 62 -1 46 -31 -22 -48 -15 -50 -20 -52 -33 -24 -11 -56 -3 -29 -9 -8 -55 -62 -2
right_child=1 9 -4 4 6 -7 21 58 -10 10 22 -13 -14 24 15 -17 17 -19 19 -21 44 -23 53 -25 26 -27 27 57 29 45 -32 52 33 39 37 36 -38 -39 -40 -41 -42 -43 -44 -45 -46 -47 47 -49 49 -51 51 -53 -54 60 55 -57 -58 -59 -60 -61 61 -63 -64
leaf_value=-0.0052175130968714163 0.0068827692582226329 0.044406694765748288 -0.013942676144911428 -0.040637161747653187 0.044261818321004356 0.066851228879287072 0.039253610965345638 0.0077078663013989222 -0.13433505778086377 0.0083593847505990162 -0.028695557928491839 0.067208320776477204 -0.017923397523868182 0.043821357698398032 -0.042493780214932352 0.010432167466915488 0.024357110171964774 -0.14532244845717776 -0.068868469839400454 0.0099221551537004814 0.027023858518215212 0.036594837322252348 0.0056130931125920724 -0.025643639632071658 -0.041172710337972707 0.035167975376129576 -0.014280854848511788 -0.013778478176676545 -0.019691006404861863 -0.22008833261138577 -0.024440188572481533 -0.16547648071966448 -0.032121265375291183 0.045066192682005742 -0.038257603499463756 -0.25296074279488701 -0.019562345242267416 0.022989415084878232 -0.056861092283648842 0.00041743770864040622 0.036058733059851092 0.018371719843551626 -0.023883816456783349 0.024036561961638708 0.053598942406669216 0.01799236396056491 -0.050337199591152376 0.014085243595386371 -0.095001627613503489 0.031587968410962626 -0.015549519736754346 -0.067686291654929398 -0.063747849646914781 -0.001641761631440482 0.049500009560559839 -0.0029401306772931157 -0.0091604714733656434 0.022615946967584531 0.063713610148824207 -0.0085186127744641144 -0.052542083575507298 -0.010691232713132218 0.033264726574971391
leaf_weight=8485.0610018782318 8701.4723551496863 1534.7465451359749 163886.03602251783 14833.153884358704 478.49648229777813 5254.8395282439888 2011.8516479618847 8214.4548877030611 951.55874242633581 6320.1084395237267 12093.146561536938 4908.1940686292946 9002.2915731705725 6192.9808057323098 1305.5295373350382 8010.3853012137115 3787.040019415319 408.89458840340376 1877.5705980099738 9522.8898134529591 24212.73989000544 12128.307016637176 25265.37010570243 6892.4176288321614 2172.5017703548074 28810.07421830669 2716.5954571478069 6677.796664211899 505.36015287041664 667.56551636010408 2560.7756833322346 1046.7385276034474 3705.4172241203487 4435.101106133312 2160.0890634097159 454.50984386354685 434.9003870934248 6762.1637670882046 942.26869084686041 5377.9285903200507 8317.8498776331544 5453.0543805323541 2564.3268549144268 13762.653846666217 5052.4622349515557 88.536424577236176 1502.6352235488594 3537.8662557005882 826.51884752884507 2367.0626519396901 19261.498934462667 1660.886316228658 649.16557112336159 10498.420116633177 8643.3980907760561 2014.5850074552 9612.2292419299483 4766.9766564033926 1349.0387781895697 7491.7620675303042 3673.5454569831491 4854.0097856074572 11435.938256010413
leaf_count=88001 61257 10298 1217187 97642 2679 92119 13637 72652 4822 59141 81845 53043 68532 48007 7109 74608 23480 2556 9912 73077 234262 137360 188515 46052 14106 262380 16254 50910 4217 3483 16563 5860 26216 29889 15908 3251 3291 74212 11345 49279 76158 48904 21122 178698 45367 461 10817 33753 7110 25055 121771 12544 3516 79344 101401 20034 65657 48502 18789 57916 19147 35722 107197
internal_value=0.000437287 -0.000771779 -0.00378006 0.00375689 -0.0068677 0.0231916 0.0152779 -0.015872 -0.0745765 0.00795135 0.000100973 0.0176531 0.0131865 0.00976013 -0.00139816 -0.0159368 -0.0286226 -0.01298 -0.0222564 -0.0138213 0.0193481 0.021218 -0.00828862 -0.00791289 0.0155625 0.0213445 0.00422073 -0.0115593 -0.0487868 -0.123096 -0.0598065 -0.0899805 0.00917171 0.00139017 -0.0125534 -0.0527775 -0.138834 0.00816143 0.0137658 0.0205969 0.0194855 0.00140766 0.0166973 0.0128793 0.0262149 -0.19221 0.0214853 -0.00511988 0.0285126 -0.00117421 -0.0237383 -0.0196883 -0.126536 -0.00271679 0.0279629 0.0395877 -0.0017852 0.00138053 0.0156081 0.00159445 -0.0137784 -0.02872 0.021865
internal_weight=545094 517591 384865 220979 79781.5 27502.6 23062 56719.5 1430.06 132726 73362.6 59363.2 54455 141198 48305 24660.9 16650.6 11088.4 47156 32322.8 45452.7 21631.9 56384.5 10679.5 92893 61526.7 31366.2 15422.8 3978.06 1261.46 5562.21 3001.43 32716.7 23330.1 13517.1 4594.83 889.41 8922.25 23644 9813.03 15943.4 7625.56 22701.7 22247.7 34305.7 756.102 29253.2 5040.5 9386.56 3193.58 22800 20922.4 1695.9 44291.3 16978.1 10658 11147 11444.8 9563.49 9503.61 19026 8527.56 20137.4
internal_count=4493942 4135124 3028246 1811059 622801 358818 216414 406387 7501 1106878 585149 521729 468686 1188258 380665 179744 105136 72088 314946 217304 400154 208913 404573 69532 807593 544598 262995 123827 24415 8161 33048 16485 282218 202046 122878 32758 6542 90120 200921 79168 139168 63010 189576 266699 324199 3944 278832 44570 80172 32165 144227 134315 9376 322728 180576 121435 75955 99412 91441 71553 134213 54869 168454
is_linear=0
shrinkage=0.176106


Tree=16
num_leaves=64
num_cat=0
split_feature=11 1 1 1 7 1 2 11 2 7 7 10 9 6 2 4 2 11 9 2 2 9 1 10 10 7 2 11 6 10 10 11 2 2 9 7 6 2 9 9 11 6 6 4 7 7 7 12 1 1 2 2 1 9 2 2 1 2 9 4 9 9 2
split_gain=670.992 308.757 573.067 339.346 262.095 169.61 460.164 164.94 138.341 136.21 190.976 150.515 144.97 127.673 123.5 115.922 115.565 114.173 126.576 126.559 120.172 132.801 112.679 112.177 105.13 219.799 113.576 100.185 91.4444 92.5188 89.9581 87.6998 87.2357 86.6538 84.0324 84.0134 82.2965 81.8258 97.1553 93.4848 98.8853 81.3248 120.61 78.3725 76.2239 137.353 128.534 91.551 76.0497 75.0331 71.7389 70.0163 68.631 68.0607 67.8867 65.085 65.9094 100.135 117.039 65.0361 62.1073 62.0113 60.8634
threshold=0.90264412190924748 5.5000000000000009 3.5000000000000004 1.5000000000000002 92.500000000000014 6.5000000000000009 1140.5000000000002 0.96519753917139295 1310.5000000000002 347.50000000000006 175.50000000000003 0.84745112996063121 0.8205528234104148 79.500000000000014 1015.5000000000001 1563.5000000000002 1955.5000000000002 0.78455831567432177 0.85335723161619847 1030.5000000000002 1724.5000000000002 0.79594321069374219 2.5000000000000004 0.82495611632445209 0.82495611632445209 279.50000000000006 1879.5000000000002 0.83307599371753061 290.50000000000006 0.86335829600486258 0.82137667740611919 0.79831616458399723 2120.5000000000005 2210.5000000000005 0.83253477257070907 233.50000000000003 349.50000000000006 1730.5000000000002 0.83470148464705207 0.80970031873537096 0.85737328173292493 328.50000000000006 187.50000000000003 159.50000000000003 299.50000000000006 312.50000000000006 308.50000000000006 0.88422383259072179 4.5000000000000009 3.5000000000000004 629.50000000000011 1545.5000000000002 5.5000000000000009 0.87654219386534227 1310.5000000000002 830.50000000000011 2.5000000000000004 1725.5000000000002 0.81204943875531377 483.50000000000006 0.80970031873537096 0.85898181681714003 2151.0000000000005
decision_type=2 2 2 2 2 2 2 2 2 2 2 2 2 2 2 2 2 2 2 2 2 2 2 2 2 2 2 2 2 2 2 2 2 2 2 2 2 2 2 2 2 2 2 2 2 2 2 2 2 2 2 2 2 2 2 2 2 2 2 2 2 2 2
left_child=1 2 3 9 13 16 15 14 30 10 12 24 41 -5 43 -7 31 -4 20 53 27 -22 -10 -24 54 26 35 -19 29 32 -6 -3 -21 49 -17 -26 37 39 62 -8 -41 42 60 -2 47 46 -46 -27 -30 -16 -32 -47 61 -20 -12 -15 -57 -58 -59 -31 -1 -51 -39
right_child=7 5 17 4 8 6 36 -9 22 -11 11 -13 -14 55 33 34 -18 18 19 28 21 -23 23 -25 25 44 -28 -29 48 59 50 -33 -34 -35 -36 -37 -38 38 -40 40 -42 -43 -44 -45 45 51 -48 -49 -50 52 -52 -53 -54 -55 -56 56 57 58 -60 -61 -62 -63 -64
leaf_value=0.00375230937877386 -0.0035162856736853771 -0.0014690687621930624 -0.022674219860693817 0.022650572276502721 0.024410168114460066 0.030983546129058508 0.019435564043486762 0.081316048014425032 0.00065757986589932386 0.033636263269631241 0.0012854515096565879 -0.0019709037530599885 0.001560059668400871 0.029039129133015363 0.01950886457955453 0.033080283793008723 0.039431134096176705 -0.008488338193537075 0.010001212647089997 -0.016503465971557014 -0.045481683144753156 -0.010130492341278705 -0.042748279669300678 -0.010879002756863074 -0.15921743092698143 0.10508713203367484 0.12164759629588566 0.0072783495779593288 -0.39501095772767197 -0.041352968551436949 0.040618164946327973 0.015079334835187438 0.031191595417283943 0.062501345705613054 -0.036340360558757827 -0.082518727427000338 0.025299385433495823 -0.03483881199934185 -0.0066989189510895594 -0.016965748993855889 0.0069180714033696914 0.010090230018544687 -0.038593216413905854 0.035389790958488682 -0.042119861894947971 0.025287049285346842 -0.28019150131414616 -0.032174062340694407 -0.038012322182108697 0.032821119798696237 -0.0024902846110247392 -0.094713603954025033 0.014987834316451081 -0.018010458603430306 -0.042163661951595849 0.012918625613230046 0.0087118554883641453 -0.03383319049413766 0.0044406973008007371 -0.020018076884785796 -0.02389044482998719 -0.0065493282774305647 0.01695481182194554
leaf_weight=5420.8564654439688 1837.3619102090597 13631.944286778569 28411.553550072014 28065.87636994943 6713.0928091928363 14477.365135036409 4505.8292178437114 1237.5376171581447 14122.439468309283 2315.9244512207806 1758.5829199999571 4110.5409919917583 34785.498495750129 4204.8375604860485 17987.675881486386 847.02307799831033 4712.329109147191 25442.77645336464 7007.0262943729758 20111.843389093876 3926.5020818561316 20512.962238691747 5015.806699283421 10802.966492570937 784.30506187677383 276.23731661587954 64.659599013626575 24568.049269180745 37.197577394545078 9034.9983862116933 1288.4102440215647 36593.157355505973 1264.0687829554081 1024.9639054574072 1495.7120844125748 1017.5611214265227 2135.8591363877058 9232.1163987889886 10618.205698058009 14786.009480908513 8447.8251674696803 2925.1627844721079 7472.3372545577586 12738.69161593169 151.04004374146461 531.96512211859226 131.62262801826 331.61433088034391 36.828706748783588 1363.4386654421687 16919.089965861291 210.4482199549675 11611.877572026104 4366.4467778019607 3048.6128379032016 23761.571319811046 15967.738654516637 4735.8900699466467 5196.9554755166173 8696.3952261060476 4711.7920861765742 13787.313452288508 761.70020389556885
leaf_count=33580 32081 87233 153804 236175 57192 153362 27425 27794 97365 22717 13813 36173 293614 42899 236887 7450 35138 177524 77840 136483 20429 116978 26727 72848 4062 1895 389 205373 255 67305 16371 338962 9374 14024 13880 6458 12204 49676 72392 95610 71412 19660 46434 221192 1133 3906 876 2457 253 12411 167486 1004 145957 49989 16655 174985 118145 24351 35021 64941 33096 146508 4426
internal_value=0.000363012 -0.0018465 -0.00444152 0.0016075 0.00671187 0.0058011 -0.000125255 0.017673 -0.00270842 -0.00836056 -0.00979651 -0.0295333 -0.00536601 0.0130196 0.016368 0.0251024 0.0130619 -0.0125971 -0.0103067 -0.0171072 -0.00568893 -0.0158101 -0.0107763 -0.0209841 -0.0431726 -0.0663931 -0.107674 -0.00074288 -0.0218545 -0.0214844 0.00698488 0.0105878 -0.013683 0.0118726 -0.0112411 -0.115904 -0.00852994 -0.0100243 -0.0184287 -0.00377942 -0.00828159 -0.0171013 -0.0216193 0.0304855 -0.0192061 -0.0485055 -0.152979 0.0302041 -0.217401 0.010713 0.000560182 -0.00872894 0.00480105 -0.000752888 -0.026269 0.00800171 0.0062205 7.55376e-05 -0.0138079 -0.0308892 -0.00910187 -0.00300632 -0.0308912
internal_weight=544094 482505 360260 206843 136795 122245 67307.6 61588.9 54861.8 70048.8 67732.8 12417.2 55315.6 81932.9 60351.3 16820.1 54937.4 153417 125005 50554.8 74450.3 24439.5 29941.2 15818.8 8306.65 3499.45 1866.53 50010.8 39181.3 39107.3 24920.6 50225.1 21375.9 45775.3 2342.74 1801.87 50487.5 48351.7 20612 27739.7 23233.8 20530.1 17605 14576.1 1632.93 1025.08 282.663 607.852 74.0263 44750.3 18207.5 742.413 26762.6 11373.5 4807.2 53867 49662.2 25900.6 9932.85 17731.4 10132.6 15150.8 9993.82
internal_count=4494059 3657205 2688035 1607487 1069565 969170 507837 836854 437989 537922 515205 88821 426384 631576 809060 174692 461333 1080548 926744 406440 520304 137407 196940 99575 52648 22180 10909 382897 278611 278103 241049 426195 145857 555787 21330 10520 333145 320941 126494 194447 167022 132770 113110 253273 11271 6919 2009 4352 508 541763 183857 4910 304876 127829 30468 395401 352502 177517 59372 132246 66676 158919 54102
is_linear=0
shrinkage=0.176106


Tree=17
num_leaves=64
num_cat=0
split_feature=11 8 2 8 11 2 9 4 2 7 2 6 9 9 2 7 6 2 7 7 2 8 11 2 8 8 7 8 8 11 11 7 6 2 2 2 2 2 8 8 7 10 10 2 8 4 2 7 2 6 4 6 2 9 2 8 10 8 2 9 6 11 4
split_gain=497.981 223.305 199.699 173.695 172.089 154.243 154.194 136.138 127.721 126.928 122.3 120.477 116.358 106.701 101.256 90.5783 101.278 95.9595 87.9453 85.6883 80.6869 117.704 76.9371 74.8459 106.563 135.465 97.6963 71.3922 93.0141 70.6854 64.8919 75.6003 128.769 80.1759 87.4652 74.2421 102.441 117.136 134.022 92.613 82.6004 78.4787 72.5675 63.2732 63.0281 109.552 208.702 120.511 93.5506 91.6287 79.6433 68.3506 132.337 74.3187 65.2394 353.235 73.7379 68.3523 63.9627 63.7903 60.8585 77.7784 59.3108
threshold=0.88931745454275479 0.84496713270957635 815.50000000000011 0.86628032038578417 0.94337298921428947 636.50000000000011 0.81300475711592879 588.50000000000011 2220.5000000000005 90.500000000000014 630.50000000000011 268.50000000000006 0.83470148464705207 0.84079282354959461 1710.5000000000002 53.500000000000007 125.50000000000001 850.50000000000011 15.500000000000002 209.50000000000003 1025.5000000000002 0.84154593889460827 0.71472257633703651 1610.5000000000002 0.85824804301739877 0.90127320420397428 77.500000000000014 0.86628032038578417 0.8806295869237083 0.97339709565736265 0.65809831459764956 61.500000000000007 159.50000000000003 1125.5000000000002 1810.5000000000002 1555.5000000000002 810.50000000000011 715.50000000000011 0.82113268084446045 0.80652984726770349 343.50000000000006 0.84526562959527007 0.84482598131389519 2025.5000000000002 0.85154788907268331 509.00000000000006 1330.5000000000002 167.50000000000003 1700.5000000000002 140.50000000000003 1847.0000000000002 143.50000000000003 1035.5000000000002 0.8105164617161551 1140.5000000000002 0.90127320420397428 0.85473329981816248 0.90127320420397428 1305.5000000000002 0.83509183109032337 26.500000000000004 0.78455831567432177 213.50000000000003
decision_type=2 2 2 2 2 2 2 2 2 2 2 2 2 2 2 2 2 2 2 2 2 2 2 2 2 2 2 2 2 2 2 2 2 2 2 2 2 2 2 2 2 2 2 2 2 2 2 2 2 2 2 2 2 2 2 2 2 2 2 2 2 2 2
left_child=1 7 3 6 5 -2 19 10 11 -5 -1 44 -8 -14 18 -9 22 -18 -13 -3 21 -19 -17 26 43 27 -7 -26 -29 -6 -12 32 33 -32 -35 36 37 -33 39 -39 41 -37 -41 -25 45 46 49 48 -48 -4 54 -47 53 -53 55 -46 -57 -56 59 -52 61 -50 -38
right_child=4 2 8 9 29 23 12 15 -10 -11 30 14 13 -15 -16 16 17 20 -20 -21 -22 -23 -24 24 25 -27 -28 28 -30 -31 31 35 -34 34 -36 40 62 38 -40 42 -42 -43 -44 -45 50 51 47 -49 60 -51 58 52 -54 -55 57 56 -58 -59 -60 -61 -62 -63 -64
leaf_value=0.028710311617105796 0.046174478335796514 0.052323009950284619 0.063196090059341167 0.067095863773630193 0.03183878286168651 0.020046819891176262 -0.026458843587556367 -0.0049601997072864093 0.045432573297723718 0.017543548971719076 -0.033774929647897411 0.050938975706383963 0.073079018423333322 0.0038348753048487757 -0.0034036831367379272 -0.041119253801549988 0.0062124079110267702 -0.021050049593712799 0.012952608686074826 -0.0050412681479577856 -0.034137063182794955 -0.13597356755917744 -0.010388925678834204 0.0078333654757210165 -0.052152897868086648 0.020784879148000715 0.0048571434950348304 0.020498583067737323 -0.018053020849592944 0.096653014757711514 -0.011076382882149254 -0.00027354363697156876 -0.0071230294405105078 0.024390281476863649 0.0027522239699701604 -0.026219629049032751 0.016071606882722446 -0.029993335531778253 0.0035277841989005366 -0.12774269411288278 0.038358204379629689 -0.0022251338390609676 -0.0018773760940958913 0.039805674755563056 0.0073117893001116117 0.0029876492760355549 0.040114423358862158 -0.022155341824123379 -0.11620624185350792 0.0086620715452539326 0.02522352838105852 -0.080041387905465708 -0.0046240782400910211 -0.015962099594361717 -0.0082253075089075214 -0.1098519233043143 -0.035652192782594135 0.015342503059873338 0.021806997144482466 -0.020798208706960076 -0.0059495830539050094 0.10049004198170031 -0.0032796106025947871
leaf_weight=3592.704248521477 3423.8987658321857 3090.4886757023633 3185.9683023914695 3049.7388485483825 7553.1165260747075 25329.690966613591 4034.2900616936386 25206.525719866157 1868.5967553965747 3379.8862617239356 2268.0877193659544 2116.1532103307545 742.14303633570671 9854.6106418818235 12161.860039874911 2783.4801445156336 1609.336587511003 498.70750134810805 17702.612130738795 1093.2736717164516 7721.8010267280042 620.01004791632295 27388.276492923498 11742.115000538528 1460.4853126257658 4166.5082894042134 27269.973852984607 2367.2244626320899 10778.69875767082 560.57225054129958 4928.5573068000376 2999.3932495675981 31126.900468721986 11681.217853285372 11494.735579211265 13907.14090500772 6291.0686787068844 768.20240858197212 960.52098128572106 965.26195675879717 812.40783842653036 6073.7411905601621 166.57940449565649 2294.8192406110466 25845.449085175991 24771.39475993067 2930.9305139258504 4053.2149242535233 60.867279842495918 1364.8972139433026 1372.541815854609 1255.7477226927876 10789.633825428784 1015.0579406581819 104737.74118511379 913.98538795858622 761.39746754989028 3960.828922174871 6260.184672370553 2923.9087951108813 4328.3654194399714 329.21265294402838 22409.876310907304
leaf_count=41730 60686 31305 28310 47786 143238 323724 41770 159544 15160 45061 10468 16937 7697 113120 72618 13876 13372 3934 138598 10600 47474 4117 187460 111161 13842 50882 357745 23665 99585 13917 41665 29788 196185 77017 66140 73887 45698 6287 8932 8008 4773 38634 1585 23036 252726 171804 19137 23876 271 11945 11807 9528 70414 9089 740310 5878 7542 31751 42314 23227 26242 2112 163069
internal_value=0.000326184 -0.00215923 0.00117559 0.0160588 0.0117661 0.00952374 0.00751939 -0.00681315 -0.00042518 0.0410475 -0.00329352 -0.000793196 -0.00100583 0.00868438 0.00924605 -0.013253 -0.0183989 -0.0333406 0.0170086 0.0373329 -0.0405409 -0.0847424 -0.0132239 0.00805448 0.0014537 -0.00722485 0.0121718 -0.0152147 -0.0111109 0.0363168 -0.00427749 -0.00369362 0.000679299 0.0093207 0.0136583 -0.00837283 -0.00337025 -0.0245891 -0.0500846 -0.0771871 -0.0166877 -0.0189258 -0.109218 0.0130603 -0.00239162 0.00274742 0.0148395 0.00239517 0.0154039 0.0468402 -0.0042853 -0.00244762 -0.0127566 -0.0513977 -0.0054273 0.00223205 -0.076131 -0.00736653 0.0104507 -0.00609613 5.45658e-05 0.0666772 0.000962056
internal_weight=543177 446230 259955 25244.4 96947.1 88833.4 18814.8 186275 234711 6429.63 120446 232842 14631 10596.8 31980.6 65828.1 40621.6 10449.9 19818.8 4183.76 8840.52 1118.72 30171.8 85409.5 32809.9 18772.9 52599.7 14606.4 13145.9 8113.69 116854 114586 59231.4 28104.5 23176 55354.2 34560.9 5859.96 2860.56 1900.04 20793.3 19980.9 1131.84 14036.9 200861 54085.3 16253.5 11702.6 7649.38 4550.87 146776 37831.8 13060.4 2270.81 136219 27520.8 1675.38 108699 10556.6 4296.45 4718.45 390.08 28700.9
internal_count=4494059 3272578 2028935 297339 1221481 1064326 204492 1243643 1731596 92847 813866 1716436 162587 120817 228153 429777 270233 68897 155535 41905 55525 8051 201336 1003640 322171 187974 681469 137092 123250 157155 772136 761668 381007 184822 143157 380661 263367 54600 24812 15880 117294 112521 9593 134197 1488283 372728 111893 71638 47762 40255 1115555 260835 89031 18617 1038207 266146 13420 772061 77348 35034 28625 2383 208767
is_linear=0
shrinkage=0.176106


Tree=18
num_leaves=64
num_cat=0
split_feature=8 0 2 8 0 1 0 9 2 10 8 8 8 10 1 9 0 2 8 0 1 8 1 8 0 0 0 13 8 8 1 0 9 8 10 10 1 8 2 7 0 9 7 7 2 7 10 0 7 1 0 8 9 8 1 0 0 1 1 13 9 2 13
split_gain=264.988 328.433 280.986 238.144 224.402 195.246 188.743 218.908 172.464 171.275 235.554 436.373 257.829 191.295 175.144 170.018 260.896 163.008 167.313 135.956 136.592 131.811 121.979 234.997 133.666 152.025 127.249 116.78 140.22 112.471 111.752 109.804 175.4 165.494 108.998 114.81 108.692 107.765 104.893 103.928 102.718 100.79 97.3722 95.7875 95.552 94.2908 95.9827 107.403 94.2518 91.1386 89.6608 88.8871 88.4505 85.9977 83.6448 82.6465 116.99 82.6354 92.2713 82.3684 100.875 81.9625 79.959
threshold=0.84496713270957635 3.5000000000000004 810.50000000000011 0.86628032038578417 4.5000000000000009 1.5000000000000002 1.5000000000000002 0.89127477498379648 2210.5000000000005 0.85985200958118513 0.79865757073970556 0.83526014591826703 0.78730933661789715 0.86676583029970911 2.5000000000000004 0.78652607420230658 8.5000000000000018 1654.5000000000002 0.90127320420397428 2.5000000000000004 1.5000000000000002 0.90127320420397428 2.5000000000000004 0.8806295869237083 6.5000000000000009 8.5000000000000018 3.5000000000000004 0.85433369014685556 0.85154788907268331 0.86628032038578417 3.5000000000000004 5.5000000000000009 0.88366744526877017 0.85370962442027898 0.79583641290958373 0.82137667740611919 1.5000000000000002 0.82113268084446045 2240.5000000000005 225.50000000000003 1.5000000000000002 0.89691561587611812 308.50000000000006 295.50000000000006 915.50000000000011 11.500000000000002 0.80155467498908761 7.5000000000000009 43.500000000000007 3.5000000000000004 3.5000000000000004 0.8563935865996698 0.83470148464705207 0.8806295869237083 5.5000000000000009 2.5000000000000004 4.5000000000000009 6.5000000000000009 5.5000000000000009 0.85433369014685556 0.82893983032068841 715.50000000000011 0.85433369014685556
decision_type=2 2 2 2 2 2 2 2 2 2 2 2 2 2 2 2 2 2 2 2 2 2 2 2 2 2 2 2 2 2 2 2 2 2 2 2 2 2 2 2 2 2 2 2 2 2 2 2 2 2 2 2 2 2 2 2 2 2 2 2 2 2 2
left_child=1 9 3 34 5 39 7 57 17 10 12 14 40 -11 19 16 37 27 22 20 -12 53 24 54 -19 -26 30 29 -29 31 -25 33 -33 -8 -2 42 -27 38 44 -3 43 -9 51 -1 -6 -17 47 61 -49 -42 -35 -36 -23 -5 -24 -56 -57 58 -4 60 -15 -47 -16
right_child=2 4 6 21 15 -7 8 41 -10 13 11 -13 -14 59 62 45 -18 18 -20 -21 -22 52 23 26 25 36 -28 28 -30 -31 -32 32 -34 50 35 -37 -38 -39 -40 -41 49 -43 -44 -45 -46 46 -48 48 -50 -51 -52 -53 -54 -55 55 56 -58 -59 -60 -61 -62 -63 -64
leaf_value=0.038642230244488172 0.069642628547096547 -0.011714399378548899 0.021383923638853337 0.030539960222745341 0.0060599526571341157 0.024545522551901094 0.00980216306994342 -0.050987233909745779 0.038905396069790196 -0.062366925185714912 -0.013143490706688575 -0.031694394058467329 -0.044509801223982695 -0.0058508500119000949 -0.0098935434585029156 0.013143712736266995 0.026430306870252471 0.013176796234065261 0.024507633373012937 0.068886494875112975 0.048998883317396678 -0.20709365675170932 -0.010786260801070237 0.0059318649866927 -0.024038123076963933 -0.01084232253487913 -0.020381810519093053 0.027110467173429249 0.0050977449833768292 0.0084686460516296067 -0.067693244655855953 -0.0053655433324865283 -0.03709648532840689 -0.033911533753345761 0.013042230521785717 0.012974598767809405 0.053862659263728768 0.036468161784677662 0.17358032603029072 -0.10854442504249688 0.0078281495685379437 -0.0017166600644253026 -0.046005735940891371 -0.034965545529884352 -0.038641944000028586 0.07214420980727454 0.00018708092131714972 0.0061328741205210957 -0.054818769320245327 -0.036104553633128832 0.0014159517996288661 -0.10419034894470652 0.0071224842495414336 0.066304250177318808 -0.028520697516742653 0.032846401673135288 -0.00080090603667695205 -0.0027433013484921094 0.056646764786741653 -0.0049078247009658616 -0.055685147052312103 -0.0086231255515115349 0.01335038263361466
leaf_weight=2420.3387891612947 867.00098310410976 2404.2743405774236 20049.751473851502 3767.4523432552814 1689.8176187984645 17199.689528178424 26931.435295850039 1683.3974427804351 3490.5429548323154 4309.3863454982638 2273.1463413275778 10422.756845362484 10344.668744895607 2148.5684888660908 8808.411271546036 14833.81718371436 3280.8571594841778 15493.841923031956 5308.0153127387166 2411.4427247978747 2120.109039183706 61.611978858709335 35449.362629782408 773.01375763863325 8530.5583579167724 1643.1788070946932 12594.305607333779 11148.756965335459 46020.074144210666 30895.31470878236 3698.2518194764853 33008.221432857215 6460.1228202693164 4886.1778173781931 2584.699565384537 16572.842713136226 1578.6960294693708 750.81763120740652 76.52487850189209 401.11786498874426 2550.1508885733783 5477.0745770558715 2130.6438324376941 708.87811675667763 12116.41224444285 417.84843567013741 71312.150611188263 1047.7834433354437 3158.9563495144248 3439.8269236572087 4095.6544973812997 217.45790973305702 2009.0128286145627 4669.6402247790247 2177.4650687761605 4333.8655472025275 12301.291183803231 3765.1542926095426 2599.7541635744274 6113.3337392322719 3045.1260871551931 5777.8088483251631 9583.70372402668
leaf_count=14055 8080 19335 163606 55448 12135 140268 229658 17194 34487 30736 14633 67121 62420 12687 55246 106713 19009 123869 61356 18337 14909 821 215930 6428 49343 14506 92832 92221 486298 306269 23749 254540 61334 38213 27552 208375 14448 4424 403 3013 14547 62005 22796 4369 59641 4353 556587 6213 19354 19357 40224 2143 37201 94745 14530 34379 82677 28086 24455 60648 24132 34208 64827
internal_value=0.000192157 -0.0047984 0.00322797 0.0186939 0.000310701 0.0175191 0.00155735 0.0140118 1.32972e-05 -0.0145157 -0.00990044 -0.00138748 -0.0254795 -0.0307949 0.0111491 -0.00269688 -0.0184535 -0.000494524 -0.00594927 0.0352876 0.0168453 0.040563 -0.00758931 -0.0114181 0.002434 -0.0117288 -0.0294427 0.00297237 0.00939055 -0.000480119 -0.0549646 -0.00414779 -0.0105592 0.00289831 0.00842268 0.00595459 0.0208627 -0.0285164 -0.032031 -0.0255593 -0.00389173 -0.0133 -0.0176307 0.0219675 -0.0331706 0.000226736 -0.00211811 -0.017921 -0.0396374 -0.0174008 -0.0178024 0.00394454 0.000748427 0.0503343 -0.00574931 0.003742 0.00796504 0.0214154 0.0254315 -0.018762 -0.0350693 -0.003176 0.00221833
internal_weight=542441 205168 337274 32880.4 134468 20005.1 304393 33575.1 270818 70699.8 55083.4 35619.6 19463.9 15616.4 25196.8 114463 17914.4 267328 103882 6804.7 4393.26 10507.7 98573.8 71327.6 27246.3 11752.4 17065.6 163446 57168.8 106277 4471.27 75381.6 39468.3 35913.3 22372.6 21505.6 3221.87 14633.6 13882.8 2805.39 9119.19 7160.47 4932.8 3129.22 13806.2 96548.4 81714.5 10402.4 4206.74 5989.98 8981.83 2802.16 2070.62 8437.09 54262 18812.6 16635.2 26414.7 22649.5 11307 5193.69 6195.66 18392.1
internal_count=4493478 1463680 3029798 457161 985656 162616 2572637 295346 2277291 478024 349821 235073 114748 128203 167952 823040 95612 2242804 734047 47879 29542 188215 672691 470525 202166 78297 123009 1508757 578519 930238 30177 623969 315874 308095 268946 260866 28954 76603 72179 22348 52328 79199 52491 18424 71776 727428 620715 64128 25567 33904 78437 29695 38022 150193 347516 131586 117056 216147 188061 97467 36819 38561 120073
is_linear=0
shrinkage=0.176106


Tree=19
num_leaves=64
num_cat=0
split_feature=1 1 0 0 0 6 10 8 6 9 0 10 9 10 9 0 0 8 6 1 8 0 5 2 8 2 1 0 0 0 0 9 10 1 0 8 0 1 2 9 6 9 0 10 10 10 10 0 0 0 10 9 8 2 8 0 0 1 0 8 8 1 9
split_gain=216.318 420.113 287.079 332.193 258.611 273.208 245.983 241.503 240.928 164.989 197.033 168.511 164.127 163.291 155.107 152.596 208.693 152.945 204.911 144.272 178.628 144.638 141.241 141.113 138.844 137.49 128.368 292.299 253.11 151.179 196.206 127.672 128.352 127.146 128.019 117.936 104.88 126.533 103.256 99.8192 99.217 99.9777 99.083 98.25 98.1857 97.7415 305.252 173.851 274.772 112.235 106.854 95.873 94.6736 275.31 205.95 106.807 196.916 268.876 118.937 106.723 97.3362 94.497 116.863
threshold=5.5000000000000009 3.5000000000000004 6.5000000000000009 8.5000000000000018 2.5000000000000004 198.50000000000003 0.77564160435723117 0.90127320420397428 152.50000000000003 0.85311337052496505 1.5000000000000002 0.81515192319611229 0.83470148464705207 0.77540682828143503 0.84299907274087305 3.5000000000000004 4.5000000000000009 0.80652984726770349 200.50000000000003 2.5000000000000004 0.85370962442027898 7.5000000000000009 228.50000000000003 940.50000000000011 0.90127320420397428 1425.5000000000002 6.5000000000000009 8.5000000000000018 7.5000000000000009 6.5000000000000009 5.5000000000000009 0.83470148464705207 0.87574415278457785 6.5000000000000009 1.5000000000000002 0.78730933661789715 1.5000000000000002 1.5000000000000002 1479.5000000000002 0.82673966244764285 194.50000000000003 0.83470148464705207 5.5000000000000009 0.85473329981816248 0.84807002284021105 0.82590030487230581 0.82137667740611919 8.5000000000000018 7.5000000000000009 5.5000000000000009 0.82302330657003941 0.842470519626908 0.8806295869237083 910.50000000000011 0.85370962442027898 2.5000000000000004 3.5000000000000004 4.5000000000000009 1.5000000000000002 0.8563935865996698 0.90127320420397428 1.5000000000000002 0.79594321069374219
decision_type=2 2 2 2 2 2 2 2 2 2 2 2 2 2 2 2 2 2 2 2 2 2 2 2 2 2 2 2 2 2 2 2 2 2 2 2 2 2 2 2 2 2 2 2 2 2 2 2 2 2 2 2 2 2 2 2 2 2 2 2 2 2 2
left_child=1 2 4 7 5 9 13 19 -6 10 -1 -12 61 -5 31 17 44 35 33 21 -21 25 -16 42 -11 40 27 28 29 30 38 32 -13 34 -19 -2 -7 51 -25 -32 -4 -42 -18 -23 -17 46 49 48 -48 -28 -50 -38 54 60 -3 58 57 -57 -56 -58 -54 62 -8
right_child=15 52 3 6 8 36 12 -9 -10 24 11 14 -14 -15 22 16 23 18 -20 20 -22 43 -24 26 -26 -27 45 -29 -30 -31 39 -33 -34 -35 -36 -37 37 -39 -40 -41 41 -43 -44 -45 -46 -47 47 -49 50 -51 -52 -53 53 -55 55 56 59 -59 -60 -61 -62 -63 -64
leaf_value=-0.000655277919269269 0.002182919096451756 -0.010068423430169253 -0.037332505956940286 0.030988218330879426 0.018814299114493657 0.042547692245166274 -0.068593114852892642 0.046916731671461931 -0.00055445231169609784 0.0082409107628979052 0.0028047393938325834 -0.042737016264764595 0.030560767930261752 -0.094917229529150562 -0.092022305768294593 0.047367620891392126 -0.0077683265394306051 0.034152316228604374 0.033360985934170487 -0.013626004539495768 0.022162942436109487 -0.019534832227183215 -0.35580679734466786 0.0029935457249667592 -0.042434894947039038 -0.017905409412902067 -0.044960755804710872 0.058367449557643315 -0.020753554935438932 0.042234811734718422 -0.047525933595018804 -0.0014694126122356173 -0.13431823352823052 -0.011968024030987836 -0.0010288446279344344 -0.043806559155231142 -0.069802027912738235 0.026709836226862852 0.05152774231861644 0.0013032667536596319 -0.11471064831596831 -0.034751464733185182 0.031402893483694072 0.0074049285845383134 0.015405762485889485 0.0031886916967844938 -0.082919903824526284 -0.15968042441466035 -0.075710416425700297 0.0086524824507235049 0.094019374894459773 0.042948211313270895 0.048282623906804635 -0.023626123303250417 0.0024451177815226562 -0.08864827500163612 0.05914364990412297 0.0099282538045828567 0.046133493414270359 0.0035971069409447649 -0.016679037714196043 0.013097831774280868 -0.00057116181952999989
leaf_weight=10313.823401767761 2881.9832373186946 112723.49661910161 6857.2781788501889 459.9768176227808 67920.663490805775 5023.4799487814307 1164.1676742099226 2068.4372224397957 28181.608340397477 17902.899133883417 2961.5043030157685 5379.9672797657549 12407.363344578072 1045.7998907491565 999.27282697707415 6283.981706077233 2474.2923681661487 4556.2745193131268 5708.5304365344346 13560.51550212875 6350.7284748032689 10957.053027641028 67.185245625674725 2467.984206173569 1850.0548701547086 10959.025999344885 1450.0708428472281 3772.6727180294693 7671.3210007101297 5369.7951548658311 2098.5529650524259 2244.5923228114843 520.53279257565737 19741.137692393735 10838.30679843761 4323.8626593910158 946.2021159902215 2468.8963379338384 3026.6914809271693 3405.2432306967676 1181.0621314719319 822.85829697921872 10507.484930513427 6806.7074286807328 5670.7278970908374 24520.461797546595 1704.9413409344852 510.18339814990759 151.45772197842598 7344.1529240123928 478.33624768257141 310.68877997249365 2443.7678986378014 26149.667259182781 3925.7762311585248 1700.3543591834605 1134.1230691932142 1732.4807747080922 3806.3462089821696 19820.373731590807 1011.390438131988 6277.3694086633623 2394.2711527198553
leaf_count=77825 18044 789362 65946 2655 654450 37970 7838 27316 226328 177628 16976 32739 151005 5351 7161 55157 31993 45847 45405 90707 54489 69813 487 25549 22684 61879 9353 42273 54459 44329 13340 15025 3095 158813 100599 26863 5113 16563 25982 30435 8107 6909 133496 57930 65839 200910 11264 3611 939 43478 2981 2136 45387 218754 33085 13275 8877 13710 26839 161688 16506 49382 19529
internal_value=0.000187828 -0.00185882 0.00307744 -0.00518236 0.00775579 -0.00238177 0.0124286 -0.0122041 0.0131345 -0.00824867 -0.0185642 -0.0337379 0.0170919 -0.0564563 -0.0454863 0.00623777 0.0105592 -0.00175829 0.00241493 -0.014331 -0.00221105 -0.020752 -0.10864 0.00719632 0.00349463 -0.0310946 0.00379914 0.0127942 0.00564211 0.018013 0.00618712 -0.0372174 -0.0508162 -0.0026129 0.00938359 -0.025413 0.0259425 0.00355375 0.0297282 -0.0173149 -0.0474062 -0.0818775 0.023937 -0.00921207 0.0322065 -0.00311942 -0.0164089 -0.0665516 -0.0462012 -0.000187751 0.0532014 -0.0419315 -0.00837845 -0.017453 -0.00652368 0.00591661 0.000198431 -0.0388987 0.0239519 0.00660346 0.0292671 0.000101519 -0.022825
internal_weight=541810 404852 230404 83312.6 147091 50989.1 23748.9 59563.7 96102.3 42239.8 22486.9 12173.1 22243.2 1505.78 9211.55 136958 88908.4 48050.1 40844.2 57495.2 19911.2 37584 1066.46 76953.6 19753 19820.2 63971.9 27812.3 24039.6 16368.3 10998.5 8145.09 5900.5 35135.7 15394.6 7205.85 8749.27 3725.79 5494.68 5503.8 8861.2 2003.92 12981.8 17763.8 11954.7 36159.6 11639.1 2844.92 2334.74 8794.22 629.794 1256.89 174448 29604.8 144843 32119.5 24387.3 3432.84 7732.12 20954.5 3455.16 9835.81 3558.44
internal_count=4493478 3302519 1975036 678856 1296180 415402 235760 443096 880778 353620 153308 75483 227754 8006 58507 1190959 795388 395571 350664 415780 145196 270584 7648 674392 200312 142841 508903 236367 194094 139635 95306 50859 35834 305259 146446 44907 61782 23812 51531 43775 80962 15016 165489 127743 120996 272536 71626 18795 15184 52831 3920 7249 1327483 280647 1046836 257474 197550 26985 59924 170565 61893 76749 27367
is_linear=0
shrinkage=0.176106


Tree=20
num_leaves=64
num_cat=0
split_feature=2 2 1 1 7 1 5 9 9 10 6 1 2 4 9 2 9 10 2 7 7 7 2 10 10 2 4 6 9 4 6 1 9 9 10 10 7 4 5 10 10 7 7 2 1 4 9 6 6 4 2 2 2 6 9 6 6 1 2 6 9 6 4
split_gain=179.845 178.349 162.22 221.05 216.983 175.268 137.78 104.339 87.927 96.7276 86.8232 86.1642 271.454 85.9509 82.4894 79.3415 78.5159 74.0164 202.365 113.064 109.8 100.453 74.0183 81.273 69.8186 68.6694 68.1347 64.2963 99.5285 62.6627 60.0107 72.3408 68.1899 58.1287 70.8039 137.815 69.4318 57.9443 56.2122 55.8238 55.3126 52.9185 48.2719 48.2024 69.4852 56.9304 51.2562 59.1465 61.3256 48.0636 47.7328 68.4241 46.1235 45.4114 73.0526 64.3125 54.5261 43.1416 60.9003 44.3483 43.071 67.4289 42.6893
threshold=630.50000000000011 2110.5000000000005 5.5000000000000009 3.5000000000000004 112.50000000000001 1.5000000000000002 85.500000000000014 0.81771820045148702 0.83470148464705207 0.82586392923164709 77.500000000000014 6.5000000000000009 1140.5000000000002 936.50000000000011 0.84079282354959461 1145.5000000000002 0.78652607420230658 0.84074621875746947 1135.5000000000002 270.50000000000006 183.50000000000003 185.50000000000003 900.50000000000011 0.80108121797144727 0.82495611632445209 1730.5000000000002 1390.5000000000002 331.50000000000006 0.8105164617161551 141.00000000000003 62.500000000000007 3.5000000000000004 0.87594858245229612 0.80970031873537096 0.83517785719595139 0.82495611632445209 84.500000000000014 1010.0000000000001 79.500000000000014 0.82495611632445209 0.85284329541231307 329.50000000000006 179.50000000000003 1640.5000000000002 2.5000000000000004 1235.5000000000002 0.81204943875531377 326.50000000000006 290.50000000000006 910.50000000000011 1125.5000000000002 915.50000000000011 930.50000000000011 337.50000000000006 0.83470148464705207 284.50000000000006 70.500000000000014 2.5000000000000004 1555.5000000000002 4.5000000000000009 0.79239690530464058 120.50000000000001 256.50000000000006
decision_type=2 2 2 2 2 2 2 2 2 2 2 2 2 2 2 2 2 2 2 2 2 2 2 2 2 2 2 2 2 2 2 2 2 2 2 2 2 2 2 2 2 2 2 2 2 2 2 2 2 2 2 2 2 2 2 2 2 2 2 2 2 2 2
left_child=6 2 3 4 5 7 -1 27 -3 -10 57 13 26 15 -11 16 -4 18 22 20 -20 -22 23 -6 37 33 -13 28 50 -5 31 -16 -32 -14 35 49 -37 -24 62 -21 -28 -38 52 45 -45 60 47 48 -46 -35 51 -2 -19 54 55 -27 -56 -7 59 -59 -12 -62 -33
right_child=1 8 11 29 17 10 -8 -9 9 14 43 12 25 -15 30 -17 -18 42 19 39 21 -23 24 -25 -26 53 40 -29 -30 -31 32 38 -34 34 -36 36 41 -39 -40 -41 -42 -43 -44 44 46 -47 -48 -49 -50 -51 -52 -53 -54 -55 56 -57 -58 58 -60 -61 61 -63 -64
leaf_value=0.044189103371651196 0.011373745692635334 0.0029165835307476827 -0.034861111132399925 0.0096992860942656956 0.052284492112002062 0.023264489867956546 0.0072284981925162094 0.0022435247078360864 0.057780642201536066 0.076605021863392631 0.026033634994405145 0.024669004986184309 0.016997710341637363 -0.001235834717187729 0.025240187763290321 0.019310479315385019 0.007630617057723132 -0.020296647123631276 -0.0084704095625491183 -0.021093072679558147 -0.20431329963752268 -0.039565074706989244 0.049595253993547153 -0.014484991351465437 -0.0004589446766773284 -0.023808261613427334 -0.029090468977938114 0.010056481806192964 -0.03720861496439537 -0.0082827198258755789 0.0099235686498875177 -0.0047371548442448124 0.050598423497900981 0.0078231757193705578 0.0025686304052598974 -0.010682541065286742 -0.082943371755080098 -0.020503175095857237 0.0043832919359942935 0.0072818558766218249 0.018167061913583627 -0.014594466785818057 0.006671570427693803 0.0096162220238125637 -0.023784427311916993 -0.0058856341686964724 -0.00012949678007829758 0.0051884681139531411 -0.079684833038853653 -0.025836566761496382 0.0016060231154355891 -0.058280098927770189 -0.0020277997512705677 0.017381588961664318 -0.017349163089971951 -0.080827662578684942 0.0078214809900928935 -0.03629885972667287 -0.00067787014526974362 0.023197571597428902 0.02364319961846675 0.0035082331030081224 -0.067725511847814127
leaf_weight=4840.753368023783 716.68479513004422 11133.049697048962 1529.0387719906867 6250.3905734941363 635.4546889141202 16228.542117591947 8840.250406416133 31742.81923982501 2207.0494982041419 686.74860998988152 5885.7323362641037 14308.517691818997 4862.219805881381 16027.094468491152 2164.650008732453 27711.591791108251 11431.668229877949 5566.904171846807 4516.101435534656 4036.8110871240497 116.09719447791576 10126.505726337433 2562.6435383334756 5127.0595642849803 2461.5296137854457 7665.5201135762036 1458.4267486985773 2607.0082914978266 5915.9620438739657 156348.980570985 3048.4667616449296 550.46900371834636 2201.2841621227562 4626.2411820441484 18095.634983778 1042.0160400941968 1500.8423922136426 426.59643885865808 1760.0595186688006 4601.3098669573665 1622.8509806971997 458.68047232925892 14311.421574022621 10202.444576196373 2748.1249515935779 6303.0693331044167 6698.248892467469 1540.872908346355 781.79068626463413 1838.529872495681 5542.9922221936285 1122.3689841404557 18627.063635300845 1355.9931824728847 6167.7079251967371 666.84906782209873 4705.3968482911587 407.01872878707945 7941.3420476727188 8562.5242574866861 7241.0017037987709 17932.402141019702 847.36951100453734
leaf_count=75867 5478 65067 11730 56878 5592 160473 118248 294684 17434 4797 40012 168122 29743 144818 21480 235562 131849 69727 25673 25133 529 57355 20509 49064 20046 40350 13078 17478 37943 1155247 22708 4400 26806 28618 154950 7308 9502 3280 15655 30226 17120 3022 144054 71545 13673 51838 47411 7924 4021 11614 31230 7311 170924 7329 46593 3566 33895 4661 61244 93233 71366 160835 6032
internal_value=0.000371762 -0.000145241 -0.000861401 -0.00270053 0.00102897 0.00508696 0.0203063 -0.00358988 0.0144961 0.0240694 0.00955779 0.00457801 0.000461895 0.00968695 0.0174612 0.0139911 0.00261766 -0.0067479 -0.012658 -0.0219804 -0.0313462 -0.0414325 0.00679352 -0.00712206 0.021505 -0.00580397 0.0195536 -0.015232 -0.0201897 -0.00759148 0.0136194 0.000442427 0.026979 -0.000755372 -0.0038872 -0.0162281 -0.0474125 0.0395915 -0.0165557 -0.00597846 -0.00420082 -0.0669444 -0.00143569 0.00552499 -0.00102055 0.0093742 -0.0102415 -0.0235988 -0.036165 -0.00174939 -0.00655079 -0.0311358 -0.00623137 -0.0137653 -0.0159644 -0.0283716 -0.00645643 0.0167782 0.0105537 0.0204978 0.012471 0.00929995 -0.0429207
internal_weight=541191 527510 502911 375836 213236 140121 13681 47647.8 24599.1 13466.1 92473.1 127075 70375.4 56699.4 11259 40672.3 12960.7 73115.5 34610.1 23396.8 14758.7 10242.6 11213.3 5762.51 5450.77 52985.6 17389.8 15905 13298 162599 10572.3 5322.55 5249.75 32424.2 27561.9 9466.31 3001.54 2989.24 3157.9 8638.12 3081.28 1959.52 38505.4 59333.7 21971.5 37362.2 11769 5070.79 3529.92 6464.77 7382.05 1839.05 24194 20561.5 19205.5 8332.37 10873.1 33139.4 16910.9 8969.54 31059.1 25173.4 1397.84
internal_count=4493860 4299745 4115366 3016597 1804472 1182360 194115 394124 184379 119312 788236 1098769 574810 523959 101878 379141 143579 622112 237407 138916 83557 57884 98491 54656 43835 376490 198320 99440 81962 1212125 97081 47567 49514 244757 215014 60064 19832 23789 26087 55359 30198 12524 384705 468625 144574 324051 73029 25618 17694 40232 44019 12789 240651 131733 124404 43916 80488 319611 159138 97894 272213 232201 10432
is_linear=0
shrinkage=0.176106


Tree=21
num_leaves=64
num_cat=0
split_feature=11 11 11 11 2 0 0 2 8 8 0 11 0 2 9 8 8 2 0 8 8 8 9 0 8 0 2 9 2 2 6 9 0 2 8 9 0 2 2 6 9 13 9 13 0 2 9 0 6 2 9 10 2 9 9 2 6 10 9 6 0 10 9
split_gain=269.312 109.296 101.983 99.6305 94.3183 71.4959 99.1018 143.046 82.4273 80.8984 78.8808 71.2985 70.3915 68.5122 110.781 95.7581 110.214 96.86 95.1074 87.0081 187.475 72.5424 213.293 87.7736 68.3593 68.1088 67.5658 91.7032 119.957 358 150.316 132.255 117.453 86.1457 148.114 103.252 72.655 66.8033 66.7816 66.3228 62.3472 60.9961 68.713 60.7531 60.2868 58.9921 58.1729 89.3104 166.633 104.565 62.4392 61.8235 57.545 57.1721 65.6137 56.8175 56.3043 56.0692 55.1827 54.0638 57.273 97.7357 53.1334
threshold=0.90352188153251489 1.0000000180025095e-35 0.96519753917139295 0.83701756682081274 2005.5000000000002 2.5000000000000004 5.5000000000000009 1205.5000000000002 0.90127320420397428 0.86628032038578417 3.5000000000000004 0.65809831459764956 1.5000000000000002 1405.5000000000002 0.81300475711592879 0.90127320420397428 0.86628032038578417 735.50000000000011 6.5000000000000009 0.85824804301739877 0.86628032038578417 0.8806295869237083 0.88430007122985399 2.5000000000000004 0.90127320420397428 7.5000000000000009 1719.5000000000002 0.80443753362022608 1040.5000000000002 905.50000000000011 53.500000000000007 0.79239690530464058 1.5000000000000002 1515.5000000000002 0.848122963620355 0.79239690530464058 2.5000000000000004 1500.5000000000002 2020.5000000000002 12.500000000000002 0.8799230024656316 0.85433369014685556 0.83470148464705207 0.8488345610256558 7.5000000000000009 1255.5000000000002 0.87395318374103115 2.5000000000000004 193.50000000000003 1015.5000000000001 0.85898181681714003 0.87574415278457785 1250.5000000000002 0.83305629480984378 0.84079282354959461 1810.5000000000002 80.500000000000014 0.85319414781819847 0.85898181681714003 47.500000000000007 2.5000000000000004 0.77773195734762213 0.86985455350032626
decision_type=2 2 2 2 2 2 2 2 2 2 2 2 2 2 2 2 2 2 2 2 2 2 2 2 2 2 2 2 2 2 2 2 2 2 2 2 2 2 2 2 2 2 2 2 2 2 2 2 2 2 2 2 2 2 2 2 2 2 2 2 2 2 2
left_child=1 -1 5 4 11 12 10 9 -9 58 -7 -3 24 14 -5 16 46 -18 52 38 57 22 23 -22 -2 -19 27 28 29 -13 -31 -32 -30 35 -35 37 -33 -34 -15 -6 -20 43 55 62 -37 -26 47 48 49 50 -16 -51 -17 -40 -55 -43 -25 -21 -8 60 -28 -62 -23
right_child=2 3 -4 13 39 6 7 8 -10 -11 -12 26 -14 19 15 18 17 25 40 20 21 41 -24 56 45 -27 59 -29 32 30 31 36 33 34 -36 44 -38 -39 53 -41 -42 42 -44 -45 -46 -47 -48 -49 -50 51 -52 -53 -54 54 -56 -57 -58 -59 -60 -61 61 -63 -64
leaf_value=-0.36669339670636669 0.021283796020610517 -0.029315713948605601 0.065884305402392193 0.023294269847577039 0.039805284263171772 0.0088754868800045954 0.059664210010262175 -0.0080025225910919078 0.023672511398097635 0.042758907048592393 0.033437865984460413 0.01536005153265289 -0.012608304518593735 0.00039035003722081706 -0.048342357064824072 -0.06369306815542064 0.046122111016443187 0.0054166766266235244 0.063561324384068349 0.013513233434578362 0.027513487555144368 -0.010784768560717847 0.054364671374724338 0.015633594936694493 -0.06460407984053794 0.029551333651217267 -0.021256780354229485 -0.0046866213248874583 0.045639684059696102 0.041670653107608958 -0.035151449882104675 -0.19122109722847966 0.004997363071689181 -0.022120638499948265 0.025082999253926139 0.057604351433984236 -0.079322360062850247 0.065437136199457707 -0.0051242420071627255 0.0042669862213371339 -0.020352998778905649 -0.024057114347150462 -0.01153590182807401 0.060895977331188185 0.0032555173169653787 0.0092571842904720508 -0.0072489921645770665 0.0086335796508671021 0.046565796268221514 0.0088101009502963012 -0.0063486009758575209 -0.064752898876267548 0.013727060507369047 0.077219740084136068 0.018343595994894091 -0.11071905108525974 -0.019933768811460154 -0.052745689383711346 0.00090516512621111565 -0.012171069877197795 -0.050600079482251953 0.012326964956979065 0.018710591379259019
leaf_weight=25.350793525576591 5450.0866538211703 3536.2826151177287 1056.1262907031924 9400.9426202736795 1744.2245538681746 6403.0964247900993 571.08576606959105 13838.383885920048 3122.9229493327439 4307.6366509031504 11057.03459165059 9081.7517846785486 7090.1259234026074 64952.912683986127 3525.9007721915841 1660.0641609542072 2653.819099470973 17244.543107520789 463.49117452278733 449.87273553386331 2193.9030524864793 5184.4194599539042 2420.0038424432278 1764.3507907651365 592.25733526796103 4592.027799166739 2846.1624517962337 128981.8110479787 2874.1034588739276 655.87118572741747 4967.4712358340621 231.26861943304539 10555.393037647009 5872.8316631317139 3176.6678185462952 2463.7131057605147 811.0682935193181 599.3614064604044 3102.7059445492923 24572.759088762105 673.77842189744115 573.18279745429754 19817.007418423891 541.62624153494835 851.84121361374855 773.14675332978368 20583.679549179971 33104.288037262857 1413.0480747595429 3871.1150445565581 1594.7552613168955 390.00765753537416 362.82524731755257 637.8883388414979 7364.0843332186341 397.22590707242489 6342.2330530807376 3312.6858267784119 3754.1964932344854 45229.158725395799 835.36000598967075 9149.5370962843299 2984.5433018729091
leaf_count=107 72281 16369 27800 93070 10164 91131 8883 152518 47094 85592 172435 75571 81581 474503 30890 17968 52587 188399 5618 3252 16000 38246 21065 12935 8185 54433 14835 915641 18445 4651 33198 1505 69646 28744 17949 16921 5972 3029 20994 138451 7836 4054 153594 4182 5594 10422 219619 355576 12848 31902 16275 3092 3560 4789 60010 2520 45278 26497 62302 237809 3802 48929 24712
internal_value=0.000323733 -0.001039 0.0116602 -0.00101979 -0.00337052 0.0106549 0.0142007 0.00722221 -0.0021705 0.0256763 0.0244302 -0.00450056 -0.000323683 0.00170382 0.00508363 0.00322548 0.00429547 0.0143529 -0.0268997 -0.00110813 -0.00715581 -0.00379883 0.00731758 -0.0037357 0.012456 0.010492 -0.00411766 -0.00235637 0.00477583 -0.00738827 -0.0383821 -0.0471185 0.0120333 0.00792664 -0.00555063 0.0163551 -0.10415 0.00824488 0.00254803 0.00662238 0.0138461 -0.00859258 -0.0137764 0.00377847 0.0436409 -0.0227809 0.000475681 0.00409767 -0.00981251 -0.018304 -0.035264 0.0020771 -0.049807 0.0151686 0.023037 -0.0595312 -0.0121927 -0.0448234 0.00866338 -0.0093088 0.000780644 0.00706234 -8.59275e-06
internal_weight=540651 482635 58016.1 482610 259037 56960 43054.4 25594.2 16961.3 8632.92 17460.1 232720 13905.6 223573 101534 92133.3 88973.2 24490.4 3160.16 122039 45981.1 42218.5 12720.5 10300.5 6815.49 21836.6 229183 171123 42141.3 15747.4 6665.68 6009.81 26393.9 23519.8 9049.5 14470.3 1042.34 11154.8 76057.6 26317 1137.27 29498 20787.4 8710.59 3315.55 1365.4 64482.8 43899.1 10794.8 9381.78 5120.66 4261.12 2022.89 11104.7 8001.97 970.409 8106.58 3762.56 4325.28 58060.2 12831.1 9984.9 8168.96
internal_count=4493860 3673636 820224 3673529 1667225 792424 619955 356389 199612 156777 263566 1518610 172469 2006304 1093673 1000603 965621 295419 34982 912631 352335 322586 95278 74213 90888 242832 1502241 1196866 281225 120897 45326 40675 160328 141883 46693 95190 7477 72675 560296 148615 13454 227308 160168 67140 22515 18607 670202 450583 95007 82159 47165 34994 21528 85793 64799 6574 58213 29749 71185 305375 67566 52731 62958
is_linear=0
shrinkage=0.176106


Tree=22
num_leaves=64
num_cat=0
split_feature=11 1 1 1 12 4 1 8 8 11 5 12 8 8 8 8 4 6 8 8 8 12 4 9 5 9 10 8 8 8 9 11 9 6 9 8 10 8 1 9 8 8 12 10 9 10 4 9 10 12 9 6 9 10 4 6 11 9 5 10 8 10 1
split_gain=199.882 105.053 184.327 157.427 70.66 91.8232 73.5862 70.2803 119.999 82.4219 71.0632 66.6804 66.2901 102.412 72.4695 103.427 60.5132 59.91 58.7764 106.337 124.57 111.207 82.7104 66.3758 64.3187 59.7533 57.5819 55.6933 55.4695 76.291 64.4995 55.4475 50.1466 47.7495 47.3992 45.5942 43.8537 69.4783 51.2437 43.5825 43.3989 89.1383 42.6445 41.6611 46.2845 41.9438 38.0601 37.3547 36.2689 36.0122 62.8273 38.4091 37.0289 35.9618 35.6079 34.7571 34.3603 34.2726 33.8044 33.1577 33.0651 41.2112 34.3325
threshold=0.92546025796494324 5.5000000000000009 3.5000000000000004 1.5000000000000002 0.80854474376661079 1214.0000000000002 2.5000000000000004 0.8806295869237083 0.85370962442027898 0.86411269513611155 224.50000000000003 0.88422383259072179 0.86628032038578417 0.8563935865996698 0.84154593889460827 0.83526014591826703 669.50000000000011 76.500000000000014 0.83028932750521267 0.85154788907268331 0.8563935865996698 0.86947312089378326 910.50000000000011 0.90433043409895042 234.50000000000003 0.86630589004703629 0.81499633825503093 0.90127320420397428 0.90127320420397428 0.8806295869237083 0.90191647613397075 0.97339709565736265 0.8630547822025233 49.500000000000007 0.87517040895370191 0.85370962442027898 0.86751522806253079 0.90127320420397428 4.5000000000000009 0.86821570056551922 0.86628032038578417 0.85824804301739877 0.83534825092633291 0.80155467498908761 0.85898181681714003 0.8353646388393442 1595.0000000000002 0.87472056448365165 0.78265966154239897 0.88422383259072179 0.842470519626908 170.50000000000003 0.81300475711592879 0.87258172848716786 337.50000000000006 373.50000000000006 0.85499847116947503 0.87395318374103115 330.50000000000006 0.88156699794896076 0.85370962442027898 0.86751522806253079 6.5000000000000009
decision_type=2 2 2 2 2 2 2 2 2 2 2 2 2 2 2 2 2 2 2 2 2 2 2 2 2 2 2 2 2 2 2 2 2 2 2 2 2 2 2 2 2 2 2 2 2 2 2 2 2 2 2 2 2 2 2 2 2 2 2 2 2 2 2
left_child=1 2 3 12 6 28 -5 8 17 10 -9 16 13 14 15 -1 36 -4 -3 25 21 22 60 -23 35 26 -20 -13 29 48 59 -2 -22 -25 -27 46 -11 38 57 55 41 -34 -30 -10 49 -46 -24 -41 -6 50 51 -45 -51 -47 -35 58 -16 -38 -14 -31 62 -62 -21
right_child=31 18 7 4 5 -7 -8 9 43 11 -12 27 39 -15 56 -17 -18 -19 19 20 32 23 24 33 -26 34 -28 -29 42 30 -32 -33 40 54 -36 -37 37 -39 -40 47 -42 -43 -44 44 45 53 -48 -49 -50 52 -52 -53 -54 -55 -56 -57 -58 -59 -60 -61 61 -63 -64
leaf_value=-0.0061429770640664015 0.015125216043518096 -0.0027803586123719801 -0.0025707265466196729 0.0065901361158544388 0.022226651948289548 -0.0048009856586916869 -0.0075170369413861144 -0.031449398692289854 -0.025763241771037702 -0.0012464400479787975 0.039333468658306461 0.03181760935684165 -0.0076112033025783187 -0.027101774350846437 -0.0027851480246961625 -0.034088053650122178 0.012674768245222973 -0.01087907335540594 0.021434017770011828 0.017466330702929661 0.01207368694850304 0.019598609692999109 -0.033909124801691191 0.015857971242148196 -0.0050706122687565877 0.039260310544972081 0.0044076854215569679 -0.02420488554661809 0.027559335100326317 0.01254118694722575 0.054944432362735988 0.076408717455659275 0.017788327921024191 -0.35087465444825977 0.013819189360016198 -0.095232948338330195 -0.056231661694360106 0.0039870931612992679 -0.050435215619694253 0.053734666399490386 0.0039558956022740935 -0.037951798527957388 -0.026104019919263036 0.019145556461536269 0.0187032232935 -0.020130318722371331 -0.10424330906570436 0.010754884495108029 0.0074403500099573649 0.026310806251663613 0.048964894773034479 -0.0019315966683786105 -0.012128009484724483 0.0019302205043015498 -0.079567060273012025 0.059867566144944956 0.011194549192372769 -0.008712792151470989 0.063870098325682065 0.040194216468339684 -0.11001538294126115 0.032584675619363825 -0.011930564741369828
leaf_weight=22263.051104810089 22193.86164024286 31538.873245500028 45489.7214332968 21629.190219383687 5592.8177634477615 15861.401688110083 24408.39623908326 8915.2739211879671 1311.3683001473546 3476.3926053643227 462.71594032645226 2107.4968463722616 7942.193577459082 7482.3133204989135 16277.405179273337 5036.7438661381602 2462.7965786196291 65924.941159125417 8620.9304493367672 1989.9998341389 22375.681529583409 4047.2575098499656 4371.6546953395009 209.55322151631117 1895.5845393314958 4204.1443221196532 21581.618420798331 744.83924535661936 582.53199488669634 6383.8241821154952 1834.1563547775149 467.51906710118055 1423.4821692928672 15.863670058548449 4939.6921749077737 471.54674123972654 584.61010024696589 1945.9877180680633 3030.5295789837837 690.66794738173485 15495.028321586549 2373.1576078794897 2170.257350333035 7882.1279641017318 2361.0101589746773 4024.1277584061027 252.38507914543152 6818.6918665710837 64220.935910746455 1039.8709504082799 1616.8537551239133 4063.8704686611891 3077.346923969686 5323.2702973634005 276.47381653636694 258.16745978966355 8199.3705304674804 2416.323371630162 210.62343796342611 1703.6566994599998 188.78420609235764 94.223384656012058 3235.2250554710627
leaf_count=151271 374238 219178 324927 157095 35609 136763 158836 62525 8401 24300 3242 38447 69213 62954 112301 36693 18427 431720 60176 17970 191372 46196 32035 2830 14517 39212 170282 10299 6421 73434 27003 13936 15905 204 51812 3374 3952 18417 21841 7465 166878 23677 25437 49515 18917 33711 1898 78218 559697 10994 11386 25624 29736 49192 2709 2113 82439 17686 1843 21046 1435 952 23502
internal_value=0.000200873 -0.000508128 -0.0019587 0.00140223 0.00480488 0.00747031 -0.000889263 -0.00634442 -0.00480062 -0.0147353 -0.0279569 -0.00734118 -0.00513279 -0.00784329 -0.00506022 -0.0112988 -0.0123687 -0.00748684 0.00383267 0.00595955 0.00121233 -0.0114688 -0.0200494 0.0121076 -0.0327652 0.0130438 0.00926763 0.0171883 0.00982992 0.0106785 0.0251284 0.0163895 0.00640092 -0.0482999 0.0255165 -0.0430677 -0.0177535 -0.024947 -0.0342822 0.00495629 -0.000178705 -0.017053 -0.014748 0.00494811 0.00631851 -0.0022696 -0.037748 0.0147079 0.00862489 0.0120059 0.016385 0.0119754 -0.00241966 -0.00756701 -0.0942895 -0.00375001 0.00189785 -0.0179699 -0.00576452 0.0183664 -0.00391033 -0.0625387 -0.000734909
internal_weight=540090 517429 387828 219566 144387 98349.6 46037.6 168261 142115 26147 9377.99 16769 75179.2 59258.9 51776.6 27299.8 13916.6 111415 129601 98062.3 58715.9 17048.6 12499.4 4549.15 6991.17 39346.4 30202.5 2852.34 82488.2 79735.4 9921.64 22661.4 41667.3 501.891 9143.84 5095.59 11453.8 7977.45 6031.46 15920.3 19291.7 3796.64 2752.79 30699.8 29388.5 11708.4 4624.04 7509.36 69813.8 17680.1 13562.9 11946 4117.22 9347.4 292.337 8410.98 24476.8 3000.93 8152.82 8087.48 5508.23 283.008 5225.22
internal_count=4493398 4105224 3019110 1805851 1201341 885410 315931 1213259 994123 219136 65767 153369 604510 445658 382704 187964 104623 756647 1086114 866936 545454 147622 95683 51939 51824 321482 230458 48746 748647 716789 121483 388174 397832 5743 91024 37307 86196 61896 43479 158852 206460 39582 31858 237476 229075 101820 33933 85683 595306 127255 86525 75139 40730 82903 2913 73169 194740 21638 71056 94480 43859 2387 41472
is_linear=0
shrinkage=0.176106


Tree=23
num_leaves=64
num_cat=0
split_feature=11 11 7 2 2 6 8 8 11 8 6 8 11 13 11 2 7 6 9 11 2 2 8 6 6 9 6 12 9 2 9 8 2 2 8 8 2 8 8 2 8 1 2 10 10 6 6 8 9 6 2 8 7 2 2 9 10 2 10 2 7 9 10
split_gain=142.461 89.5958 77.5682 77.7576 70.8892 115.02 71.2582 67.4999 67.0527 61.1623 160.427 67.8174 61.3527 56.0298 55.3475 53.2834 50.081 60.544 48.1928 42.4622 40.9611 67.379 158.586 70.1491 53.1776 55.7263 52.8389 61.1066 50.2294 50.828 40.6905 51.4454 46.6668 49.8297 46.346 40.7525 40.0599 39.0881 92.9063 57.1392 127.117 52.7738 51.0829 59.0548 48.7608 41.8638 40.0281 39.5854 63.7906 68.4657 47.6986 38.3796 47.9719 38.0247 64.8876 84.6212 63.6234 73.4881 191.464 112.076 65.9885 59.9143 55.9904
threshold=0.8693786748773481 0.94036661208422245 26.500000000000004 610.50000000000011 810.50000000000011 61.500000000000007 0.85824804301739877 0.90127320420397428 0.69484611672111685 0.84496713270957635 96.500000000000014 0.78730933661789715 0.72012961028567279 0.85433369014685556 1.0000000180025095e-35 615.50000000000011 77.500000000000014 87.500000000000014 0.84650714851729147 0.88090199163019911 855.50000000000011 1135.5000000000002 0.84154593889460827 367.50000000000006 121.50000000000001 0.83470148464705207 140.50000000000003 0.90851851965945485 0.87594858245229612 1240.5000000000002 0.89327349788539634 0.85154788907268331 950.50000000000011 1555.5000000000002 0.83526014591826703 0.84154593889460827 1800.5000000000002 0.85824804301739877 0.86628032038578417 1340.5000000000002 0.90127320420397428 2.5000000000000004 2010.5000000000002 0.88843301523498797 0.86342884418218024 43.500000000000007 61.500000000000007 0.84496713270957635 0.89252151232798049 40.500000000000007 1955.5000000000002 0.848122963620355 10.500000000000002 2015.5000000000002 1745.5000000000002 0.85335723161619847 0.82495611632445209 1235.5000000000002 0.79988931627171589 725.50000000000011 134.50000000000003 0.78316546599407266 0.82590030487230581
decision_type=2 2 2 2 2 2 2 2 2 2 2 2 2 2 2 2 2 2 2 2 2 2 2 2 2 2 2 2 2 2 2 2 2 2 2 2 2 2 2 2 2 2 2 2 2 2 2 2 2 2 2 2 2 2 2 2 2 2 2 2 2 2 2
left_child=2 4 8 -4 5 6 15 -8 14 10 12 13 -5 -12 -1 19 37 30 -14 -2 26 22 -22 28 -24 -26 -13 -28 29 -23 32 35 -18 34 -34 -32 -25 47 42 40 -40 44 46 -44 -41 -43 -39 48 -6 -50 -49 -16 -53 54 55 56 57 58 -11 61 -61 -60 -55
right_child=1 -3 3 9 16 -7 7 -9 -10 53 11 20 18 -15 51 -17 17 -19 -20 -21 21 23 24 36 25 -27 27 -29 -30 -31 31 -33 33 -35 -36 -37 -38 38 39 41 -42 45 43 -45 -46 -47 -48 50 49 -51 -52 52 -54 62 -56 -57 -58 -59 59 60 -62 -63 -64
leaf_value=-0.30957584424739981 -0.028199832462568891 0.020662356048020348 0.020998568054061816 -0.023620817407942828 0.0059595971268270233 0.033263612806153552 0.040954928845458254 -0.015382533035066681 0.00402701619507517 0.066121061078474694 -0.078063167053257124 -0.020310333530726008 0.002680380556257959 -0.01420482699194554 -0.015239505710163226 -0.017738055415229159 -0.014725153092949856 -0.011235917948964762 -0.0067382786970749346 0.034350141143011242 -0.015143063936195486 0.014267830634432864 0.0048934349131885069 -0.077963165063536718 0.027782591583418018 -0.09932106421198704 0.021586969462832908 -0.11396133296233524 -0.076823536952624644 -0.012438333423634946 -0.0051324604297621106 -0.011167376170678809 0.039407460129429139 0.00037390491179313355 0.011498199127273201 0.026462377704766251 -0.0071715309072612875 -0.0033417544719910645 0.023849347241099602 -0.0078936206986012798 -0.021832172620713002 -0.013707840895861995 -0.041518013429908129 -0.17480876144412313 0.024391834197501905 0.0026482481472360638 -0.048717043639442875 0.011202896677430662 0.039001148889130123 -0.068700239760506973 0.035376990600421224 0.1169224505110172 -0.035487814927834045 0.03215740316389451 -0.0089458958877552588 -0.0068082734998165927 0.005719520430275982 -0.01385365028570801 -0.18724018423414637 -0.0085505687742726492 0.027677170285691777 -0.036201819109309891 0.0012027847073190186
leaf_weight=19.535751551389694 453.82923325151205 10165.451971441507 4098.9672942832112 3835.8882065415382 12083.37270668149 6252.1661483999342 2225.5973127447069 937.35943360999227 88775.873993586749 1423.5268643908203 968.44991834461689 2131.111866582185 46018.128192521632 760.93967118859291 6998.1318881511688 4718.2884137406945 2878.2874142676592 15191.614216029644 26579.606662034988 1302.8993890844285 4268.593330193311 2462.4644768759608 209.69089649617672 776.22600998729467 115.75337660312653 1411.1364399194717 2712.7031828165054 107.22255668789148 350.81853564828634 21574.261397905648 2643.8887515366077 11952.629263501614 2326.9607229940593 10428.781506828964 8914.7527000643313 2429.6103453971446 364.24454941600561 2035.2827280201018 9218.3388282135129 2198.6353556402028 2376.1479934975505 9063.4230169840157 400.63498956337571 138.80282211303711 4265.3492339402437 10447.684497717768 856.75290633738041 15514.149896930903 245.93712529540062 715.9399665184319 3024.9359013624489 153.30490831285715 110.00844548642635 2511.0579925514758 32597.355587810278 40420.37748453021 65099.901557154953 12852.934456080198 85.704446837306023 3663.1239264458418 2715.0881743207574 1641.9615801535547 6511.7627967707813
leaf_count=86 6007 203036 50024 19093 116078 98905 51253 17561 603935 11910 5991 17060 296214 5120 33023 68644 38930 149946 186716 21309 31882 18174 1507 3974 807 9772 22104 1090 2098 119918 31511 141056 23716 88372 93875 26998 1874 20884 127089 21716 30614 76473 3496 1278 49652 93165 8633 154293 2750 8417 28277 772 526 16374 191737 329562 520124 74792 729 30293 23394 16057 42732
internal_value=0.000179748 0.00467907 -0.00163962 -0.00308383 0.0035604 0.0146609 0.00259327 0.024259 0.00269452 -0.00343121 -0.00657287 -0.0158896 -0.00191488 -0.0499652 -0.0135524 -0.00799016 0.00219677 -0.00172158 -0.000767995 0.0181911 -0.0142744 -0.0166126 -0.0333967 -0.0126643 -0.078265 -0.0896853 0.000617289 0.016433 -0.0106679 -0.0097024 0.00175499 -0.00486052 0.00634326 0.00914158 0.0172752 0.00999776 -0.0553537 0.00526119 0.00167435 0.00420786 0.0144875 -0.000380649 -0.0260638 -0.0758151 0.0134104 -0.00494959 -0.016784 0.00991742 0.00248509 -0.0411627 0.0151473 -0.012756 0.0532477 -0.00130651 -0.00193187 -0.000144273 0.00293477 -0.00516479 0.00655444 -0.00390644 0.00687092 -0.0436944 0.00981748
internal_weight=539733 155408 384326 288269 145242 15890.1 9637.97 3162.96 96056.9 284170 114647 38213.6 76433.6 1729.39 7280.98 6475.02 129352 56766.5 72597.7 1756.73 36484.2 31533.2 6005.17 25528 1736.58 1526.89 4951.04 2819.93 24387.5 24036.7 41574.9 17026.1 24548.8 21670.5 11241.7 5073.5 1140.47 72585.4 41001.1 37569.6 11594.5 25975.1 3431.47 539.438 6463.98 19511.1 2892.04 31584.3 13045.2 961.877 18539.1 7261.45 263.313 169523 160500 127903 87482.2 22382.3 9529.4 8105.88 6378.21 1727.67 9022.82
internal_count=4493398 1803934 2689464 2051122 1600898 263679 164774 68814 638342 2001098 743394 241371 502023 11111 34407 95960 1337219 594404 482930 27316 230260 190006 43968 146038 12086 10579 40254 23194 140190 138092 444458 199565 244893 205963 117591 58509 5848 742815 433000 398709 157703 241006 34291 4774 71368 169638 29517 309815 127245 11167 182570 34321 1298 1257704 1198598 1006861 677299 157175 82383 70473 53687 16786 59106
is_linear=0
shrinkage=0.176106


Tree=24
num_leaves=64
num_cat=0
split_feature=8 2 5 7 8 8 10 10 2 9 6 2 6 7 8 6 7 9 9 8 5 2 10 2 5 8 9 10 8 1 1 5 9 7 9 1 10 8 6 9 2 9 1 2 10 10 8 10 10 2 5 7 2 2 10 7 10 5 6 1 5 9 2
split_gain=92.6968 104.17 120.375 131.707 70.3211 98.9487 66.561 73.5099 112.294 81.1369 69.1205 65.5294 65.2287 100.005 93.7975 166.591 132.278 67.3003 67.0915 60.2147 150.625 132.063 152.096 76.9249 76.8683 69.9597 99.8263 86.1305 66.803 76.8868 68.9576 65.5558 64.2862 59.8811 58.387 58.2435 57.3012 56.0828 55.283 90.7961 58.3069 51.8416 51.5706 51.314 138.42 84.9395 59.3722 58.2122 121.317 69.5993 61.1261 61.8312 57.7696 76.4763 50.0013 65.259 49.3256 79.0298 49.3034 48.3815 49.8836 47.224 51.0437
threshold=0.84154593889460827 805.50000000000011 255.50000000000003 136.50000000000003 0.86628032038578417 0.85154788907268331 0.81459672985624421 0.82137667740611919 615.50000000000011 0.86695768040484344 109.50000000000001 2110.5000000000005 202.50000000000003 10.500000000000002 0.83526014591826703 55.500000000000007 102.50000000000001 0.76001425473962181 0.81900813221307578 0.85154788907268331 79.500000000000014 1025.5000000000002 0.81499633825503093 1800.5000000000002 207.50000000000003 0.86628032038578417 0.89127477498379648 0.84403991638651465 0.8563935865996698 2.5000000000000004 3.5000000000000004 344.50000000000006 0.82603058359836112 28.500000000000004 0.89252151232798049 4.5000000000000009 0.86501369002994422 0.79865757073970556 304.50000000000006 0.842470519626908 1200.5000000000002 0.81204943875531377 5.5000000000000009 1140.5000000000002 0.83774435801711344 0.83896900224600712 0.78730933661789715 0.80108121797144727 0.81459672985624421 705.50000000000011 84.500000000000014 106.50000000000001 820.50000000000011 629.50000000000011 0.89433885133650681 378.50000000000006 0.84074621875746947 66.500000000000014 57.500000000000007 2.5000000000000004 275.50000000000006 0.87594858245229612 1449.5000000000002
decision_type=2 2 2 2 2 2 2 2 2 2 2 2 2 2 2 2 2 2 2 2 2 2 2 2 2 2 2 2 2 2 2 2 2 2 2 2 2 2 2 2 2 2 2 2 2 2 2 2 2 2 2 2 2 2 2 2 2 2 2 2 2 2 2
left_child=12 2 3 4 5 -2 -5 8 -8 10 -10 19 14 37 16 -16 -1 -18 -17 20 -3 22 24 25 32 26 27 33 29 -29 -30 -27 -22 -21 38 -35 -36 -14 -23 -40 -41 -4 54 44 47 61 -46 -19 49 -49 51 -51 53 -48 55 -9 57 -55 -28 -25 -61 -45 -63
right_child=1 11 41 6 -6 -7 7 42 9 -11 -12 -13 13 -15 15 18 17 43 -20 23 21 34 -24 59 -26 31 58 28 30 -31 -32 -33 -34 35 36 -37 -38 -39 39 40 -42 -43 -44 45 46 -47 52 48 -50 50 -52 -53 -54 56 -56 -57 -58 -59 -60 60 -62 62 -64
leaf_value=0.0056450267871486276 0.039949372438692302 0.021257065279305026 0.029157906376043898 0.077266083151767029 0.041254179252702285 0.0049354446600294857 0.040619670766730301 -0.015607639523033869 -0.08076356958169198 0.017547977682729605 0.013016769207957921 0.01205881527097522 -0.0072651634415430459 -0.017536234137681097 0.00062614561819739631 0.0022520066772219907 -0.034596010968936865 0.051736800177607005 -0.035457172952513445 0.0055636563436065999 -0.0032831344279187205 0.00075254798567796037 -0.026983847018693097 0.0018628952895346413 -0.020060968267700499 0.0037559390146702188 -0.008944534645739792 0.028247941978410986 -0.014442113994471048 0.0047226229377850199 0.0059390477430125935 0.054189028180572037 0.067403040150750271 -0.0052814916712055383 0.0049786066045201961 -0.024823145139020016 0.041334993108196341 0.011787354565038552 0.0099785676418381423 -0.13425548102845172 0.082766920530966653 -0.036250136581563723 0.031619709704016258 -0.013750119800386451 -0.052814257127081814 0.0033079384748549994 0.015983741396343443 0.034229626648896193 0.019826101515571549 0.11559608177304087 -0.011480586503563976 -0.11322367243532898 0.00908456054893708 0.072985337773754655 0.034231405612269054 0.027338302447772432 -0.027960036946566385 -0.11604292846181569 -0.033084991668412722 -0.011491148928047203 0.022301337022242497 -0.087364013719808994 -0.021929134205264843
leaf_weight=72533.861334685236 3812.8239610493183 13717.258573483676 455.69592262804508 346.9537243321538 5541.0907234959304 7286.9825062714517 606.22407408431172 5028.0880397018045 1355.9555974043906 492.18961143493652 297.16123770177364 15727.762276062742 13156.833355333656 21200.47026502341 15237.405109830201 1783.5067019686103 2458.5752086341381 1249.1568385064602 8149.4060827232897 6949.9744910746813 615.41833920031786 49395.688820090145 9001.3539539054036 13902.991573536769 932.01449777185917 83722.358821192756 6496.7334489785135 5965.302485011518 8934.7737669944763 15513.420817445964 12148.956480365247 807.04377834498882 1134.816910751164 11268.157218128443 2889.0509302578866 8152.3542083911598 2514.7783963903785 7536.0980432294309 5388.3635465428233 40.337003685534 797.00407016277313 2143.7053390648216 1985.9905272498727 16704.852698329836 1120.1217484250665 10556.948648959398 1010.4245133474469 321.40765926241875 7585.012043364346 39.29739610850811 457.28270709514618 538.45465866848826 2969.1841153800488 80.414953287690878 1110.4927563965321 1403.7066600807011 1822.5645068623126 466.64277488365769 4401.4498292319477 37098.258519642055 1406.1288907341659 575.67212255299091 1033.4424766600132
leaf_count=506966 47125 111363 4876 3564 120950 92898 7292 65108 12892 5804 2814 133154 71000 133325 133213 11727 13514 9928 69936 53808 5045 337619 83950 116831 7082 854957 69158 53568 79710 131056 103856 6931 11215 80086 25604 59066 29353 55815 33673 339 5734 24919 29802 88071 12299 74565 13285 3091 64970 312 3408 4179 27005 1214 22007 18420 18917 4098 38354 264139 9609 3453 5684
internal_value=0.000241821 0.00193458 0.0115351 0.0147607 0.0250514 0.0169629 0.00119857 -0.000950637 -0.0263062 -0.0452182 -0.0639058 0.000975285 -0.00290686 -0.00903561 -0.00115659 -0.0109414 0.000870069 -0.00619974 -0.0286863 0.000400343 0.00433078 0.00113747 -0.0160155 -0.00116674 0.0207932 0.000706569 -0.00303211 -0.000555971 0.00434392 0.0112563 -0.00269799 0.00423745 0.0425483 -0.00846448 0.00442149 -0.0134847 0.0218978 -0.000326483 0.00272361 0.0183623 0.0723124 -0.0247836 0.00637141 -0.00469935 0.00277817 -0.00927326 -0.015433 0.0161263 0.0111514 -0.0373561 -0.0595855 -0.0976599 -0.00883829 -0.0245825 -0.000276826 -0.0062349 -0.0418803 -0.0882566 -0.0186941 -0.00704182 -0.0102571 -0.0165256 -0.0453389
internal_weight=539376 350789 31867.1 29267.7 16640.9 11099.8 12626.8 12279.8 2751.53 2145.31 1653.12 318922 188587 41893.4 146694 25170.3 121523 48989.5 9932.91 303194 86426.1 72708.8 11683.6 216768 2682.25 164361 79831.1 68932.9 42562.5 21478.7 21083.7 84529.4 1750.24 26370.5 61025.2 19420.5 5403.83 20692.9 55621.4 6225.7 837.341 2599.4 9528.28 46530.9 17660 28870.9 7469.35 10190.6 8941.45 1356.44 1035.03 577.752 6349.23 3380.05 7542.29 6431.79 2369.62 547.058 10898.2 52407.4 38504.4 18314 1609.11
internal_count=4493706 3163731 458471 428676 260973 140023 167703 164139 28802 21510 15706 2705260 1329975 260140 1069835 214876 854959 347993 81663 2572106 650977 539614 107292 1921129 23342 1530550 668662 561150 368190 184624 183566 861888 16260 192960 432322 139152 54957 126815 377365 39746 6073 29795 135337 334479 162706 171773 76818 85888 75960 10990 7899 4491 64519 37514 105535 83528 24229 5312 107512 390579 273748 97208 9137
is_linear=0
shrinkage=0.176106


Tree=25
num_leaves=64
num_cat=0
split_feature=11 11 11 11 2 10 4 2 4 8 9 9 2 2 2 4 8 4 8 2 2 9 2 10 8 2 10 11 9 6 2 8 4 2 4 10 6 2 10 10 4 2 4 2 10 4 6 3 4 10 10 11 2 9 4 2 8 8 11 10 4 8 4
split_gain=105.489 62.3631 55.338 50.5483 46.7971 48.3213 51.6691 43.1257 75.6341 101.041 112.519 81.6095 75.4777 124.49 108.416 74.5515 68.5498 64.5574 59.2017 67.6581 87.4868 71.4329 53.3266 159.825 86.6358 52.5674 52.4942 47.9135 67.4544 68.6576 46.7539 46.0126 43.4537 42.4893 73.0149 62.0205 63.9091 59.695 51.6504 42.5216 43.0482 41.4034 49.0885 39.6 73.653 51.3798 39.1877 46.9727 38.8293 38.5479 41.1702 37.8349 37.1922 63.3612 49.1957 36.9532 35.4866 48.8649 45.9949 34.2512 33.6668 32.8899 33.3881
threshold=0.89327493159014904 1.0000000180025095e-35 0.96066218546996163 0.65809831459764956 2105.5000000000005 0.82586392923164709 1279.0000000000002 1710.5000000000002 813.50000000000011 0.79865757073970556 0.79011244078647347 0.77976848407006161 1324.5000000000002 820.50000000000011 1615.5000000000002 602.50000000000011 0.86628032038578417 239.50000000000003 0.90127320420397428 1279.5000000000002 715.50000000000011 0.86744556049223032 1315.5000000000002 0.78039792282923359 0.80652984726770349 950.50000000000011 0.81499633825503093 0.79972182243062984 0.85392096578175769 290.50000000000006 1625.5000000000002 0.90127320420397428 2427.5000000000005 1905.5000000000002 1214.0000000000002 0.77564160435723117 208.50000000000003 1825.5000000000002 0.83774435801711344 0.82246118310444694 296.50000000000006 815.50000000000011 1113.5000000000002 905.50000000000011 0.79583641290958373 2383.5000000000005 132.50000000000003 15.500000000000002 2534.5000000000005 0.91278690735642409 0.81515192319611229 0.73675623704766469 915.50000000000011 0.82965828734413694 334.50000000000006 640.50000000000011 0.80652984726770349 0.82113268084446045 0.78611925945679506 0.81592098267114832 631.50000000000011 0.83028932750521267 1184.0000000000002
decision_type=2 2 2 2 2 2 2 2 2 2 2 2 2 2 2 2 2 2 2 2 2 2 2 2 2 2 2 2 2 2 2 2 2 2 2 2 2 2 2 2 2 2 2 2 2 2 2 2 2 2 2 2 2 2 2 2 2 2 2 2 2 2 2
left_child=1 -1 55 -3 7 6 -6 8 9 17 11 -11 13 -13 51 -16 27 -5 22 20 -20 -22 23 25 -25 -12 -15 43 -29 41 52 33 -18 34 35 37 -37 -9 -36 40 -35 42 -30 44 45 -10 56 -48 -8 50 -24 -14 53 54 -19 -2 58 -58 -45 -55 -33 62 -38
right_child=2 3 -4 4 5 -7 48 31 16 10 18 12 14 26 15 -17 32 30 19 -21 21 -23 49 24 -26 -27 -28 28 29 -31 -32 60 -34 39 38 36 61 -39 -40 -41 -42 -43 -44 46 -46 -47 47 -49 -50 -51 -52 -53 -54 59 -56 -57 57 -59 -60 -61 -62 -63 -64
leaf_value=-0.29025456229902902 0.023399076313764072 -0.019929182278496566 0.03934988840227218 0.0042592889880617643 0.011848374088130316 0.0012907984653066189 0.057437182842504882 -0.047593334067512115 0.082813709085509918 -0.0032143645866362131 0.066649870169833203 0.058464082399591256 0.17091472978542976 0.028806048416143527 0.024177253537754843 -0.063039028544988468 0.0034990163804488068 0.015592222976770841 0.04592571219169659 0.0085953601120538712 0.011207359118598197 -0.059169987526945543 -0.0081890609035656751 0.038766355557888925 0.0033171880116514476 0.023805762842626147 -0.0081554969781148564 0.001833066308239826 0.026622964932648104 -0.14645555293646592 0.013299974906389631 0.038052193556418881 0.035266824352964965 -0.0082187485172577034 0.033435121196957442 -0.0049100545821135558 -0.032358158702905225 0.0028737737788639864 0.00099719340415433538 -0.0036485486493946294 0.012643748478822728 -0.012392592598296243 -0.0081252406387004057 0.060186529434657091 -0.006466261638083527 -0.054013538668954496 -0.031305891213041483 0.023113455072172807 -0.062453967911560077 -0.075299045695609884 0.0022259019114934274 0.049441066206136176 -0.018549303492023782 -0.01369449967674604 -0.028225634435723783 0.0045789913905267994 -0.033166564215655857 -0.0056822184053084398 -0.087023329524851673 0.035353629298480405 -0.012896740265635502 -0.013555936957555224 -0.22205818572007405
leaf_weight=23.08932663500309 3374.3964039664716 4254.738894701004 1512.2555876877159 12042.938394777477 6114.5201847851276 14139.502554599196 1285.8172723315656 2381.890610165894 492.6131824105978 4594.6639715433121 1572.6968931555748 1467.6103609763086 80.933516547083855 1608.8948594033718 913.56593815982342 455.51283672451973 17749.423088204116 1109.9595422819257 382.27328682690859 2036.5326777733862 568.5355853587389 2097.258304528892 15772.81665622443 2209.0861350558698 66576.857809983194 2040.4416689276695 4595.539473593235 35977.532841775566 2002.9729161821306 113.32718849182129 2136.8879263997078 1374.5201662257314 1444.0151801742613 4139.9126019179821 1845.527494803071 47505.707706201822 3339.8261566236615 1046.1580239236355 8693.9052634723485 36613.791510690004 11840.481578491628 22800.435618840158 3403.0455450415611 407.59583297371864 4832.5204675197601 102.89085789769888 6245.6312196105719 533.97113791853189 89.61845225840807 213.93513473123312 46396.296206820756 4554.4678912460804 15636.219473041594 613.04301649704576 2797.3452200070024 78682.256103238091 2630.0233485847712 8458.3413532748818 78.502048328518867 1578.4412382766604 568.64337565004826 8879.7308102548122 29.02454699575901
leaf_count=107 70047 19389 42005 83946 35540 100792 11536 10788 4715 29808 14636 14549 393 13049 5287 2213 161936 9075 5663 17090 5796 16046 91139 20202 679918 15617 38512 295866 24339 814 11406 11249 12721 22557 10923 289693 16204 4892 53812 228961 63094 184126 38146 2053 36784 761 35145 2786 726 1667 330068 29207 97493 6566 21355 1003916 14325 50315 432 15522 4223 51616 149
internal_value=0.000216675 -0.000838542 0.00596813 -0.00082387 -0.000643716 0.00734901 0.0187857 -0.00104615 0.000105038 0.00217948 0.00409454 0.0170916 0.0239134 0.0123395 0.0387016 -0.0048409 -0.00364755 -0.00625279 0.0023967 -0.0162573 -0.0328624 -0.0441606 0.00310041 0.00635202 0.00445565 0.0424546 0.00142914 -0.00572568 -0.00322766 -0.00965683 -0.0115559 -0.00375068 0.00588906 -0.00416439 -0.00689247 -0.00915604 -0.00783449 -0.032192 0.0066773 -0.000340418 0.00723907 -0.00910721 0.00474925 -0.0124793 0.000734942 0.0591728 -0.0163873 -0.0270197 0.0496255 -0.000673261 -0.00041646 0.051562 -0.0139997 -0.00233518 -0.0157782 0.00535293 -0.0101595 -0.0122012 0.036413 0.021633 0.0231426 -0.0191768 -0.0339925
internal_weight=539061 455492 83568.9 455469 451214 21629.5 7489.96 429585 301326 194053 158138 18271.2 13676.5 7672.04 6004.48 1369.08 107273 35914.8 139867 5084.6 3048.07 2665.79 134782 72399.1 68785.9 3613.14 6204.43 88079.4 64297.3 28319.8 23871.9 128259 19193.4 126316 73721.8 63182.3 59754.3 3428.05 10539.4 52594.2 15980.4 28206.5 5406.02 23782.1 5428.02 595.504 18354.1 6779.6 1375.44 62383 62169.1 4635.4 21735 6098.79 3907.3 82056.7 11574.5 11088.4 486.098 2191.48 1943.16 12248.6 3368.85
internal_count=4493706 3377738 1115968 3377631 3358242 148594 47802 3209648 2441487 1576223 1330860 133018 103210 66110 37100 7500 865264 245363 1197842 44595 27505 21842 1153247 730373 700120 30253 51561 690607 543291 247425 161417 768161 174657 752689 438077 373342 357662 15680 64735 314612 85651 246611 62485 147316 42260 5476 105056 37931 12262 422874 421207 29600 150011 52518 30430 1073963 67125 64640 2485 22088 15472 67969 16353
is_linear=0
shrinkage=0.176106


Tree=26
num_leaves=64
num_cat=0
split_feature=0 8 8 0 0 0 1 1 0 1 1 1 0 8 2 1 9 1 0 8 2 8 1 1 0 8 0 8 8 0 8 4 8 4 0 9 8 8 8 8 8 9 1 8 2 5 9 5 1 9 9 1 9 1 9 1 3 9 9 9 0 2 4
split_gain=127.822 243.024 353.299 129.291 240.619 368.967 309.191 303.615 234.444 207.628 328.216 370.754 284.837 236.405 175.514 158.775 156.326 155.475 176.636 154.593 144.517 138.176 136.6 278.327 667.902 189.346 188.009 166.251 165.008 150.656 140.042 136.436 133.246 127.217 124.73 123.867 121.805 120.196 217.915 137.17 144.77 118.963 116.643 113.495 132.349 113.112 107.419 127.075 106.641 104.631 103.86 103.054 107.416 101.788 96.8432 235.515 108.348 115.754 145.186 102.876 92.2692 93.5209 91.0865
threshold=8.5000000000000018 0.83028932750521267 0.848122963620355 6.5000000000000009 3.5000000000000004 4.5000000000000009 2.5000000000000004 1.5000000000000002 1.5000000000000002 2.5000000000000004 4.5000000000000009 5.5000000000000009 7.5000000000000009 0.78730933661789715 1205.5000000000002 3.5000000000000004 0.8337046859633922 4.5000000000000009 5.5000000000000009 0.79865757073970556 1535.5000000000002 0.90127320420397428 3.5000000000000004 4.5000000000000009 2.5000000000000004 0.8806295869237083 2.5000000000000004 0.86628032038578417 0.8563935865996698 2.5000000000000004 0.80652984726770349 936.50000000000011 0.78730933661789715 1235.5000000000002 7.5000000000000009 0.86985455350032626 0.90127320420397428 0.84496713270957635 0.82113268084446045 0.79865757073970556 0.78730933661789715 0.86753701908127434 4.5000000000000009 0.90127320420397428 1014.5000000000001 320.50000000000006 0.86744556049223032 224.50000000000003 4.5000000000000009 0.80007737908718268 0.76001425473962181 1.5000000000000002 0.81300475711592879 5.5000000000000009 0.83509183109032337 3.5000000000000004 15.500000000000002 0.84299907274087305 0.842470519626908 0.86744556049223032 7.5000000000000009 1425.5000000000002 1390.5000000000002
decision_type=2 2 2 2 2 2 2 2 2 2 2 2 2 2 2 2 2 2 2 2 2 2 2 2 2 2 2 2 2 2 2 2 2 2 2 2 2 2 2 2 2 2 2 2 2 2 2 2 2 2 2 2 2 2 2 2 2 2 2 2 2 2 2
left_child=3 42 49 4 8 7 32 -6 36 21 13 12 -12 -11 -14 -15 -16 18 20 -10 33 60 26 24 41 27 46 29 -28 -25 -31 -32 -7 -8 -17 -26 37 38 39 40 -1 -24 50 44 -27 -39 47 51 -9 -3 -2 -21 -53 -50 -20 -56 57 58 -57 -59 61 -5 -43
right_child=1 2 -4 9 5 6 17 48 19 10 11 -13 14 15 16 34 -18 -19 54 22 -22 -23 23 25 35 43 28 -29 -30 30 31 -33 -34 -35 -36 -37 -38 45 -40 -41 -42 62 -44 -45 -46 -47 -48 -49 53 -51 -52 52 -54 -55 55 56 -58 59 -60 -61 -62 -63 -64
leaf_value=0.021216714961250077 -0.050601343253382336 -0.06852330674253973 0.012209165427312488 -0.039524492235983442 -0.015370145831511646 -0.032065788246839338 0.022710667005128863 0.031883342938466959 -0.024962424679481437 -0.047677047665464316 -0.0050113410786732614 0.0014785928546680053 -0.013065345035662075 0.0022574871492538045 -0.089614554437261781 0.012200756009037679 -0.040505074058784951 0.0013528459960882035 -0.011705434896981077 -0.031751287202998434 -0.018312660213531656 0.041278698474756369 0.016524736898677839 -0.014265268196665314 -0.079348509525993677 0.025565510719292753 0.025586802672380633 0.035449798205612851 -0.006263349678296358 -0.062810210281328424 0.02416434998125859 -0.0092761274275697386 0.018391953940809808 -0.033325739828835028 0.03972657480954811 -0.031655293126261967 -0.032137564449995812 0.015717631624543125 -0.021887938637989306 0.030623839196266187 -0.028155097839171601 -0.038822865535303772 0.053251724478248247 0.0085250060815345221 -0.047735457578290612 -0.044039745795910148 0.009145996984452882 -0.060991922043146275 -0.0013037971117022956 -0.018273484948076041 0.023696125003129287 0.028789268374652593 -0.012600868649552748 0.024779813826987334 -0.0085206675372696029 -0.043304209040168004 -0.033286145478002349 -0.020653601118608287 -0.23402348617448318 -0.094152473388555105 -0.0088276308853058351 -0.01535622013973411 0.046390732192112427
leaf_weight=3548.033751282841 642.31801709532738 1492.5267667546868 28571.28682526201 9059.5212747063488 7052.6739306934178 1718.7342277355492 7844.5278246905655 23958.078258419409 14268.212543226779 2045.5460570976138 9166.5909547079355 33740.673298338428 3472.1265043783933 19401.566904412583 3351.4106062576175 11484.511881085113 5023.4218896422535 50284.381484866142 8109.9416945222765 5020.5720592476428 8190.3695931416005 1255.9442800879478 6324.4557075500488 16541.956224512309 5955.3519247584045 879.56108323670924 13633.378754775971 4069.647806674242 8007.6945592220873 800.12111324444413 10948.463776793331 5782.235708232969 29174.395097831264 1496.1115791872144 9191.8711949363351 2357.3721722364426 2538.8990615680814 33314.311541203409 10156.634414654225 6533.7800030261278 3830.4363435991108 2569.7149822004139 4486.7401060275733 2136.2906904723495 5810.7725549042225 1012.2182422578335 7050.8278031311929 1801.238346517086 7759.4190560560673 9247.891424395144 6373.717792050913 2747.9607611969113 6651.5036167223006 11541.254732167348 4648.5386914350092 202.88347542099655 2267.7428260669112 903.25860939733684 317.53865516930819 1706.3550183195621 17689.377604210749 10988.269150223583 458.43666433542967
leaf_count=22274 3423 9503 308793 81014 67314 11405 81919 235762 82872 11365 65734 279353 35518 148890 16812 82966 32232 426188 50899 30453 55231 17863 38656 114976 40090 14220 117428 36683 88012 5063 89849 45595 276051 13830 66634 22309 29316 309527 76609 44053 22822 21024 34994 25094 44371 8158 72643 10818 67734 84141 49893 18568 47373 120984 42873 1593 13734 7845 2086 17186 127613 61824 3596
internal_value=0.00015548 0.00856103 0.00197314 -0.000720138 0.00106133 0.00590215 0.000473734 0.0185114 -0.00331902 -0.00533441 -0.000966863 -0.00995762 -0.0283203 0.0107198 -0.0463557 0.0137003 -0.0601575 -0.00495627 -0.013846 -0.00771996 -0.00123735 -0.0161855 -0.00547419 -0.0106581 -0.0295017 -0.00357084 0.0019859 0.00180803 0.0138015 -0.00221014 0.009165 0.0126071 0.0155847 0.0137352 0.0244376 -0.0658234 0.00562348 0.00726525 -0.00227626 0.0120412 -0.00441402 0.00278141 0.0310757 -0.0268145 -0.0380988 0.0139555 -0.00900162 -0.0168898 0.0240353 -0.0252564 0.0168942 -0.0113809 -0.000500342 0.0142935 -0.0260204 -0.0375763 -0.0625988 -0.0838362 -0.159673 -0.0687125 -0.018098 -0.0262778 -0.0259222
internal_weight=538612 50814.5 39311.7 487797 351926 167176 116865 50311.4 184750 135871 96877.7 54754.2 21013.5 42123.5 11847 40077.9 8374.83 85971.6 35687.3 123816 17531 38993.1 109548 64634.4 17665.3 46969 44913.2 38142.4 21641.1 34072.8 17530.8 16730.7 30893.1 9340.64 20676.4 8312.72 60934.3 58395.4 24068.9 13912.3 7378.47 9352.61 11502.8 8826.62 6690.33 34326.5 23272.1 16221.3 43258.8 10740.4 7016.04 14420 9399.46 19300.7 18156.3 10046.3 5397.78 3130.04 520.422 2609.61 37737.2 20047.8 3028.15
internal_count=4493651 490747 402437 4002904 2975086 1492634 1000840 491794 1482452 1027818 739504 429649 150296 309855 84562 298490 49044 713384 287196 969693 150980 288314 886821 501526 125675 375851 385295 292166 205440 255483 140507 135444 287456 95749 149600 62399 512759 483443 165758 89149 45096 63276 88310 83685 58591 317685 179855 107212 424480 93644 53316 96394 65941 188718 136216 85317 42444 28710 3679 25031 270451 142838 24620
is_linear=0
shrinkage=0.176106


Tree=27
num_leaves=64
num_cat=0
split_feature=0 8 8 0 0 0 1 1 0 8 8 7 7 7 0 7 8 8 2 8 1 7 1 1 0 0 0 8 7 7 1 8 8 8 8 8 5 1 8 1 4 8 7 8 8 8 8 8 8 4 8 8 7 8 1 8 1 8 2 4 1 0 0
split_gain=87.2963 170.262 237.861 87.9364 163.496 255.444 211.43 210.64 158.138 146.406 419.487 141.916 124.993 144.226 121.504 174.5 117.884 145.386 109.605 103.284 98.7557 113.811 91.315 182.204 426.454 132.607 128.198 120.285 91.132 144.458 167.128 87.1671 87.1399 86.6796 267.759 104.842 97.1722 84.8609 90.6514 111.895 84.8503 96.287 105.24 88.5264 169.315 149.107 116.152 89.7137 108.89 79.2691 79.1796 132.092 112.58 77.5171 76.4819 76.2792 312.788 91.7305 76.2284 75.9771 75.5411 95.7406 75.3778
threshold=8.5000000000000018 0.83028932750521267 0.848122963620355 6.5000000000000009 3.5000000000000004 4.5000000000000009 2.5000000000000004 1.5000000000000002 1.5000000000000002 0.85370962442027898 0.85154788907268331 225.50000000000003 95.500000000000014 264.50000000000006 5.5000000000000009 169.50000000000003 0.85824804301739877 0.86628032038578417 1200.5000000000002 0.79865757073970556 4.5000000000000009 314.50000000000006 3.5000000000000004 4.5000000000000009 2.5000000000000004 2.5000000000000004 2.5000000000000004 0.82113268084446045 69.500000000000014 237.50000000000003 1.5000000000000002 0.85154788907268331 0.80652984726770349 0.85370962442027898 0.8563935865996698 0.85154788907268331 234.50000000000003 4.5000000000000009 0.80652984726770349 3.5000000000000004 1390.5000000000002 0.90127320420397428 279.50000000000006 0.84496713270957635 0.85370962442027898 0.82113268084446045 0.8563935865996698 0.79865757073970556 0.78730933661789715 588.50000000000011 0.8806295869237083 0.85154788907268331 115.50000000000001 0.85154788907268331 4.5000000000000009 0.8806295869237083 5.5000000000000009 0.86628032038578417 1215.5000000000002 369.50000000000006 2.5000000000000004 7.5000000000000009 5.5000000000000009
decision_type=2 2 2 2 2 2 2 2 2 2 2 2 2 2 2 2 2 2 2 2 2 2 2 2 2 2 2 2 2 2 2 2 2 2 2 2 2 2 2 2 2 2 2 2 2 2 2 2 2 2 2 2 2 2 2 2 2 2 2 2 2 2 2
left_child=3 37 -3 4 8 7 14 11 40 10 -5 -6 62 -14 15 53 60 -18 -19 49 21 -15 26 24 50 55 28 -28 -21 -30 -31 -17 -27 35 36 59 -35 38 -2 -40 41 42 43 45 -45 47 -46 48 -1 -10 51 52 -24 -7 -9 57 -57 -25 -44 -34 -11 -62 -8
right_child=1 2 -4 9 5 6 12 54 19 16 -12 -13 13 20 -16 31 17 18 -20 22 -22 -23 23 25 -26 32 27 -29 29 30 -32 -33 33 34 -36 -37 -38 -39 39 -41 -42 -43 58 44 46 -47 -48 -49 -50 -51 -52 -53 -54 -55 -56 56 -58 -59 -60 -61 61 -63 -64
leaf_value=0.028424342202553379 0.030193008943502277 -0.020452965950995813 0.010159448809144248 -0.0027307245878253066 -0.0025719866010196508 -0.003815780649715076 0.0083216402283658539 0.026943805701872797 -0.01399042840425186 -0.0029770038664087553 -0.033637003482209084 -0.074615430875204627 -0.019159421003580861 0.018731503771020671 0.022782047267104717 -0.066294823062851296 -0.035412459411618975 0.019409811538631097 -0.0040135904639690577 0.0032433169528456045 0.02291924039758517 -0.04930166710519733 0.0095494729794389985 -0.011642696100948407 -0.051945082642354173 -0.049838751544850256 0.047719765827487444 0.0066990271108207681 -0.029684706321334305 -0.04947735238029935 0.047471756358038478 0.0024781234528022289 0.030848804497879558 -0.22241301292640081 0.0008226510479641101 0.046055247309299253 0.0048913611314998105 0.045518155054934624 0.0090703890038951809 -0.074827289704415323 -0.013029935131243444 -0.025939158699798615 0.0077015164612245545 0.035477156841111634 -0.085211843012760108 -0.01476298770783587 0.0089342846051352811 0.032540889409945456 -0.019570410240984191 -0.047312923250117718 -0.030074079193321196 0.038502793604023852 -0.051579424506847694 0.026039432555273023 0.011926623289552943 -0.087255985768852906 0.0066207696790385392 0.028764991000801973 -0.032490131737172981 -0.00120400310101779 0.046783534848230501 0.0093800633013659436 -0.0049768209121565888
leaf_weight=2586.8982298821211 4235.6260155662894 10902.915841888636 28315.983865564689 71985.039034955204 6145.085268035531 5813.3457165881991 24874.709363449365 23414.365958768874 11714.814848292619 3552.659571249038 16798.295805074275 983.74460275098681 24992.669483758509 1446.1517954804003 17215.574745474383 1597.1454650238156 3544.9983820393682 8424.8900480009615 23414.068955400959 12117.827413998544 5070.7679201737046 1613.3509119078517 3065.0330386050045 16683.497492060065 8638.9805645216256 827.72265037894249 2511.0223315097392 18930.014329232275 8658.8437549583614 795.77776608243585 1796.1512915678322 890.11071427725255 3365.2824455909431 232.74646445736289 9138.9274376127869 3052.8400041386485 77.833742707967758 4339.8139201402664 2050.6693130601197 649.06466230377555 7372.7167987581342 2598.1999606695026 2792.9541305117309 10678.005768671632 418.64043363556266 8464.0075223855674 13918.521184165031 5405.64499142766 3383.6769782118499 2729.9478011615574 1870.5055588949472 3067.4042090177536 1344.1286217831075 5031.659569716081 19096.200731107965 1902.3662504646927 2612.1997475922108 1945.5388414524496 3074.6080271676183 7201.4699034076184 4139.1330682709813 4355.9206320419908 28209.948306374252
leaf_count=16121 31702 93644 308793 483654 59765 50052 217458 235762 68101 25586 119555 7549 214514 11042 154718 13215 28759 123033 180855 94476 43692 14576 18624 114976 62399 5063 19354 186086 67362 5078 12939 9064 28051 1746 88624 26556 637 34994 16898 4716 60471 29254 25007 95180 3435 64166 141952 37767 19979 14771 14223 21693 8736 60407 188718 14379 24045 16645 19427 55129 32796 33580 212102
internal_value=0.000161905 0.00713226 0.00164915 -0.000559943 0.00091259 0.00491788 0.000418754 0.0155001 -0.00269038 -0.00435837 -0.00857836 -0.0125136 -0.0040423 -0.0125315 0.0130081 0.000387214 0.00354067 -0.00158224 0.00218446 -0.00628876 0.00784302 -0.0171441 -0.00444768 -0.00866284 -0.0237385 -0.0028986 0.00166925 0.0115031 -0.00735345 -0.0187669 0.0177063 -0.0416831 0.0063031 0.00831748 -0.00464225 0.0173092 -0.165449 0.0262044 0.0141188 -0.0111001 0.0046779 0.00712636 0.00882009 0.0117213 0.0186888 0.00293653 0.00618525 0.0161051 0.00122449 -0.0202881 0.00233121 0.0104384 -0.00908561 0.0100359 0.0201979 -0.0123998 -0.0329374 -0.00742269 -0.0133589 0.00900412 0.0185866 0.0276045 0.00125465
internal_weight=538079 50494.1 39218.9 487585 351370 166395 116755 49639.4 184975 136215 88783.3 7128.83 86207.6 33122.9 30547.8 13332.3 47431.7 35384 31839 124281 8130.27 3059.5 109836 65026.5 17986.1 47040.4 44809.6 21441 23368.6 11250.8 2591.93 2487.26 23896.8 23069.1 9449.51 13619.6 310.58 11275.2 6935.36 2699.73 60693.9 53321.2 50723 44855.4 25015.2 19840.2 14337.2 11376.2 5970.58 14444.8 9347.07 7476.57 4409.16 10845 42510.6 23143.6 4514.57 18629 5867.56 10566.8 12047.7 8495.05 53084.7
internal_count=4493651 490747 402437 4002904 2975086 1492634 1000840 491794 1482452 1027818 603209 67314 713384 283824 287456 132738 424609 332647 303888 969693 69310 25618 886821 501526 125675 375851 385295 205440 179855 85379 18017 22279 205806 200743 91007 109736 2383 88310 53316 21614 512759 452288 423034 378600 240567 138033 145387 73867 36100 82872 63276 49053 27360 110459 424480 170045 38424 131621 44434 83180 91962 66376 429560
is_linear=0
shrinkage=0.176106


Tree=28
num_leaves=64
num_cat=0
split_feature=11 7 6 0 0 2 1 0 6 5 3 4 2 7 7 4 0 5 11 5 4 11 2 0 5 0 2 5 3 11 5 6 7 5 0 7 1 0 7 2 11 1 7 7 0 2 0 2 0 7 7 1 6 5 0 1 6 2 4 6 6 1 0
split_gain=79.8484 82.2715 81.7412 128.048 112.207 98.2227 71.8948 71.1089 100.659 73.4523 71.029 66.7388 66.0101 59.2364 57.2247 47.5267 47.1712 48.5201 45.8827 46.2959 45.6435 45.6236 44.7773 43.9388 114.505 87.0938 80.7866 70.6189 68.9809 60.4998 108.041 99.0399 57.3938 57.0155 55.176 46.2307 45.871 41.3706 90.6444 51.407 41.1741 39.5879 37.6256 36.5534 64.8811 73.962 36.016 44.3351 55.6544 53.4987 46.8689 44.7315 43.8481 46.7488 35.8965 35.8489 47.5145 58.7486 35.5812 35.3895 35.1658 35.1232 35.6432
threshold=0.92900998963339942 52.500000000000007 55.500000000000007 4.5000000000000009 3.5000000000000004 740.50000000000011 1.5000000000000002 3.5000000000000004 200.50000000000003 295.50000000000006 8.5000000000000018 229.50000000000003 610.50000000000011 380.50000000000006 241.50000000000003 718.50000000000011 1.5000000000000002 70.500000000000014 0.7682612232644499 61.500000000000007 343.00000000000006 1.0000000180025095e-35 2135.5000000000005 3.5000000000000004 319.50000000000006 5.5000000000000009 925.50000000000011 312.50000000000006 3.5000000000000004 0.7695377724447493 97.500000000000014 198.50000000000003 12.500000000000002 101.50000000000001 1.5000000000000002 4.5000000000000009 3.5000000000000004 5.5000000000000009 228.50000000000003 1030.5000000000002 0.86965214145630687 1.5000000000000002 37.500000000000007 175.50000000000003 1.5000000000000002 725.50000000000011 4.5000000000000009 1320.5000000000002 8.5000000000000018 317.50000000000006 200.50000000000003 2.5000000000000004 14.500000000000002 147.50000000000003 6.5000000000000009 6.5000000000000009 99.500000000000014 1225.5000000000002 1752.5000000000002 94.500000000000014 166.50000000000003 6.5000000000000009 5.5000000000000009
decision_type=2 2 2 2 2 2 2 2 2 2 2 2 2 2 2 2 2 2 2 2 2 2 2 2 2 2 2 2 2 2 2 2 2 2 2 2 2 2 2 2 2 2 2 2 2 2 2 2 2 2 2 2 2 2 2 2 2 2 2 2 2 2 2
left_child=1 21 4 7 10 -5 13 8 11 59 12 -4 -3 37 43 -10 -13 -18 19 -7 -19 -1 -2 24 29 40 28 32 -27 30 -23 35 -28 -33 42 -31 -32 38 -6 -40 -25 60 -26 -14 -45 -46 -8 48 49 58 -50 -51 53 -49 -39 56 -37 -58 61 -9 -22 -48 -63
right_child=22 2 3 5 6 18 46 9 15 -11 -12 16 14 -15 -16 -17 17 20 -20 -21 41 23 -24 25 34 26 27 -29 -30 31 36 33 -34 -35 -36 55 -38 54 39 -41 -42 -43 -44 44 45 -47 47 52 50 51 -52 -53 -54 -55 -56 -57 57 -59 -60 -61 -62 62 -64
leaf_value=-0.26408799326461285 0.010041519607898015 0.01560738421473825 0.017799114364187792 0.010949745126500862 -0.006199964466589096 0.051269990787909406 0.016477069758522912 0.020453053316104097 -0.0010559254425434907 0.058475246116215844 -0.002399332960563804 0.00079459193466463332 -0.032077687488234398 0.055975312216285711 -0.0084205896785364397 0.021899946430485928 -0.049080365881674325 0.015091665602679428 -0.0088593347696362471 -0.023563906693515501 0.010414441317155472 0.0065550509085181285 0.059266892730866383 0.008026608622845011 -0.1388330247638444 -0.062731820397271723 0.0055180207799689004 0.03544599679125679 0.018831392566351132 -0.020142374451164645 -0.010112711838321131 0.0045866058548763716 -0.0043224166507990786 0.02630416044993817 -0.029071350772625876 0.006958380780323176 -0.042334121468619368 0.017649564649660162 -0.0083027310205053828 -0.088095333111538568 0.021281713319418697 -0.015182726590451353 0.0036522560526259674 0.0026853069555784481 -0.18771724563029835 -0.045994701868266777 0.0097923170867112008 0.0061879695433108613 0.013099241308329982 -0.052612723772422591 0.048576461194210024 -0.0027322357252827193 -0.0029281119729827935 0.041200333662161234 -0.00915307002308627 -0.01275364413643406 -0.023324576630908492 0.0015812758179335185 -0.027798801248935051 0.0023107747381252365 -0.037992112915707033 -0.0016263179858936555 0.045225434242130144
leaf_weight=19.923096269369125 17139.252916038036 1409.6198753267527 3501.4576366283 7356.3486131858081 2559.5174876917154 263.44231851398945 10576.573084097356 4985.6528196465224 4660.9234051704407 963.4840641207993 39206.376670576632 14267.52022565715 3855.631550706923 442.77473171055317 3381.1736435741186 6994.5007476881146 1032.2522876895964 2050.069588765502 85455.816647674888 9573.862904727459 3456.475791150704 4936.643168836832 592.9267689306289 30072.922101348639 305.7584913931787 332.36754976585507 27369.7966135405 1673.5673227645457 9909.3046235237271 4054.3414860740304 2326.3076819255948 8430.4377867653966 55974.770673584193 6751.4552863277495 731.07381688803434 21269.612837873399 3334.133458673954 2026.5415300447494 354.19173429533839 854.58670422807336 9584.1479095574468 21680.556011475623 70.782839819788933 217.49055714160204 220.00357011705637 237.48036703839898 14532.70496135205 11507.053979050368 2718.1566593535244 648.35602124407887 2008.0530365426093 3982.1288830190897 24444.370381005108 1318.1959811337292 6586.0899261906743 6209.34201288037 4323.5496244691312 9160.9046725705266 685.50346287339926 10069.226876351982 537.86691595241427 695.30093486048281 1826.4109602719545
leaf_count=102 314618 15526 26114 96446 26308 1271 110388 49546 34508 8444 288482 114784 42512 4970 30939 55050 8485 15260 642705 49738 26653 25570 12229 233489 2112 4955 185682 11415 116087 31938 12388 61447 397018 50603 5135 182046 16883 18460 3557 5481 123533 158963 543 2327 2249 2447 159434 75741 36003 6722 23378 40953 170152 8507 54100 47375 39266 68510 6302 92599 4049 8643 22772
internal_value=6.645e-05 -0.000329844 -0.00213017 -0.00462799 0.00111089 -0.00865686 0.0048682 0.000945621 -0.00191494 0.0113357 -0.00568452 -0.0055812 -0.0195022 -0.00731658 -0.0257576 0.0127201 -0.00748395 -0.0115912 -0.0101704 -0.0215599 -0.0101954 0.00239573 0.0116875 0.0024214 -0.00109467 0.0042953 0.00140834 -0.000371661 0.0161845 -0.000215649 -0.0124858 0.00194429 -0.00109088 0.0142445 -0.05728 -0.00220386 -0.0290919 -0.00958007 -0.0249701 -0.0647148 0.01123 -0.0122146 -0.112048 -0.0386962 -0.0765026 -0.114149 0.00695318 0.00538822 0.0108087 0.00714025 0.0281727 -0.00971645 0.00144728 0.00978659 -0.00284644 -0.0004284 0.00177369 -0.00640434 0.0115402 0.00831887 0.00389615 0.0131214 0.0323072
internal_weight=537717 519985 313144 176849 136294 102649 87766.5 74200 58181.6 16018.4 48527.8 46526.2 9321.4 12823.7 7911.78 11655.4 43024.7 28757.2 95293.1 9837.31 27725 206841 17732.2 206821 71904.3 134917 95259.8 85018.1 10241.7 70796.7 10597.1 60199.6 83344.6 15181.9 1107.62 45017.8 5660.44 12380.9 3768.3 1208.78 39657.1 25674.9 376.541 4530.61 674.974 457.484 74942.8 64366.2 27096.6 22370.4 4726.21 4630.48 37269.6 12825.2 8612.63 40963.4 34754.1 13484.5 17739.9 15054.9 3994.34 17054.4 2521.71
internal_count=4493912 4167065 2550968 1384615 1166353 790160 781871 594455 443866 150589 384482 354308 96000 112876 80474 89558 328194 213410 693714 51009 204925 1616097 326847 1615995 543816 1072179 715157 594115 121042 536026 54841 481185 582700 112050 7790 369135 29271 107906 35346 9038 357022 189665 2655 49535 7023 4696 668995 558607 304207 244826 59381 47675 254400 84248 72560 337197 289822 107776 197151 142145 30702 190849 31415
is_linear=0
shrinkage=0.176106


Tree=29
num_leaves=64
num_cat=0
split_feature=11 2 7 6 9 9 5 2 2 10 5 10 9 2 13 5 2 2 5 9 7 5 5 10 11 11 9 7 2 5 7 6 10 2 10 5 11 5 2 2 10 7 10 10 2 2 11 10 2 2 10 10 10 2 2 10 10 6 5 5 9 5 9
split_gain=55.1492 48.5275 41.4419 55.3108 57.7822 63.1946 41.6164 40.8695 116.003 66.6596 74.9093 41.2851 43.2908 44.4998 39.5862 41.6458 35.4949 40.0491 40.6699 46.0576 46.4304 42.2988 38.0545 43.97 47.1438 35.3707 33.3556 33.1617 32.9161 33.3562 33.3571 33.3157 57.2563 44.667 61.7632 33.4938 32.8238 77.1646 36.8942 32.7863 231.728 97.2696 95.6187 76.5959 219.162 96.4673 70.4864 68.6822 67.5296 68.8718 66.8473 59.0446 115.95 56.8639 43.9285 99.609 79.7696 57.0252 45.6778 36.7681 33.7957 33.7684 32.7438
threshold=0.88090199163019911 636.50000000000011 26.500000000000004 76.500000000000014 0.83509183109032337 0.83470148464705207 147.50000000000003 820.50000000000011 1140.5000000000002 0.81515192319611229 62.500000000000007 0.83896900224600712 0.82893983032068841 2045.5000000000002 0.85433369014685556 40.500000000000007 2110.5000000000005 1610.5000000000002 174.50000000000003 0.90440031169700774 11.500000000000002 49.500000000000007 183.50000000000003 0.89044540657140592 0.9221754976170452 0.69484611672111685 0.89327349788539634 143.50000000000003 630.50000000000011 162.50000000000003 235.50000000000003 33.500000000000007 0.83422014451034787 720.50000000000011 0.81499633825503093 132.50000000000003 0.65809831459764956 74.500000000000014 2225.5000000000005 1135.5000000000002 0.83896900224600712 64.500000000000014 0.85417600067627553 0.85319414781819847 745.50000000000011 1014.5000000000001 0.84521891626411871 0.80108121797144727 825.50000000000011 629.50000000000011 0.84074621875746947 0.85297677249019188 0.85417600067627553 1940.5000000000002 755.50000000000011 0.82495611632445209 0.81499633825503093 6.5000000000000009 270.50000000000006 232.50000000000003 0.842470519626908 123.50000000000001 0.83666570067506907
decision_type=2 2 2 2 2 2 2 2 2 2 2 2 2 2 2 2 2 2 2 2 2 2 2 2 2 2 2 2 2 2 2 2 2 2 2 2 2 2 2 2 2 2 2 2 2 2 2 2 2 2 2 2 2 2 2 2 2 2 2 2 2 2 2
left_child=2 -2 36 4 5 7 14 28 9 -9 -11 -10 -13 -14 25 -16 17 22 19 20 -19 -22 23 24 -3 27 -25 -5 29 -4 -31 32 33 -30 -35 -34 37 -1 -39 40 47 -42 43 48 61 46 -46 59 49 -43 -51 53 -53 62 55 57 58 -49 -56 -6 -59 -45 -41
right_child=1 16 3 6 39 -7 -8 8 11 10 -12 12 13 -15 15 -17 -18 18 -20 -21 21 -23 -24 26 -26 -27 -28 -29 31 30 -32 -33 35 34 -36 -37 -38 38 -40 51 41 42 -44 44 45 -47 -48 54 -50 50 -52 52 -54 -55 56 -57 -58 60 -60 -61 -62 -63 -64
leaf_value=0.016385773910073041 0.022728226647560953 0.006617259995370715 0.017112244187952118 -0.037001659372181438 0.068075215618218651 0.048352397587814566 -0.00094627318335941237 0.043846789693711086 -0.0034908962414733203 -0.042385354408546232 0.018881649948441329 0.013015469631981207 -0.001807966431681144 -0.068905176054934764 -0.11427390026938417 -0.0025895312277294828 0.017710127048532708 0.021469279139125434 0.015171793283656533 -0.016697296073542322 0.028710413608054937 -0.0048501694947844631 -0.0060516080649777792 -0.011699039372370974 0.022758783032594269 -0.0095419013572445553 0.0053429965275070867 -0.16138197669194962 0.015253474413877701 -0.11159171174240898 0.023771577770813932 -0.00077390554361171583 -0.081147284022685354 -0.08081798969224982 0.0096104573393594687 -0.020265599751514828 0.0027321658859161199 -0.043033109551315216 0.17725160210379509 -0.030817857255517132 0.016678622017754469 0.0012850483010697809 -0.0081763629550003023 0.081143547517345149 -0.10460192137545576 -0.04674696660857168 -0.21688162483629361 0.033793442568772716 0.0054675790321961045 -0.13253639664422145 -0.034558162186963552 0.039812192659299896 -0.0017859822614628782 0.01221371070895568 0.048084662614573441 0.031183397588181474 0.0082874412963013008 0.038487775204092974 -0.077854280236514209 -0.0086085596218879873 -0.038625650742249787 -0.10906728116376439 -0.0095251923882835755
leaf_weight=1319.8805443271995 3911.0867336243391 39588.539776416495 2195.7190181836486 432.14277701824903 1163.5422902293503 1015.3659136891365 75336.013743937016 3147.3467736281455 21998.26827532053 681.20245715603232 6769.1009279899299 13407.73542079702 4615.0492687858641 328.3600869551301 103.77764820307493 46574.84835768491 4730.4945709425956 2593.9978285785764 3712.2116720043123 7274.1903857365251 1222.9321840833873 24466.713791178539 8949.3156262915581 6413.8181638140231 6538.406450368464 47596.547708563507 8010.3016624972224 78.564951844513416 1118.4460842013359 131.18988196179271 99.11534871160984 3144.9778161384165 713.76942826062441 481.88626084476709 455.81861848384142 461.41168927773833 100391.34867760167 1724.6821716055274 23.90664353966713 2409.8541711531579 2479.5418993905187 487.41010691970587 6049.1261356491596 266.7194985896349 446.78643345087767 483.24632557481527 283.38665264844894 492.95863697677851 1220.7747800201178 414.45445120707154 450.92685388028622 2337.6436578966677 18719.335975155234 3609.9945544488728 2994.1803800165653 1961.2704144865274 4974.618259716779 192.29373316466808 92.063679657876492 232.6982306689024 2113.7726949714124 32.469961278140545 31751.40727743879
leaf_count=6172 80883 487652 26220 2009 10470 7400 538514 24390 120473 5969 56206 84767 30946 1954 705 340706 56146 28797 35208 87077 15948 220778 114873 85817 115985 341025 136581 399 10033 1464 1151 29815 6724 3616 3716 3879 698506 7724 114 15311 30613 6339 65904 3870 2558 3026 2688 6076 11670 3653 5385 17949 135984 24841 27682 23409 45065 2105 607 1868 23208 325 202964
internal_value=6.7142e-05 0.00344126 -0.000876085 -0.00187616 0.000633026 0.00478667 -0.00403584 0.00404632 0.00596079 0.0223578 0.0132798 0.00165417 0.00782177 -0.00626482 -0.00649144 -0.00283783 0.00277666 0.00212719 -0.00236832 -0.00419949 -0.000985218 -0.00325255 0.00466731 0.00625154 0.00890529 -0.0100365 -0.0022349 -0.0561358 -0.00703442 0.0104245 -0.0533361 -0.0136771 -0.0262355 -0.00851312 -0.0368607 -0.0572433 0.00218377 -0.0157582 -0.0400214 -0.00231343 0.00278804 -0.0145862 -0.0222349 -0.043047 -0.0744973 -0.107783 -0.148179 0.0182039 -0.0245622 -0.0516614 -0.0814826 -0.00464027 0.00283205 -0.00880599 0.0141646 0.000750575 0.0220862 -0.0205736 0.0443279 0.0552951 -0.0321955 0.0605006 -0.0110273
internal_weight=537419 117412 420007 316547 146425 60764.8 170122 59749.4 50947.1 10597.7 7450.3 40349.4 18351.1 4943.41 94785.9 46678.6 113501 108770 39270 35557.8 28283.6 25689.6 69500.4 60551.1 46126.9 48107.3 14424.1 510.708 8802.33 2426.02 230.305 6376.31 3231.33 2056.15 937.705 1175.18 103460 3068.47 1748.59 85660.5 26832.2 12614.8 10135.3 4086.18 1512.61 1213.42 730.173 14217.4 2573.57 1352.79 865.381 58828.2 21057 37771.3 12821.2 4760.3 8060.86 2799.03 3086.24 1396.24 2306.07 299.189 34161.3
internal_count=4493912 1465745 3028167 2315651 1092293 418723 1223358 411323 324705 86565 62175 238140 117667 32900 684844 341411 1384862 1328716 387808 352600 265523 236726 940908 826035 603637 343433 222398 2408 86618 28835 2615 57783 27968 17365 7332 10603 712516 14010 7838 673570 276521 136031 105418 39514 12467 8272 5246 140490 27047 15377 9038 397049 153933 243116 128152 54798 73354 31389 28289 12338 25313 4195 218275
is_linear=0
shrinkage=0.176106


Tree=30
num_leaves=64
num_cat=0
split_feature=0 10 7 1 1 7 2 10 7 9 6 10 1 9 2 2 7 10 9 10 9 8 10 2 0 7 0 6 0 8 1 8 8 8 8 8 6 1 1 1 9 2 8 8 10 8 1 9 6 1 0 10 7 8 0 9 8 8 8 8 10 1 9
split_gain=65.4873 203.453 240.985 90.9873 242.582 220.245 203.229 116.089 173.1 160.635 101.991 115.586 93.7794 91.8749 80.9961 73.5961 73.0162 78.0245 69.9686 63.2233 62.7655 60.1261 116.771 151.549 137.981 114.225 70.6671 245.451 245.133 201.459 176.3 174.828 158.801 268.97 142.369 181.615 139.224 126.772 141.781 125.073 121.457 114.355 120.859 111.203 122.69 121.874 103.058 101.217 164.731 137.837 140.187 171.295 173.47 111.371 97.3699 89.6126 88.3577 231.173 94.9368 92.3411 85.7301 176.835 82.9665
threshold=8.5000000000000018 0.77564160435723117 58.500000000000007 4.5000000000000009 3.5000000000000004 317.50000000000006 750.50000000000011 0.87548534829699032 203.50000000000003 0.83055930416159029 164.50000000000003 0.87396825112711551 6.5000000000000009 0.83470148464705207 1425.5000000000002 1310.5000000000002 29.500000000000004 0.82495611632445209 0.87115700405521557 0.87431646764156656 0.86744556049223032 0.83028932750521267 0.79671195784497162 1135.5000000000002 3.5000000000000004 169.50000000000003 3.5000000000000004 200.50000000000003 5.5000000000000009 0.85154788907268331 2.5000000000000004 0.84496713270957635 0.85370962442027898 0.85154788907268331 0.86628032038578417 0.8806295869237083 98.500000000000014 5.5000000000000009 4.5000000000000009 6.5000000000000009 0.81300475711592879 1020.5000000000001 0.83526014591826703 0.8806295869237083 0.88019200762980199 0.90127320420397428 2.5000000000000004 0.85311337052496505 284.50000000000006 3.5000000000000004 6.5000000000000009 0.86422021755895906 200.50000000000003 0.85370962442027898 7.5000000000000009 0.90416964659569043 0.85154788907268331 0.8563935865996698 0.85824804301739877 0.86628032038578417 0.82137667740611919 6.5000000000000009 0.8337046859633922
decision_type=2 2 2 2 2 2 2 2 2 2 2 2 2 2 2 2 2 2 2 2 2 2 2 2 2 2 2 2 2 2 2 2 2 2 2 2 2 2 2 2 2 2 2 2 2 2 2 2 2 2 2 2 2 2 2 2 2 2 2 2 2 2 2
left_child=21 2 -2 4 13 12 -7 8 9 16 11 -11 -5 -3 -12 20 -6 -18 -9 -10 -14 -1 23 -23 -25 -26 27 31 29 30 -28 41 33 46 -34 -36 -37 38 47 -32 -29 42 -24 44 -31 -45 -33 49 53 -30 51 -51 -53 -49 -40 -47 -39 -58 -59 -60 61 -48 -56
right_child=1 3 -4 5 7 6 -8 18 19 10 14 -13 15 -15 -16 -17 17 -19 -20 -21 -22 22 26 24 25 -27 28 40 37 43 39 32 34 -35 35 36 -38 56 54 -41 -42 -43 -44 45 -46 55 60 48 -50 50 -52 52 -54 -55 62 -57 57 58 59 -61 -62 -63 -64
leaf_value=-0.0040116017459516616 0.027358360889589959 -0.00031864762904239063 -0.076736273879825512 0.03152252039620259 0.025121656593645084 0.044549257338762263 -0.18596288979755737 -0.019651507452321634 0.045768910304831198 -0.053388674306150123 -0.089976154430984001 -0.19076496826771097 0.054484244154475552 0.02276799360128294 -0.26311770837001142 -0.0082806956602034468 -0.13923023170544291 -0.021163836941668953 0.056211511914000693 -0.092475083360907068 -0.010972674319578669 0.041789859879394216 -0.080833266667627607 0.028680897700571053 5.0880353614923375e-05 -0.057398220976627494 -0.00078969279337972405 0.0040895658214789386 -0.0021128590650593046 0.0016245817788759374 0.036672457469139254 0.014089905695371292 -0.02118220620800523 0.02378901872291014 0.017747808090937876 -0.0036135069688155107 -0.033896287286512797 0.017922221574058157 -0.0083621611887131925 -8.1572227559498464e-05 0.031988073495289884 -0.013058915058447886 -0.025110204699086102 0.023480097165150395 -0.028820585457019546 -0.040132689436991845 -0.048593595517236354 -0.018697552116534087 -0.19793440560697118 0.018498018699969775 0.032472341084637854 -0.044300664478446224 -0.31699086031291351 5.4909179515384497e-05 -0.056755741123203279 0.014063633932002596 -0.027473885839443053 0.035285461278112391 -0.03964983062385577 0.0089278851780832617 -0.0045531214890783709 0.032277889572631391 -0.020426981723899625
leaf_weight=111270.5070466008 1090.7528649829328 9760.4458558224142 1876.0696341395378 11475.231710359454 880.49170809239149 193.81265004724264 305.73018328100443 744.46978349797428 899.65437203273177 2151.4492075257003 183.62731969356537 208.34122501313686 1346.9945567958057 11819.973437603563 154.12509565800428 4286.3524389434606 209.47604293748736 1013.3467807732522 763.96325001120567 115.80341840535402 685.53902759589255 4646.296865394339 1744.1177071034908 4968.4711256995797 7818.8249953277409 1244.1545828133821 7726.3219131119549 13143.426823049784 34230.093299416825 25445.786057155579 16948.09192574583 5039.1133663188666 19137.860382225364 15270.054327767342 10063.848698820919 23624.568527953699 5880.3420756645501 13574.851554291323 14197.013303814456 3457.2337330784649 7660.2404985446483 15622.89054325968 3920.9067759998143 12147.656988443807 4894.7514039259404 1869.9492306858301 4302.7916078418493 16870.364304512739 141.78620842844248 2496.5535743460059 8350.5198127031326 1208.5571857858449 76.956541731953621 23510.162720402703 2825.1015764512122 1915.369977094233 6744.3111660666764 3874.6631913483143 1353.648177716881 11729.117212429643 8796.669023130089 1041.5291528590024 6291.3710511568934
leaf_count=726914 6400 76876 10005 118079 5739 3012 1932 6342 6945 19334 1645 1978 16519 150875 996 33507 1359 7250 9743 1337 10843 41095 13942 28660 43895 5762 75636 98479 232851 248850 156249 44958 157718 129531 95914 241993 59236 111879 106485 33326 67377 112491 33548 150410 55415 23280 30788 146387 940 15449 54445 7738 624 245796 17123 33970 53123 33429 11780 121854 76400 7536 49946
internal_value=0.000208219 0.00626671 -0.0384659 0.00907851 0.00292727 0.0187979 -0.0965288 -0.0247645 -0.036055 -0.0500274 -0.0784723 -0.0655174 0.0220355 0.0123263 -0.168985 0.00480683 -0.0135464 -0.0413892 0.0187702 0.0300035 0.0324067 -0.000415765 0.000648908 0.014223 0.00509468 -0.00783566 -6.10151e-05 -0.00323398 0.00187308 0.010114 0.0218666 -0.0064326 -0.00314225 0.00634941 -0.00871214 -0.00268085 -0.00964888 -0.00228468 -0.00528769 0.0304453 0.0143622 -0.0208313 -0.0422659 0.00296905 -0.00328705 0.0148823 -0.00753497 -0.00201558 -0.00844493 0.00360386 0.0197326 -0.0083957 -0.0606251 -0.00777958 -0.0174822 -0.0127094 0.00659295 0.00010426 0.0110726 0.00390164 -0.0152409 -0.0328329 -0.0316849
internal_weight=537242 50165.7 2966.82 47198.8 28905.2 18293.7 499.543 7324.75 5816.32 4800.86 2697.54 2359.79 17794.1 21580.4 337.752 6318.89 2103.31 1222.82 1508.43 1015.46 2032.53 487077 375806 18677.7 14031.5 9062.98 357129 135248 221880 74405.2 28131.6 114445 93156.8 34450.2 58706.6 39568.8 29504.9 147475 110198 20405.3 20803.7 21287.9 5665.02 46273.5 30340.5 15933 19180.1 86885 40522.3 46362.7 12132.6 3782.07 1285.51 40380.5 23313.5 3785.32 37276.6 23701.7 16957.4 13082.8 14141 5344.32 9116.47
internal_count=4493938 490716 16405 474311 290419 183892 4944 62668 46583 38301 23953 21312 178948 227751 2641 60869 14348 8609 16085 8282 27362 4003222 3276308 119412 78317 49657 3156896 1169911 1986985 777136 265211 1004055 844074 289213 554861 397143 301229 1209849 877784 189575 165856 159981 47490 511925 304265 207660 159682 704230 393123 311107 78256 23811 8362 392183 173554 57250 332065 220186 167063 133634 114724 38324 67069
is_linear=0
shrinkage=0.176106


Tree=31
num_leaves=64
num_cat=0
split_feature=11 6 11 2 3 8 5 2 2 7 6 8 2 8 8 13 5 5 6 7 2 2 8 6 6 8 6 6 8 2 2 8 2 5 8 2 7 7 8 2 7 8 5 11 8 2 8 7 8 5 2 8 2 2 7 5 8 8 8 11 1 1 7
split_gain=44.5777 39.0098 37.8142 36.9257 99.332 66.3517 51.0458 53.4764 45.9956 42.6531 36.4908 48.4052 39.3745 72.7375 43.3757 35.8388 39.6671 35.5158 33.9033 31.876 37.1337 71.7791 42.2215 40.5268 38.8846 35.5097 44.6583 33.4226 39.891 65.76 37.1912 36.8071 39.8719 33.3906 32.4222 31.7597 39.6382 30.8639 36.169 46.3078 37.1706 54.6713 41.2762 40.0405 52.7769 53.4277 47.0268 38.8206 35.1575 31.482 30.8535 55.6688 68.5825 77.8381 48.6165 45.6 52.6288 73.713 74.4273 77.9983 61.0436 57.4363 47.1956
threshold=0.85443169688452725 76.500000000000014 0.97339709565736265 1135.5000000000002 8.5000000000000018 0.90127320420397428 234.50000000000003 2225.5000000000005 629.50000000000011 5.5000000000000009 334.50000000000006 0.80652984726770349 850.50000000000011 0.79865757073970556 0.79865757073970556 0.85433369014685556 92.500000000000014 99.500000000000014 367.50000000000006 45.500000000000007 1050.5000000000002 950.50000000000011 0.8806295869237083 331.50000000000006 243.50000000000003 0.84496713270957635 296.50000000000006 202.50000000000003 0.848122963620355 1779.5000000000002 1910.5000000000002 0.85154788907268331 1229.5000000000002 42.500000000000007 0.83526014591826703 1440.5000000000002 366.50000000000006 86.500000000000014 0.85370962442027898 805.50000000000011 217.50000000000003 0.82113268084446045 169.50000000000003 0.82410644597301441 0.84496713270957635 755.50000000000011 0.85154788907268331 167.50000000000003 0.8563935865996698 99.500000000000014 1610.5000000000002 0.78730933661789715 1150.5000000000002 600.50000000000011 173.50000000000003 164.50000000000003 0.90127320420397428 0.85824804301739877 0.86628032038578417 0.92701765369346278 4.5000000000000009 3.5000000000000004 85.500000000000014
decision_type=2 2 2 2 2 2 2 2 2 2 2 2 2 2 2 2 2 2 2 2 2 2 2 2 2 2 2 2 2 2 2 2 2 2 2 2 2 2 2 2 2 2 2 2 2 2 2 2 2 2 2 2 2 2 2 2 2 2 2 2 2 2 2
left_child=1 3 50 4 8 9 7 15 17 -6 19 12 14 -14 -12 35 -17 -1 -15 20 21 23 27 24 -3 26 -23 30 -29 31 34 32 -30 -21 -22 -5 -37 -10 40 48 41 42 -39 44 -42 46 -46 -43 -40 -41 51 52 53 -2 -54 56 57 60 -59 -60 62 -61 -52
right_child=2 10 -4 6 5 -7 -8 -9 37 -11 11 -13 13 18 -16 16 -18 -19 -20 33 22 25 -24 -25 -26 -27 -28 28 29 -31 -32 -33 -34 -35 -36 36 -38 38 39 49 43 47 -44 -45 45 -47 -48 -49 -50 -51 55 -53 54 -55 -56 -57 -58 58 59 61 -62 -63 -64
leaf_value=0.029818477039134986 0.058191679998463322 -0.0056808973357952795 0.056537201557659005 -0.013652674662695624 -0.038873214004545076 -0.036656424265667474 0.015875506293564143 0.03670342444356324 0.0061225795480242757 0.019433292095173745 -0.00692632244173195 0.0099850611456602859 -0.0024186624165786603 -0.008699352647893158 0.054050107524456922 -0.00089350847195080331 0.014121261086136183 -0.0018558518029080169 -0.065036891971824301 -0.11462366838563329 0.017824048832820707 -0.047347755049947718 -0.017567480902629953 -0.11173819410790928 0.018174352272885802 -0.0078846425803677633 0.019004087200661372 -0.0073416343097669192 -0.003717055024133845 -0.0092034198354048902 -0.0018967227774058901 0.0073078650231786866 0.048873883372545515 -0.0054071013688870764 0.003994898078455285 -0.0036376642399173387 0.047081109984787026 -0.052072414320596144 -0.2001919163650884 -0.10529515714656508 0.0058143392182126441 0.010587278302405507 0.085219531358865286 0.019463489018276773 -0.091145559504338058 0.013062014444995121 0.0015869582763168807 -0.041395441215323285 -0.0050338975094124314 -0.032615508466476525 0.0026935355490157555 0.0043798961063440034 -0.033155592028559472 -0.056714805328207392 0.046049950368945727 0.0088272400623522068 0.013116656348365925 -0.036404318629595818 -0.0049862365748179639 -0.0025307615968504569 0.010937686161378966 -0.073874233817841223 -0.015252237614335603
leaf_weight=2120.6947486959398 208.29194555431604 8721.142877548933 396.9215076956898 11843.908451579511 398.67444133013487 717.71863628178835 5490.1341785751283 1112.509478840977 4094.41680977121 16211.450394555926 880.62604554742575 14800.494666874409 4424.1682430952787 486.85830163955688 614.10947243124247 37451.456124581397 6387.5816359519958 2276.3633452989161 1036.7006179541349 86.890926294028759 9780.3886868916452 2492.4563398212194 3565.7488634027541 101.34329858794808 2799.3535195067525 1897.4224754795432 360.03360690921545 17934.531745448709 597.92879135906696 4749.5754929035902 11962.219939384609 3575.8575656637549 1772.293574206531 100129.83024344593 11370.214484877884 26847.048890452832 486.55006483197212 1515.189418528229 29.476221889257431 364.82730704545975 2210.1099219918251 1665.3380107171834 71.101054050028324 2307.9973133951426 600.49875608459115 403.49390739202499 236.3587181866169 608.29281317442656 995.20452462881804 374.64761986210942 10968.228014856577 123839.32181121968 393.46049158275127 1495.8263783976436 617.57190427184105 13238.537856629118 6073.5131273716688 3104.8485268056393 23287.492483206093 566.02738449722528 13075.079733202234 916.84162701666355 7760.8105905056
leaf_count=27389 3077 73302 13953 80339 3582 3637 34470 8271 41691 133979 5659 103518 23027 2746 5203 228179 36512 26794 4944 544 59176 15980 24449 786 20571 16125 2387 98766 5462 28425 69806 25253 14018 680131 74331 150072 2742 12270 246 2853 17777 15387 554 23953 5236 3675 2448 5208 12462 3694 93902 1517455 3041 15339 5413 115103 82042 24614 187544 9069 107969 11099 66289
internal_value=0.000199014 -0.0010668 0.00223325 0.00135893 0.00602297 0.0157686 -0.000577166 -0.00165084 -0.00247407 0.0180338 -0.00257377 0.0041594 -0.00742584 -0.0138473 0.0181257 -0.00216483 0.00129422 0.0134206 -0.047034 -0.00339713 -0.000814835 -0.00831444 0.00106518 -0.000859709 0.000115665 -0.0265543 -0.038973 0.00214125 -0.00226519 0.00624701 0.00595117 0.0185884 0.0356069 -0.0055018 0.0103897 -0.00603546 -0.00273485 -0.00698981 -0.0117065 -0.0348861 -0.00745497 -0.0208267 -0.0459187 0.00150817 -0.0105021 -0.0395753 -0.0649546 -0.00332031 -0.0106479 -0.0684727 0.00212839 0.00383299 -0.0211115 -0.0426699 0.0152258 -0.000602618 -0.00250121 -0.00409062 -0.0107016 -0.00747992 0.0017037 -0.0466416 -0.00474271
internal_weight=536904 330961 205943 126821 37201.9 17327.8 89619.2 84129.1 19874 16610.1 204140 22243 7442.46 5947.73 1494.74 83016.5 43839 4397.06 1523.56 181897 81680.5 16371.8 65308.8 11621.8 11520.5 4749.91 2852.49 61743 28630.2 10695.7 33112.8 5946.08 2370.22 100217 21150.6 39177.5 27333.6 15477 11382.5 1764.16 9618.38 3859.92 1586.29 5758.46 3450.46 1240.35 836.857 2273.63 1024.68 739.475 205546 126554 2715.15 1704.12 1011.03 78991.4 65752.8 59679.3 27875.2 24770.4 31804.1 1482.87 18729
internal_count=4493938 2238029 2255909 883420 342835 141198 540585 506115 201637 137561 1354609 145097 41579 30717 10862 497844 264691 54183 7690 1209512 528837 129151 399686 94659 93873 34492 18367 375237 171924 73158 203313 44733 19480 680675 133507 233153 152814 147454 105763 19255 86508 33419 12824 53089 29136 11359 7684 20595 12708 6547 2241956 1544325 26870 18416 8454 697631 582528 500486 232326 207712 268160 20168 160191
is_linear=0
shrinkage=0.176106


Tree=32
num_leaves=64
num_cat=0
split_feature=11 0 8 8 5 9 9 3 1 8 1 9 9 1 8 8 0 0 8 3 6 8 7 7 6 8 0 1 7 1 9 9 3 7 8 9 0 1 1 4 8 0 1 1 1 9 9 6 1 11 9 11 4 1 1 1 4 1 1 1 3 1 1
split_gain=42.5615 40.5096 117.01 146.972 73.0226 63.6342 77.9904 66.1884 60.2543 59.1284 97.7979 59.0989 96.3843 58.7903 86.3947 55.5945 50.23 96.0776 109.999 105.38 93.917 114.416 99.023 117.745 77.6081 84.9601 93.2176 200.959 234.778 172.037 86.7137 104.665 86.3622 77.5662 149.486 85.157 81.3642 112.974 79.4807 73.3993 73.2804 72.4551 88.5116 78.4397 70.0697 68.4682 78.6631 84.1886 74.718 69.6386 65.8063 71.5251 65.2738 64.1959 63.3204 60.7005 59.6505 58.3533 58.1936 55.0567 53.2475 102.106 73.0827
threshold=0.95798838169005152 8.5000000000000018 0.83028932750521267 0.848122963620355 60.500000000000007 0.80007737908718268 0.79239690530464058 9.5000000000000018 4.5000000000000009 0.84496713270957635 3.5000000000000004 0.8205528234104148 0.81900813221307578 2.5000000000000004 0.85824804301739877 0.83526014591826703 1.5000000000000002 2.5000000000000004 0.78730933661789715 19.500000000000004 200.50000000000003 0.85154788907268331 259.50000000000006 257.50000000000006 140.50000000000003 0.85154788907268331 7.5000000000000009 4.5000000000000009 187.50000000000003 3.5000000000000004 0.8105164617161551 0.81300475711592879 14.500000000000002 181.50000000000003 0.84154593889460827 0.87594858245229612 3.5000000000000004 3.5000000000000004 3.5000000000000004 1184.0000000000002 0.79865757073970556 3.5000000000000004 1.5000000000000002 6.5000000000000009 1.5000000000000002 0.88331378835544738 0.85993059602852273 19.500000000000004 1.5000000000000002 0.87891006842619757 0.78652607420230658 0.7492717946110542 1253.5000000000002 2.5000000000000004 2.5000000000000004 6.5000000000000009 1416.5000000000002 5.5000000000000009 5.5000000000000009 2.5000000000000004 9.5000000000000018 6.5000000000000009 5.5000000000000009
decision_type=2 2 2 2 2 2 2 2 2 2 2 2 2 2 2 2 2 2 2 2 2 2 2 2 2 2 2 2 2 2 2 2 2 2 2 2 2 2 2 2 2 2 2 2 2 2 2 2 2 2 2 2 2 2 2 2 2 2 2 2 2 2 2
left_child=1 16 -3 5 13 6 -4 -7 9 15 -11 12 -6 -5 -15 -9 45 20 19 39 22 -22 23 -18 25 26 33 29 32 40 -27 -32 55 34 35 38 37 -36 -20 -19 -28 42 -35 -44 -24 46 50 -48 52 -50 58 -52 -47 -23 -43 -29 -46 -34 59 -1 62 -62 -53
right_child=-2 2 3 4 11 7 -8 8 -10 10 -12 -13 -14 14 -16 -17 17 18 24 -21 21 53 44 -25 -26 30 27 28 -30 -31 31 -33 57 41 36 -37 -38 -39 -40 -41 -42 54 43 -45 56 48 47 -49 49 -51 51 60 -54 -55 -56 -57 -58 -59 -60 -61 61 -63 -64
leaf_value=0.039267732332424615 0.025598616575218218 0.020958337594214924 0.033206278549368397 0.018936941365469313 0.0023710391085545682 0.017631015457518075 -0.06837957361332081 -0.051557900399415463 0.0013060088930207314 -0.036663381055292453 -0.16417323723912655 0.015522224920113207 -0.07568355145738051 0.026638496764982002 -0.059187674397727034 -0.0056339935776137887 -0.011944958079543343 -0.016011780821759556 0.016853782522467865 0.021723986588572265 -0.0045397914897619919 -0.0051747833740972008 -0.044308203461143489 -0.15098621250336478 -0.0030928385474185689 0.027326803027531595 0.045291579447391608 -0.036931229566886825 0.019817764782493592 0.046609927300036755 -0.03108990269202062 -0.0005013950440291516 -0.089837919114005987 0.031385958993692134 0.038460105999955765 -0.020367657190231678 0.029517594518492261 -0.018504178992532212 0.0016671631264700911 -0.12123085291953656 -0.007115534212568473 -0.01023943514671587 -0.040604434180717922 0.018102872723690031 0.014221476531371203 -0.028589248404786133 -0.013365370539664205 0.028999440286906156 -0.026545174434577101 0.0069029495093636088 -0.03438032554740332 -0.020678028974422277 -0.12825141819948851 0.054045800733324531 0.011683073258515888 0.018677297577310289 0.08240797434724012 -0.043226425114534811 0.05238767907301884 -0.0019564700632316834 0.010886359299266563 -0.021185720906267049 0.023148667088972123
leaf_weight=1475.7041719928384 2045.5667036026716 11005.862344048917 286.97308594733477 832.88379254750907 6424.7165816687047 1932.1011777706444 1278.969688154757 1233.2456802874804 2826.5690153837204 710.22204296663404 253.00344850867987 18009.602680705488 531.20343865454197 489.41456680744886 1416.6068891901523 2425.2706233300269 49180.931257490069 17577.339581701905 18583.533225297928 2448.7452579475939 5904.3464123308659 775.17727473378181 575.22841814532876 189.61688873171806 106988.16122158244 3343.0709717273712 920.86674138903618 1989.1867136433721 2639.5078570060432 3038.3731125853956 3578.9617376662791 113182.31422074512 1349.750125028193 919.65305630117655 1736.3640079572797 3516.0032839886844 16637.64174772054 2855.3377831242979 25155.242280863225 208.04804335162044 8159.6546625494957 5881.3419623635709 3486.8357140608132 884.97820491343737 3988.1914257667959 1069.4938592240214 1777.4106254056096 8014.1503162756562 2724.1103377342224 6625.8814686592668 1713.9493747130036 5416.7226104773581 251.79574936255813 2120.930624332279 13386.831564445049 877.26000319421291 441.99116246029735 2175.5959831550717 1381.7838615104556 3148.2873007580638 21565.294564459473 3591.2202410809696 1508.6756685636938
leaf_count=10691 56843 88335 1651 12406 51268 23045 7905 9536 23396 5774 1668 212224 4341 5320 17715 20172 353112 109820 141197 12858 35363 5378 3910 942 805839 25483 5969 16800 20406 21091 25580 1126130 6762 7750 16773 38518 150559 22915 178397 1536 55934 46919 25590 6876 27420 13528 16704 77099 21533 82058 8525 50002 2565 15817 109585 8883 3635 12460 9860 19560 156734 23287 14622
internal_value=0.000244532 0.000147522 0.00493821 0.000376452 0.00720256 -0.0168999 -0.0497631 -0.0114139 -0.0189481 -0.0313352 -0.0701555 0.0101972 -0.00358976 -0.0200942 -0.0371498 -0.0211144 -0.00034301 -0.00101815 8.91293e-05 -0.0125268 -0.00735445 0.00952354 -0.0100861 -0.012479 0.000837103 0.00263164 0.00607083 -0.00448249 -0.0243676 0.0103364 -0.000638305 -0.00143899 -0.0426141 0.00846975 0.0115147 0.00599999 0.0237901 0.00303701 0.00811959 -0.0172426 -0.00180086 -2.11093e-05 -0.018274 -0.0287204 0.0135162 0.00441486 0.00716836 0.0213092 -0.00838166 -0.00284213 0.0036896 0.000670955 -0.0475817 0.0381947 0.00499153 -0.0199126 0.0210243 -0.0610726 0.0206762 0.0111999 0.00254354 0.00630791 -0.0111305
internal_weight=536664 534618 49656.6 38650.8 27704.4 10946.4 1565.94 9380.41 7448.31 4621.74 963.225 24965.5 6955.92 2738.91 1906.02 3658.52 484961 424697 361521 20234.1 63176.4 8800.45 54376 49370.5 341286 234298 114194 21150.2 9031.3 12118.9 120104 116761 6391.79 93043.8 68484.1 47254.8 21229.3 4591.7 43738.8 17785.4 9080.52 24559.6 5291.47 4371.81 5005.41 60264.5 49593.2 9791.56 10671.3 9349.99 39801.6 33795.9 1321.29 2896.11 19268.2 2866.45 4430.18 3525.35 6005.78 4623.99 32081.9 25156.5 6925.4
internal_count=4494574 4437731 484756 396421 303274 93147 9556 83591 60546 37150 7442 267833 55609 35441 23035 29708 3952975 3446207 3000630 124214 445577 56558 389019 354054 2876416 2070577 893384 148305 65311 82994 1177193 1151710 44905 745079 548359 358112 190247 39688 319594 111356 61903 196720 40216 32466 34965 506768 387084 93803 119684 103591 293281 253170 16093 21195 156504 25683 31055 19222 40111 30251 244645 180021 64624
is_linear=0
shrinkage=0.176106


Tree=33
num_leaves=64
num_cat=0
split_feature=7 1 7 10 10 1 1 2 5 7 9 9 10 7 10 1 2 10 7 7 9 7 7 10 2 2 10 6 2 5 7 7 2 2 7 7 7 2 7 5 6 7 2 5 10 2 10 9 10 10 5 9 9 5 5 2 2 10 2 9 9 1 10
split_gain=40.853 61.7472 46.8338 45.0796 68.1796 44.7562 56.2215 48.1861 106.381 49.0661 48.8853 68.9971 45.9764 43.4757 42.7118 71.5591 64.3951 63.9579 56.3975 40.5524 40.3882 35.0421 93.3597 52.8011 34.0874 33.2741 32.9734 31.3002 31.157 30.0811 38.4405 29.5865 28.7822 27.6497 28.414 27.6322 30.7284 38.2853 26.5765 26.418 26.3961 26.0375 25.9529 39.8666 25.8414 25.5479 24.897 24.8692 24.8449 33.9877 36.9963 28.4406 28.3839 24.8158 24.724 61.1846 50.1432 61.1589 45.8442 62.1761 43.1291 42.7551 98.7528
threshold=76.500000000000014 5.5000000000000009 282.50000000000006 0.86342884418218024 0.87431646764156656 3.5000000000000004 1.5000000000000002 915.50000000000011 167.50000000000003 5.5000000000000009 0.85898181681714003 0.81300475711592879 0.84120292694571586 308.50000000000006 0.81499633825503093 6.5000000000000009 800.50000000000011 0.83422014451034787 380.50000000000006 337.50000000000006 0.90427251364640571 329.50000000000006 325.50000000000006 0.83774435801711344 1779.5000000000002 1830.5000000000002 0.8964694903234508 77.500000000000014 1805.5000000000002 204.50000000000003 359.50000000000006 81.500000000000014 600.50000000000011 1119.5000000000002 138.50000000000003 110.50000000000001 98.500000000000014 1714.5000000000002 181.50000000000003 188.50000000000003 401.50000000000006 434.00000000000006 955.50000000000011 134.50000000000003 0.84745112996063121 705.50000000000011 0.8356817427096267 0.842470519626908 0.84382375775341478 0.87516093475443568 125.50000000000001 0.82603058359836112 0.83253477257070907 44.500000000000007 167.50000000000003 1555.5000000000002 1905.5000000000002 0.82495611632445209 1450.5000000000002 0.85392096578175769 0.87594858245229612 4.5000000000000009 0.80108121797144727
decision_type=2 2 2 2 2 2 2 2 2 2 2 2 2 2 2 2 2 2 2 2 2 2 2 2 2 2 2 2 2 2 2 2 2 2 2 2 2 2 2 2 2 2 2 2 2 2 2 2 2 2 2 2 2 2 2 2 2 2 2 2 2 2 2
left_child=5 2 26 14 28 6 20 8 10 -10 11 -7 -13 25 18 17 -17 -16 -3 -15 -1 22 23 33 41 40 32 48 -5 30 -23 -19 -2 39 -35 36 37 -25 -6 -18 -4 -21 43 -37 -29 -28 -11 -46 -8 51 -51 -50 -53 -47 55 61 57 -57 59 -56 -60 62 -34
right_child=1 3 13 4 38 7 27 -9 9 46 -12 12 -14 19 15 16 21 31 -20 24 -22 29 -24 35 -26 -27 45 44 -30 -31 -32 -33 54 34 -36 42 -38 -39 -40 -41 -42 -43 -44 -45 47 53 -48 -49 49 50 -52 52 -54 -55 58 56 -58 -59 60 -61 -62 -63 -64
leaf_value=-0.0025081552615589002 0.019617315726231606 0.0087694614922176391 0.016185696421109202 0.024153985958988697 0.0074205500763804538 0.025086436527595995 0.019247844506723562 -0.0012637911261747577 -0.096478836082064617 -0.026492631124688935 0.030702895640876648 -0.018871967892261386 0.012561323341933557 -0.010174021458085393 0.023024108865733788 0.026851035316377121 0.017976962055351695 0.023346812542847886 -0.056507098545460238 0.000960939711692255 0.019263009573003097 0.057339423358802925 -0.18524005800018975 0.0055480389977134413 0.075346541069786124 -0.022120211284765982 0.03568252493225646 0.0079546581262586284 -0.0031376316964767453 -0.066974049682515288 -0.013684243379962059 -0.015946106711173146 0.025758813513515097 -0.016324007399259533 -0.05407076523886957 -0.20546601263015676 -0.048181802512964021 -0.033483348550408534 -0.0068242300364677547 -0.064208664864741902 -0.14724541621362164 0.024535592715701542 0.021404317578291119 0.047898971343463388 -0.0065211829748075371 -0.034912725539201578 0.00090175308198515069 0.005597312842393184 0.023380869295969834 0.025328590656117311 -0.012144502299659216 -0.035054518153162566 0.0010293094200260033 0.0038772878417010692 0.0029023897623728875 -0.026598833232046502 0.00037604715199241856 -0.010048150387805628 0.0031178705260365312 -0.016186289020793186 0.033641626118730839 -0.011741370183737821 -0.0030695121847707256
leaf_weight=37725.267534948885 1463.1216497700661 12966.038448829204 9284.4069341048598 8767.8047897387296 10673.933436367661 4456.4288152437657 9561.4801140483469 147163.89352399111 222.91034361533821 1900.6239744387567 4458.9016937036067 3062.9573520030826 2728.847135765478 9250.0700926929712 3802.4165127575397 1021.9952591080219 466.38438897952437 725.37686603702605 423.90360013023019 12151.284126717597 2841.7237181663513 469.62215287238359 108.78628626465797 2070.7538182549179 209.53967370837927 784.43943476304412 750.98307086527348 29451.526553621516 1522.614915471524 136.03441713005304 475.77094037458301 3289.2582826204598 3985.1696954630315 848.79804962128401 2279.2527529895306 40.275536485016346 770.37189926765859 1249.7819001153111 6557.3788494132459 163.93718745931983 30.750860780477524 1650.3146741762757 1078.5030337516218 36.91285689920187 9946.7095066513866 533.69162803143263 2243.3294130209833 11126.907373884693 1622.6962379161268 4723.6763740573078 987.98917969688773 737.72525729797781 8090.732700465247 12297.324579691514 10942.991435749456 9693.2441564872861 8463.0573836639524 24240.460668709129 12470.746923621744 10247.940974771976 1622.4096692614257 14335.035527501255 48959.15548665449
leaf_count=297743 20190 93524 70317 89076 122423 38059 79571 1093734 2754 16562 80529 29172 33421 71305 32576 13528 4699 6442 4655 109673 41256 3602 627 17683 1713 4620 16145 207408 10708 1005 3493 30839 28633 5094 13324 326 5865 7602 70120 1340 212 20386 8196 342 75244 8283 27029 125887 12064 65126 10480 6499 90660 133404 87984 47573 51895 166409 75897 98688 13333 123855 463772
internal_value=0.000218004 -0.00140666 -0.00293756 0.00353151 0.00877334 0.00167195 0.00431363 -0.000184369 0.00814382 -0.0159922 0.0153103 0.00861317 -0.00406196 0.00306469 -0.000917761 -0.00627865 -0.0152927 0.00665617 0.00670291 -0.00112437 -0.000983082 -0.0195173 -0.0230738 -0.0211147 0.00485015 0.0127129 -0.00418901 0.00713164 0.0201158 0.0104552 0.0215966 -0.00884654 -0.00495897 -0.0370476 -0.0438282 -0.00970128 -0.0164942 -0.00914258 0.0019997 -0.00339829 0.0156462 0.00377986 0.0143442 -0.0843024 0.0045857 0.00411166 -0.0116627 -0.000122596 0.0121321 0.00792267 0.0188466 0.00195264 -0.00198593 0.00226386 -0.00520702 -0.00651152 -0.0117513 -0.0147759 -0.00115215 -0.0063289 0.00663178 -0.00320961 -0.000899577
internal_weight=536366 253312 193366 59945.9 27521.7 283054 116816 166238 19074 4366.86 14707.1 10248.2 5791.8 33360.8 32424.2 19034.2 11217.2 7817.05 13389.9 23261.2 40567 10195.2 9113.76 9004.97 14011.1 10099.6 160005 76249.4 10290.4 1081.43 945.393 4014.64 146423 3758.37 3128.05 5246.6 4090.91 3320.54 17231.3 630.322 9315.16 13801.6 1155.69 77.1884 50525.1 13582 4143.95 21073.6 25724.3 16162.8 5711.67 10451.2 8828.46 12831 144960 109676 42396.8 33933.7 35284.1 21190.9 14093.2 67279.4 52944.3
internal_count=4494574 2161376 1614287 547089 292327 2333198 1011938 1321260 227526 46345 181181 100652 62593 278226 254762 156583 86726 69857 98179 203077 338999 73198 65098 64471 131772 75149 1336061 672939 99784 8100 7095 37281 1178229 24457 18418 40014 31150 25285 192543 6039 70529 130059 8864 668 408539 157832 43591 201131 264400 184829 75606 109223 97159 141687 1158039 882137 265877 213982 275902 186672 89230 616260 492405
is_linear=0
shrinkage=0.176106


Tree=34
num_leaves=64
num_cat=0
split_feature=11 1 1 0 0 7 7 8 1 7 9 7 0 1 3 4 11 8 8 8 0 8 8 9 0 8 9 8 3 5 8 7 0 0 0 3 9 8 8 0 1 8 0 11 7 8 0 0 1 4 8 11 1 11 8 11 11 7 0 9 9 0 3
split_gain=35.4719 31.3317 52.3855 80.7552 104.519 96.4261 118.262 77.9883 76.9066 130.106 72.8405 53.4576 50.4731 113.182 49.9066 80.4196 55.3611 48.6487 81.0871 56.4524 115.56 98.5164 91.0317 59.0248 50.1398 78.1034 65.304 48.6033 65.5848 69.1851 61.8679 50.6363 47.9193 94.2324 77.3543 70.0919 66.8366 63.1306 59.1566 83.5698 63.0581 48.5522 69.8241 100.719 46.1378 45.5438 70.7653 125.021 75.0036 57.9641 45.5147 44.4403 43.4034 42.3498 51.6726 40.665 40.5842 39.4751 38.7908 54.8746 109.699 158.061 104.229
threshold=1.0000000180025095e-35 5.5000000000000009 3.5000000000000004 6.5000000000000009 7.5000000000000009 350.50000000000006 111.50000000000001 0.8806295869237083 2.5000000000000004 257.50000000000006 0.81771820045148702 22.500000000000004 5.5000000000000009 2.5000000000000004 12.500000000000002 2340.0000000000005 0.80567998661020823 0.79865757073970556 0.82113268084446045 0.84154593889460827 2.5000000000000004 0.85370962442027898 0.86628032038578417 0.86753701908127434 4.5000000000000009 0.85154788907268331 0.79011244078647347 0.8806295869237083 9.5000000000000018 75.500000000000014 0.85370962442027898 249.50000000000003 2.5000000000000004 1.5000000000000002 5.5000000000000009 12.500000000000002 0.86606360017880846 0.8563935865996698 0.85824804301739877 7.5000000000000009 4.5000000000000009 0.86628032038578417 6.5000000000000009 0.86259009125593389 111.50000000000001 0.90127320420397428 1.5000000000000002 2.5000000000000004 4.5000000000000009 324.50000000000006 0.8563935865996698 0.87365293364716512 2.5000000000000004 0.88345426503321256 0.85370962442027898 0.87976988099814979 0.80639476781030028 24.500000000000004 3.5000000000000004 0.83934877204472325 0.83470148464705207 2.5000000000000004 9.5000000000000018
decision_type=2 2 2 2 2 2 2 2 2 2 2 2 2 2 2 2 2 2 2 2 2 2 2 2 2 2 2 2 2 2 2 2 2 2 2 2 2 2 2 2 2 2 2 2 2 2 2 2 2 2 2 2 2 2 2 2 2 2 2 2 2 2 2
left_child=-1 2 3 5 8 6 17 11 9 10 -5 -6 -8 51 15 16 52 -2 -19 20 23 24 -23 57 25 -21 -26 30 31 45 -4 -29 33 -32 -34 -35 37 -37 39 50 41 56 43 -43 -38 46 49 48 -48 -30 -36 -14 -13 54 -15 -49 -40 -20 59 60 -3 -62 -63
right_child=1 58 27 4 7 -7 12 -9 -10 -11 -12 14 13 53 -16 -17 -18 18 19 21 -22 22 -24 -25 26 -27 -28 28 29 -31 32 -33 34 35 38 36 44 -39 40 -41 -42 42 -44 -45 -46 -47 47 55 -50 -51 -52 -53 -54 -55 -56 -57 -58 -59 -60 -61 61 62 -64
leaf_value=-0.2457815939964812 -0.0048501835539052568 -0.0039567802310813849 -0.0036459853504876962 -0.029493380420230371 0.011358506823601093 0.031666114990224307 -0.0075315840936952105 0.018819403421706623 0.00051141873989770314 -0.057540275637965224 -0.0055638156099677219 -0.023169442692353624 0.031546826126609868 -0.018945476720136353 -0.009403470613708163 -0.063199879033927375 0.014756466038579561 0.021563917323508798 -0.015577010743806175 0.012441760562515676 0.0075873510712988652 -0.010757635995027104 0.0081771336891127231 0.018090388452110164 -0.027241915307788481 0.037447677268646555 0.012940734897048667 0.013887612519908915 0.038230524421927571 -0.0032707833816645305 -0.0017724564343873678 -0.12242835304335307 -0.010640646638853023 0.0068112870125322938 0.097477286061973201 -0.056511604196832745 -0.012059164541576153 0.08779366119722827 -0.15322147755906387 0.00073674899280401192 -0.016117239378109834 0.031605767217922409 0.041971118472216046 -0.098347780929058312 0.088611445905280264 -0.0021067295228774704 -0.038414729614027546 -0.035967952791540601 -0.12005498270839059 -0.045490234523300331 0.033637245184810337 -0.0041819487536913485 0.018219789918823975 0.024575095542766875 -0.08636982224667776 -0.010862337242500802 -0.0091688439946767918 -0.050852743548676721 0.0045655714868161135 0.0038630259203000198 -0.0090973667255700389 0.036942429188715778 -0.13312538197905732
leaf_weight=18.212416484951973 10789.701871503145 19888.425211768597 114183.70487969182 5619.4904286116362 8505.5188219230622 3678.8126243539155 36295.369929259643 7046.6180403847247 11350.722457915545 2245.1397879607975 13239.919095668942 2625.0314372181892 4071.6142570525408 1701.8566882833838 21684.890019673854 524.68767915293574 8857.820245552808 11339.083939217031 1752.2017310597003 10064.291332768276 8327.1522408854216 11722.632163168862 23988.241500565782 762.30464313551784 1564.3240386769176 6297.8371257707477 6329.8179910946637 4064.8726751487702 853.05261999368668 12387.694919213653 3863.7802017107606 86.306520059704781 9927.9240858964622 1406.5074770227075 390.90371669828892 100.73729148507118 552.90544237010181 1410.2724260091782 64.832809962332249 3019.0432475544512 4025.3625424951315 472.10469780117273 2243.2336789183319 304.10969567298889 189.60759378224611 2947.8422266878188 675.01877765730023 4041.9988556392491 722.59748212993145 366.73427773267031 3038.8463565930724 1469.2815724443644 1121.4822176843882 487.74919723905623 444.60959503427148 3962.4669606275856 941.22323707863688 2243.5532207936049 85981.33614407666 25546.728569386527 1407.2355891130865 133.0375380218029 698.84871238097548
leaf_count=106 66664 136119 789237 30522 61598 39362 322748 95585 85731 15668 105901 19784 31244 11196 144809 4494 105752 84934 11554 88873 72161 104443 283890 7652 11375 59924 57323 73761 6700 96833 33072 1158 84520 12586 2966 541 3810 8560 380 24338 31505 3055 18357 2592 1362 34402 3801 25199 3893 2984 22475 19310 8752 6361 3192 32252 7371 14144 795560 243775 9597 1334 4769
internal_value=-1.29255e-05 -4.57551e-06 -0.000780521 0.000993304 -0.00338452 0.00352297 0.0027816 0.00163746 -0.0111779 -0.0174649 -0.012694 -0.00115746 -0.00471586 0.00778524 -0.00421529 0.00435391 0.00716601 0.00628455 0.00770816 0.00555749 -0.00492262 0.00784432 0.00196151 -0.0268165 0.0165052 0.0220666 0.00497803 -0.00305665 -0.00949959 -0.0127865 -0.0017292 0.0110535 0.00512076 0.0174095 0.00133577 0.0376593 0.0569127 0.078173 0.00953603 0.0221044 -0.000531334 0.015054 0.026218 -0.0193082 0.013648 -0.0214733 -0.026848 -0.0320255 -0.0806245 0.0130595 0.0409134 0.0220726 -0.01078 -0.0222673 -0.0329115 -0.0235399 -0.018452 -0.0353838 0.00233156 -0.00169753 -0.0081173 -0.0450721 -0.105928
internal_weight=536069 536051 402395 226152 82821.3 143330 139652 50366 32455.3 21104.5 18859.4 43319.4 44470.5 8175.11 34813.9 13129 12604.3 95181.1 84391.4 73052.4 13085.2 59967.1 35710.9 4758.06 24256.3 16362.1 7894.14 176244 30108.6 25957.4 146135 4151.18 31951.4 7523.81 24427.6 3660.03 2253.52 1511.01 14499.7 6448.79 8050.87 4025.5 3019.45 776.214 742.513 13569.7 10621.9 9402.08 1397.62 1219.79 3429.75 5540.9 3746.51 2634.22 2146.47 8004.47 1006.06 3995.75 133656 47674.3 22127.5 2239.12 831.886
internal_count=4493916 4493810 3302656 1974946 678596 1296350 1256988 440774 237822 152091 136423 345189 394051 71303 283591 138782 134288 862937 796273 711339 105511 605828 388333 33350 217495 148797 68698 1327710 280983 206064 1046727 74919 257490 59931 197559 26859 14273 9101 113039 49779 63260 31755 24004 5647 5172 109231 74829 65145 7694 9684 25441 50554 28536 20749 14388 57451 7751 25698 1191154 395594 151819 15700 6103
is_linear=0
shrinkage=0.176106


Tree=35
num_leaves=64
num_cat=0
split_feature=11 11 2 7 5 4 0 2 0 9 0 11 2 4 2 5 10 9 0 9 2 9 9 2 2 0 10 10 0 0 5 0 5 9 9 9 2 10 2 5 9 7 2 4 4 9 9 10 7 4 2 2 10 9 9 2 9 11 4 11 5 10 2
split_gain=28.5424 27.9151 26.5993 26.3867 31.2363 40.5361 79.9554 55.6279 45.5963 33.8174 39.5549 31.146 25.689 24.1454 24.0651 57.8922 48.2958 35.4714 52.026 50.4411 34.6791 177.345 43.3191 77.1235 48.1558 40.2456 40.1229 37.456 34.1887 54.3215 48.3937 44.6534 61.0714 44.4815 81.7336 40.8584 48.5164 38.6418 36.7557 36.6458 33.2427 31.9486 31.7092 31.3013 30.9094 30.0219 65.9014 35.6541 28.9506 27.7359 26.1299 26.039 34.5754 26.789 30.8768 53.8801 25.8368 34.5831 48.1885 25.8347 25.6373 25.2782 24.2237
threshold=0.93531209764231604 1.0000000180025095e-35 2215.5000000000005 53.500000000000007 315.50000000000006 2250.5000000000005 2.5000000000000004 1245.5000000000002 1.5000000000000002 0.83509183109032337 5.5000000000000009 0.76386775835991216 600.50000000000011 134.50000000000003 905.50000000000011 178.50000000000003 0.84074621875746947 0.81300475711592879 5.5000000000000009 0.83509183109032337 1050.5000000000002 0.8105164617161551 0.79011244078647347 1015.5000000000001 920.50000000000011 6.5000000000000009 0.8409209373940415 0.84526562959527007 8.5000000000000018 6.5000000000000009 80.500000000000014 3.5000000000000004 320.50000000000006 0.83934877204472325 0.80970031873537096 0.80970031873537096 1625.5000000000002 0.82867770833305843 2120.5000000000005 199.50000000000003 0.81300475711592879 21.500000000000004 2240.5000000000005 1034.5000000000002 176.00000000000003 0.81204943875531377 0.78652607420230658 0.81145975209652665 30.500000000000004 2534.5000000000005 805.50000000000011 940.50000000000011 0.86312371469879767 0.84079282354959461 0.8337046859633922 1010.5000000000001 0.90433043409895042 0.85568896407163619 2455.5000000000005 0.74317300411747722 144.50000000000003 0.91939793884375931 2151.0000000000005
decision_type=2 2 2 2 2 2 2 2 2 2 2 2 2 2 2 2 2 2 2 2 2 2 2 2 2 2 2 2 2 2 2 2 2 2 2 2 2 2 2 2 2 2 2 2 2 2 2 2 2 2 2 2 2 2 2 2 2 2 2 2 2 2 2
left_child=1 -1 -2 14 5 11 8 9 -7 -8 -11 12 -5 -14 15 16 17 -3 19 59 21 22 24 27 -16 40 28 41 29 31 35 32 33 34 -22 36 -31 -35 45 43 -23 -24 -38 62 -37 46 -30 -47 -21 -40 -17 52 -42 54 -53 -56 -27 -58 -59 -19 -50 -18 -33
right_child=2 3 -4 4 -6 6 7 -9 -10 10 -12 -13 13 -15 20 50 61 18 -20 48 26 25 23 -25 -26 56 -28 -29 38 30 -32 39 -34 37 -36 44 42 -39 49 -41 51 -43 -44 -45 -46 47 -48 -49 60 -51 -52 53 -54 -55 55 -57 57 58 -60 -61 -62 -63 -64
leaf_value=-0.23223772979566906 0.0071763500874813136 0.012907022649175289 0.063882347497354344 0.042530225796635707 0.0090874390388231748 -0.0076818523838755644 0.013625852920396286 -0.0024639417388322028 0.093602232505913513 -0.02971419064290538 -0.096594924884063682 -0.00079929404322048587 0.032952798946401241 -0.0089783597144908432 0.059133550024918158 -0.027447969036747587 0.021777915865371745 -0.2786259939181297 0.014361856130487296 -0.016136292584053743 0.01080250350475169 0.023607549885589715 -0.085211279945547586 -0.0076293643530922018 -0.029979570744105791 0.020875094202700808 -0.00098537938938668087 -0.024172200089554344 0.02615881268182399 0.01560382359654483 -0.011704915824526979 0.01055535906443744 -0.080846616840078184 0.023830996250568851 -0.012484541565873189 0.037990870119085536 -0.034443767292812857 -0.0031401626438956752 0.059320150840275185 0.038893516809443668 -0.0063248861081552444 -0.16575177531921564 0.13896766404730443 -0.013892445098590472 0.0071889966963108124 0.050303709109581825 -0.022749391227614615 0.011277202284945312 0.0049440328728741576 -0.1683701835581147 0.0039782062683743373 0.00030534299064205646 -0.043948936619159988 0.0094424625247585339 0.016931555390675142 -0.097116239584121633 0.064210254674208808 -0.038806413117751758 -0.28806651898331892 -0.044515318265643901 0.10048966984248711 -0.046503484433763564 0.038934829652802039
leaf_weight=16.078229136765003 12051.057930976152 4513.6471583358943 262.12488803267479 313.97537928819656 8880.2848998047411 317.27945778146386 166.5693012624979 828.21977338194847 243.74695624783635 442.02938012033701 722.54504035040736 279134.93495545164 434.10518826544285 22543.25241247192 199.21877723932266 1940.5032893717289 8489.6874560602009 14.768810786306856 1735.034162370488 830.36970226280391 8341.6691267751157 1293.8027506060898 431.99414091557264 508.45889101177454 3360.1286120861769 4171.8996720947325 91271.495271123946 185.11953232437372 1608.7646051086485 1206.8878334239125 11842.330606207252 20005.436418492347 277.47850637882948 4550.3921310976148 10632.324924245477 1346.6313052736223 1607.0088923424482 2582.3602333068848 693.37594363465905 1457.7591391801834 2346.5896903835237 236.29950230568647 33.381818830966949 1571.1064608767629 4046.4858729317784 1061.1374438740313 1822.2847421355546 2298.784807048738 215.49122563190758 16.998946826905012 1421.7410525120795 970.37166987732053 1118.6049820818007 3644.2083218693733 211.69800793007016 326.78273380175233 77.276966445147991 164.63618936389685 28.169773273169994 1439.2376132458448 146.17868944630027 171.54608572274446 978.40866613015532
leaf_count=106 242376 36165 6828 3019 66063 2545 1367 6157 1881 4218 5873 2365882 1988 125345 1090 23102 129761 98 19429 8813 49019 10127 2834 4002 21441 45096 737468 1131 9897 6679 64473 133131 1714 34141 61810 7667 7121 20510 5639 11833 21860 1576 179 11434 23883 8156 11189 19408 2537 174 12713 8028 12651 42087 1536 2613 495 2898 173 11410 1716 3076 6285
internal_value=2.69201e-06 -0.000194437 0.00838352 -0.000187309 -0.00120842 -0.00150805 -0.0229091 -0.0382982 0.0363226 -0.0605938 -0.0712095 -0.00131554 -0.00750249 -0.00818617 0.00134367 0.00701074 0.0110651 0.00195045 -0.00933766 -0.0248776 0.000714872 -0.00636278 -0.0352121 -0.0619234 -0.0249919 0.00352808 0.00152091 -0.0942715 0.00445435 0.00325136 -0.00449361 0.00633767 0.00133676 0.00221025 -0.0022467 0.0058698 -0.0111968 0.0140663 0.0157571 0.0118325 -0.00271435 -0.113689 -0.0309149 0.0100835 0.0148801 0.0117701 0.00018289 0.0236026 0.00197624 0.0538716 -0.0141593 -0.00666589 -0.0184704 0.00127207 -0.0184612 -0.0522796 0.0174578 -0.0353289 -0.0752244 -0.0468933 0.0435614 0.0204255 0.0118786
internal_weight=535802 523489 12313.2 523473 314027 305147 2720.39 2159.36 561.026 1331.14 1164.57 302426 23291.3 22977.4 209446 20918.2 17556 8894.73 4381.08 2646.05 188528 19275.3 4921.22 1361.87 3559.35 14354 169253 853.413 77981 70479.7 20082.7 50396.9 26384.2 26106.7 18974 8240.4 2847.28 7132.75 7501.35 24012.7 9912.06 668.294 1640.39 22555 5393.12 6790.97 3431.05 3359.92 1192.04 710.375 3362.24 8618.26 3465.19 5153.06 1508.85 538.481 4441.98 270.083 192.806 1454.01 361.67 8661.23 20983.8
internal_count=4493916 4244712 249204 4244606 2584338 2518275 22041 17615 4426 11458 10091 2496234 130352 127333 1660268 248820 213005 80168 44003 24574 1411448 179638 32074 9543 22531 147564 1231810 5541 494342 439879 110002 329877 167194 165480 110829 45529 13979 54651 54463 162683 98902 4410 7300 150850 31550 48650 21086 27564 13066 5813 35815 88775 34511 54264 12177 4149 48662 3566 3071 11508 4253 132837 139416
is_linear=0
shrinkage=0.176106


Tree=36
num_leaves=64
num_cat=0
split_feature=0 0 8 4 7 2 8 9 7 9 7 0 0 9 8 9 9 4 7 2 4 9 9 9 2 9 2 2 9 5 9 9 9 9 8 4 5 9 0 0 7 8 11 5 8 2 9 5 9 9 9 4 8 8 9 4 9 2 9 8 4 9 8
split_gain=27.1298 83.8687 66.9466 68.2093 65.8961 62.3763 57.4121 115.326 101.939 85.1085 50.752 49.8997 81.3418 105.902 108.014 101.282 76.7552 74.5826 65.8641 67.1836 64.2041 63.8787 67.3707 127.874 77.6349 64.9973 82.0069 71.7331 66.6109 62.7262 62.1 271.19 141.663 87.7114 62.9058 59.4319 75.9716 58.0534 83.6955 51.8906 51.6498 50.0518 49.267 49.056 48.9022 46.5583 46.0032 76.2044 121.136 98.8266 204.799 53.7588 47.4195 173.418 49.6497 45.8985 45.894 56.0924 55.4739 45.663 63.237 45.3143 56.5429
threshold=1.5000000000000002 2.5000000000000004 0.90127320420397428 1390.5000000000002 292.50000000000006 1235.5000000000002 0.85154788907268331 0.81300475711592879 259.50000000000006 0.80544011607658417 93.500000000000014 4.5000000000000009 3.5000000000000004 0.80891849360395851 0.79865757073970556 0.81500855093345759 0.82826480154605708 1184.0000000000002 10.500000000000002 1310.5000000000002 1156.5000000000002 0.81300475711592879 0.83509183109032337 0.83470148464705207 1530.5000000000002 0.84430354278072495 1955.5000000000002 2115.5000000000005 0.85311337052496505 169.50000000000003 0.842470519626908 0.84299907274087305 0.83470148464705207 0.81736366305786812 0.80652984726770349 963.50000000000011 149.50000000000003 0.8762973453133257 6.5000000000000009 5.5000000000000009 29.500000000000004 0.85154788907268331 0.73675623704766469 210.50000000000003 0.85154788907268331 1135.5000000000002 0.89127477498379648 132.50000000000003 0.83470148464705207 0.84299907274087305 0.85898181681714003 1090.5000000000002 0.78730933661789715 0.79865757073970556 0.83253477257070907 1016.5000000000001 0.81900813221307578 1745.5000000000002 0.8205528234104148 0.83526014591826703 462.50000000000006 0.82603058359836112 0.8806295869237083
decision_type=2 2 2 2 2 2 2 2 2 2 2 2 2 2 2 2 2 2 2 2 2 2 2 2 2 2 2 2 2 2 2 2 2 2 2 2 2 2 2 2 2 2 2 2 2 2 2 2 2 2 2 2 2 2 2 2 2 2 2 2 2 2 2
left_child=2 6 3 4 -1 -4 46 9 61 -8 -5 12 30 -14 17 -16 -17 -15 -13 20 29 -21 23 56 -25 27 28 -24 -27 35 32 -32 33 34 -3 36 -20 38 -22 -39 -41 -29 -35 -26 45 -6 47 52 -49 -50 55 -48 -2 -54 -55 -51 -23 -58 -59 60 -36 -9 -63
right_child=1 11 5 10 44 -7 7 8 -10 -11 -12 18 13 14 15 16 -18 -19 19 21 37 22 25 24 43 26 -28 41 -30 -31 31 -33 -34 42 59 -37 -38 39 -40 40 -42 -43 -44 -45 -46 -47 51 48 49 50 -52 -53 53 54 -56 -57 57 58 -60 -61 -62 62 -64
leaf_value=0.0094015947527750915 0.012756669315722941 -0.026912286982029951 -0.055218713948562356 -0.025167606169539863 0.00081592011534526603 -0.00045918151073031044 -0.025790705406911186 -0.029203761232403185 0.036749568856746906 0.043543782245202237 0.0039569402856784617 0.0067716295718483685 0.028698832356710436 -0.019717405105746114 -0.013315200582962865 0.037667185691408631 0.0095121957153108515 -0.2975226011805796 0.0035233180642402951 -0.009651742201729983 -0.01613050487714842 0.012399144722289793 -0.011066958502243603 0.0024462312684817118 0.040721264108960306 0.013843739407464825 0.012495275878632257 0.048031787951660243 -0.0061205836953004645 0.029086281574781866 0.054865123956631713 -0.00038984512731270556 -0.034506653138948996 -0.068425511962622101 0.043849076885875977 -0.013828968876026086 0.029420113369568367 0.014189497732592355 0.0097793935486474321 0.040859552970714329 -0.030168154414916066 -0.077541357386209236 0.014751390615594117 0.11169602900949036 0.014494625301582333 -0.038322127400578908 -0.0042182426691905472 -0.045737223278235539 0.031413653795515778 -0.074133595734945337 -0.0037240524751578556 0.055042830384093661 -0.047236924108457361 0.00681135969854532 -0.012990879497510828 -0.18025670464320956 0.0042218383961619074 -0.045978891018913226 -0.0080339186327072123 -0.0085041750105808323 -0.0060581581351335486 0.0038459109161154991 -0.014090198503022221
leaf_weight=44741.11916863732 3109.3691127672791 4331.714130140841 1126.6235163044184 3792.493698136881 1629.6003603711724 1509.5376148466021 686.30136315152049 2673.4598539955914 1723.2621838077903 2745.8470729365945 3633.3425913769752 33166.383470559493 7304.9956861101091 3967.8762861024588 5531.7803355976939 3363.1941057480872 28035.101963358 30.199547708034515 64332.006926359609 41914.023025650531 6301.0454238168895 7651.3841857761145 17652.364915605634 1791.4144988581538 2681.9366270750761 5703.9675326123834 10541.190412010998 112.42012685537338 56755.746452948079 3094.9281898941845 3058.6909389831126 27721.9502721522 4622.3646615669131 226.38965994864702 1404.643079303205 5669.6693860311061 3716.2049763780087 1191.5552661642432 10007.405918572098 336.76926833204925 5553.3412298578769 791.67033630982041 9029.1525609530509 340.34672440588474 1636.600937500596 2236.1679652631283 1679.6719713248312 4842.3788514584303 1492.8137108683586 257.34743147343397 2587.1790468282998 661.798070628196 3325.136343203485 7952.2183756306767 7757.3898717872798 248.39006247371435 12966.120424490422 1393.9361512213945 8368.2697988636792 9366.7032085247338 1791.8579568043351 11163.449862595648 10652.327041992918
leaf_count=382218 16739 23762 12245 31182 13681 17120 4740 15934 13849 20010 29256 264192 53862 31706 47030 30836 328249 231 758743 222812 58355 43505 110212 12155 17663 36739 90773 683 463376 30944 26174 279107 33472 1141 9368 63240 39225 13945 90795 3103 55599 5216 65541 1967 14438 13154 17740 26100 8644 1500 18444 5868 17073 47487 51713 1457 80191 7625 48163 69159 10581 89736 94344
internal_value=6.33664e-05 -0.000383011 0.00358209 0.0048366 0.007165 -0.0238619 -0.00633721 -0.000676053 -0.00465067 0.0296795 -0.0109174 0.00053593 0.00375124 0.0091664 0.00568018 0.00865692 0.012528 -0.0218158 -0.000632807 -0.00154619 0.00206549 -0.00369187 -0.00172106 0.00482759 0.0314954 -0.00423827 -0.00187257 -0.0135449 -0.00429739 0.00452539 -0.000492058 0.00510087 -0.00608641 -0.00106284 -0.00861179 0.00349424 0.00493758 -0.00601275 -0.000231333 -0.0193268 -0.0261071 -0.0619268 0.0127169 0.0487139 -0.0110213 -0.0218236 -0.0112857 -0.0130521 -0.0263116 -0.00579888 -0.0237597 0.0125314 -0.00740666 -0.0107004 -0.00296697 -0.126255 0.000602042 -0.0033694 -0.013452 -0.00230189 0.0158727 -0.00756393 -0.00491203
internal_weight=535685 475379 60305.5 57669.3 50243.5 2636.16 63558.3 29644.6 26212.5 3432.15 7425.84 411821 109787 48233.1 40928.2 36930.1 31398.3 3998.08 302034 268868 100203 168665 126751 35193.4 4813.7 91557.4 73000.9 18556.5 62459.7 76812.8 61553.5 30780.6 30772.8 26150.5 16894.9 73717.9 68048.2 23390.1 16308.5 7081.67 5890.11 904.09 9255.54 3022.28 5502.37 3865.77 33913.7 31572.2 9428.11 4585.73 3092.92 2341.47 22144.1 19034.7 15709.6 505.737 30379.7 22728.3 9762.21 12563.2 3196.5 24489.2 21815.8
internal_count=4494112 3980818 513294 483929 423491 29365 451378 238613 213863 24750 60438 3529440 1010219 491914 438052 406115 359085 31937 2519221 2255029 1113949 1141080 918268 211269 31785 706999 590888 116111 500115 892152 518305 305281 213024 179552 112870 861208 797968 221797 149150 72647 58702 5899 66682 19630 41273 26835 212765 189157 56145 30045 21401 23608 133012 116273 99200 2957 179484 135979 55788 89108 19949 200014 184080
is_linear=0
shrinkage=0.176106


Tree=37
num_leaves=64
num_cat=0
split_feature=1 1 2 7 1 2 4 10 4 1 7 7 7 2 10 11 2 10 2 5 7 11 10 2 10 4 11 1 3 2 10 10 10 10 7 7 7 2 10 11 4 7 7 11 2 4 2 7 7 7 2 7 10 7 2 10 5 7 5 2 7 7 7
split_gain=25.7963 72.0523 92.9544 48.6943 42.7394 53.4695 55.4657 56.6004 40.3039 44.8681 49.0515 73.8923 49.0604 44.3558 40.1109 39.5766 38.8356 37.2329 43.819 36.4698 34.6896 34.6837 34.3418 58.0614 39.1208 33.1212 42.3997 32.8109 137.903 133.679 62.4035 49.0965 36.9599 53.1847 41.1373 54.2155 46.1081 38.8907 34.7118 31.8136 31.696 31.0429 30.6762 30.5683 34.5386 29.9114 28.6596 30.271 27.5258 32.1743 35.5024 27.0131 26.9694 38.2872 30.5544 26.8586 27.4218 27.6801 26.6207 26.3296 26.2952 36.5508 30.2194
threshold=1.5000000000000002 2.5000000000000004 1100.5000000000002 380.50000000000006 5.5000000000000009 1730.5000000000002 802.50000000000011 0.81145975209652665 843.50000000000011 4.5000000000000009 200.50000000000003 61.500000000000007 325.50000000000006 1540.5000000000002 0.81955834876062483 0.93769398540390914 1950.5000000000002 0.77564160435723117 1005.5000000000001 49.500000000000007 155.50000000000003 0.94124444638457228 0.81459672985624421 1130.5000000000002 0.80108121797144727 141.00000000000003 0.92364692841029472 6.5000000000000009 15.500000000000002 1010.5000000000001 0.82137667740611919 0.80448449448564741 0.81499633825503093 0.82590030487230581 64.500000000000014 343.50000000000006 359.50000000000006 1805.5000000000002 0.77773195734762213 0.90591747315710924 1516.5000000000002 169.50000000000003 78.500000000000014 0.82746889352922481 600.50000000000011 783.50000000000011 1779.5000000000002 408.50000000000006 287.50000000000006 233.50000000000003 1550.5000000000002 165.50000000000003 0.82495611632445209 329.50000000000006 1000.5000000000001 0.90031182910599294 81.500000000000014 121.50000000000001 49.500000000000007 524.50000000000011 235.50000000000003 264.50000000000006 251.50000000000003
decision_type=2 2 2 2 2 2 2 2 2 2 2 2 2 2 2 2 2 2 2 2 2 2 2 2 2 2 2 2 2 2 2 2 2 2 2 2 2 2 2 2 2 2 2 2 2 2 2 2 2 2 2 2 2 2 2 2 2 2 2 2 2 2 2
left_child=3 2 14 15 5 8 25 -8 9 13 11 -11 48 17 -2 -1 -4 18 42 21 -20 -16 23 24 -13 -7 39 28 30 40 31 41 38 34 -34 -36 -37 -35 -31 -27 58 -6 -3 44 -10 51 47 -38 49 -12 -51 -30 54 -54 -14 56 57 -39 -29 -32 -15 62 -62
right_child=1 4 16 -5 27 6 7 -9 43 10 12 22 52 60 19 -17 -18 -19 20 -21 -22 -23 -24 -25 -26 26 -28 29 45 32 59 -33 33 37 35 36 46 55 -40 -41 -42 -43 -44 -45 -46 -47 -48 -49 -50 50 -52 -53 53 -55 -56 -57 -58 -59 -60 -61 61 -63 -64
leaf_value=-0.0039841435462456744 0.0097297312559590354 0.02663544475808851 0.0075923898434029202 0.033403824623393717 0.0027755627965506901 0.0092843331286894051 0.032725680772221627 -0.0007629811775317968 -0.1022963494575574 0.0019514093882759568 0.030942690505506153 0.044396997058783402 -0.017822589947532969 -0.00049723139922528672 -0.035982976892752809 0.025260961232024398 0.021180517210169926 0.0056057551832761213 0.0038250090998910124 -0.0078087931666425432 0.077603839698591623 -0.16608513656429499 -0.011636504675701695 -0.059755240264769867 -0.040063447813060933 -0.0099164320436045048 -0.037540436504786348 -0.029056386166438082 0.018326508605716989 -0.010770952374385866 -0.081865779571690472 -0.024030651020422674 -0.0035296849954233327 0.00059384886839899086 -0.037021947268917159 0.074270948341254736 -0.11525687237715616 -0.02748052036054938 0.010598721741411434 0.0086464006152421613 -0.003331494150373935 -0.17216753871891682 0.091247885307942117 -0.00076416708012946779 -0.0086393597175701605 0.0074353568111759959 0.091374256212419222 -0.0021487416236198806 0.034291614501580123 0.0067488096773614349 -0.048783500175234452 0.040582617776593111 -0.1491862195272155 -0.020425251352599812 0.044633479187090569 0.027912199085402233 -0.0064187324101910945 0.016193270203123892 0.022249273575833201 0.0034545598863742243 -0.020888789705916396 -0.0039412225456625562 -0.083097548777647148
leaf_weight=75389.166741317138 4501.578205998987 470.4644913636148 44169.889084294438 1129.6203698851168 4037.8826391641051 3018.9385565146804 1692.5098090171814 20811.47206053324 122.83076239004731 17486.515031173825 1370.3657929133624 358.5798638574779 532.10012686252594 14804.729638043791 322.21997328102589 1462.9516888745129 7653.5263091940433 56788.333388440311 1862.3577808588743 14120.025243509561 221.11074788868427 79.161132197827101 13674.04955133982 1226.734694853425 323.5377661883831 46609.411138046533 1641.8347978852689 323.98953235708177 11924.025739274919 3181.1887930780649 112.62245261669159 5573.2358292285353 3179.49548952654 27845.627474855632 4051.4518532864749 265.32670550793409 113.49098189175129 4321.0808297079057 9103.3779652379453 3050.7727750949562 2063.4644054491073 31.70410031080246 441.9749151058495 36431.331351839006 21006.366639081389 7103.9224365726113 59.045066960155964 207.63983437418938 2043.5352704226971 2160.0869700461626 427.7417000234127 1970.8787075355649 75.525523088872433 1385.1062844209373 447.00230893492699 536.60335675254464 8825.5040026511997 502.39289021678269 9823.8078485354781 28143.354752050713 600.68722886964679 1771.01834121719 405.77055706456304
leaf_count=617001 41548 3209 366201 12843 29578 24402 9528 130165 1283 144870 10950 3131 4975 98767 4283 31977 64352 555046 10811 176205 1331 1885 124599 6215 2498 266243 22016 4786 100715 17350 1703 47596 20631 241735 24533 1985 686 30957 56702 26716 21272 162 4515 339167 132559 58595 342 1245 14569 16327 2269 14435 603 12262 2954 6732 58715 4207 131598 314440 3066 9870 2201
internal_value=6.66587e-05 0.000571392 0.00573434 -0.00289391 -0.000374833 -0.00171825 -0.00559607 0.00175568 -2.97594e-05 0.00182235 -0.00284844 -0.00590699 0.00913343 0.00432845 -0.00479437 -0.00342744 0.00959915 0.00661519 0.0257494 -0.00929678 0.0116549 -0.061642 -0.0147254 -0.0368525 0.00433625 -0.00864173 -0.00969662 0.00217756 0.00528294 -0.000280654 -0.0010601 -0.0132927 -0.00358832 -0.00571827 -0.0189985 -0.0294698 0.017931 -0.00322962 0.00506487 -0.00877606 0.0165654 0.00141267 0.057933 -0.00385483 -0.00918382 0.0167309 -0.021389 -0.0421223 0.0176933 0.00912388 -0.00243012 0.0214834 -0.0119237 -0.0270832 0.0106913 -0.0107349 -0.0122543 -0.0229316 0.0206112 0.00311449 -0.00344709 -0.0191707 -0.0459693
internal_weight=535392 457410 70846.4 77981.7 386564 253263 76824.9 22504 176438 118877 41510.9 33069.4 8441.46 77366.4 19023 76852.1 51823.4 59784.2 2995.91 14521.4 2083.47 401.381 15582.9 1908.85 682.118 54321 51302 133301 58897.6 74403.5 37898.8 9642.82 62192.2 49907.7 7876.45 4696.95 645.503 42031.2 12284.6 49660.2 12211.3 4069.59 912.439 57560.5 21129.2 20998.8 380.176 321.131 6001.73 3958.19 2587.83 13894.9 2439.73 1460.63 979.102 14185.6 13649 4823.47 10147.8 28256 17582.2 2777.48 1006.46
internal_count=4494112 3832291 654474 661821 3177817 1987117 479070 139693 1508047 1035038 346222 281313 64909 688816 223921 648978 430553 574912 19866 182373 12142 6168 136443 11844 5629 339377 314975 1190700 567224 623476 393479 77336 465820 391768 49422 28791 4258 342346 74052 292959 157656 29740 7724 473009 133842 173745 2273 1931 44115 29546 18596 115150 20794 12865 7929 100611 93879 35164 136384 316143 113904 15137 5267
is_linear=0
shrinkage=0.176106


Tree=38
num_leaves=64
num_cat=0
split_feature=6 8 8 3 8 3 6 9 3 9 9 6 3 3 8 8 9 3 3 9 7 4 3 4 7 5 4 8 8 6 9 6 3 1 3 8 9 7 1 3 5 8 6 7 7 5 1 4 6 9 4 9 6 9 3 8 4 4 5 7 7 6 8
split_gain=27.862 60.1563 69.1724 100.542 62.4637 82.1782 65.4685 58.4372 53.2384 47.0415 46.8047 42.6403 58.9927 41.6412 55.1303 129.887 102 86.852 97.7975 50.2633 47.3252 55.7857 42.0692 40.8965 39.5564 46.8626 39.4264 39.0538 45.6349 43.1779 40.7353 37.8311 37.7961 38.4953 37.3034 44.4642 38.993 37.1025 37.0344 35.1416 34.6782 34.4414 34.0946 36.9173 33.955 33.2917 32.8578 31.3977 30.2793 30.2469 29.1069 28.9609 28.9199 27.3094 34.2487 35.9096 26.8061 26.6446 30.0316 35.4856 30.6441 26.301 25.8845
threshold=75.500000000000014 0.84496713270957635 0.83526014591826703 15.500000000000002 0.84154593889460827 19.500000000000004 138.50000000000003 0.81900813221307578 7.5000000000000009 0.81204943875531377 0.79239690530464058 288.50000000000006 14.500000000000002 15.500000000000002 0.79865757073970556 0.80652984726770349 0.78316546599407266 10.500000000000002 8.5000000000000018 0.8105164617161551 60.500000000000007 313.50000000000006 14.500000000000002 316.50000000000006 6.5000000000000009 40.500000000000007 236.50000000000003 0.848122963620355 0.86628032038578417 183.50000000000003 0.85898181681714003 146.50000000000003 13.500000000000002 5.5000000000000009 21.500000000000004 0.848122963620355 0.84079282354959461 297.50000000000006 6.5000000000000009 9.5000000000000018 341.50000000000006 0.82113268084446045 293.50000000000006 30.500000000000004 140.50000000000003 71.500000000000014 6.5000000000000009 1467.5000000000002 341.50000000000006 0.81300475711592879 324.50000000000006 0.78316546599407266 107.50000000000001 0.82673966244764285 8.5000000000000018 0.90127320420397428 2383.5000000000005 888.50000000000011 133.50000000000003 18.500000000000004 62.500000000000007 397.50000000000006 0.85370962442027898
decision_type=2 2 2 2 2 2 2 2 2 2 2 2 2 2 2 2 2 2 2 2 2 2 2 2 2 2 2 2 2 2 2 2 2 2 2 2 2 2 2 2 2 2 2 2 2 2 2 2 2 2 2 2 2 2 2 2 2 2 2 2 2 2 2
left_child=53 2 9 7 6 -6 10 -4 27 13 -5 -11 42 14 39 32 31 18 37 38 23 -22 41 45 26 -26 -9 -3 29 30 49 -17 33 -16 48 -36 -37 -18 -20 -2 -23 -19 -13 -44 -12 -15 -35 -30 51 -29 -28 -10 -7 54 55 -1 -42 58 59 -41 -61 -14 -50
right_child=1 8 3 4 5 52 -8 24 34 11 44 12 61 20 15 16 17 22 19 -21 21 40 -24 -25 25 -27 50 28 47 -31 -32 -33 -34 46 35 36 -38 -39 -40 57 56 -43 43 -45 -46 -47 -48 -49 62 -51 -52 -53 -54 -55 -56 -57 -58 -59 -60 60 -62 -63 -64
leaf_value=-0.0040275308550196814 0.0055899159557585435 0.04081816905982668 -0.0033955568652312006 0.082030068224641622 0.034141192562571539 0.035841619548689065 0.0012128349115350782 0.023642405693828961 0.023403386368478041 0.0054021016034121105 -0.049107052344356278 -0.14237481333519761 0.0029086518051831588 -0.010061224939093862 0.039215806210515028 -0.029893072408437808 0.021604116887375562 0.022185077075089495 -0.05581887626109417 0.075005681117144493 0.011563748593486961 -0.039469807672625402 -0.0059046398848449418 -0.00010410525109852764 -0.38622877032451486 -0.028629093525025011 -0.088964160077962859 0.010824785824258894 0.037964135793365522 0.035806154113633776 0.015745375216641152 0.06200580994345363 0.06945960360548363 -0.047451001284466887 -0.18461062545546014 -0.0088177666829889739 0.038955316090819307 -0.15190712433817055 0.029162480636046449 -0.013584305276947926 0.081306852795267739 0.059693467671672433 -0.012282939119045148 -0.07212754512245069 0.040439705708036823 -0.040862194379093122 0.031731456964328678 -0.0087665493369935323 0.0037010057482115507 -0.022965894405841313 -0.00047692691446266398 -0.0010420729319533467 -0.03320340763313169 0.00056141646522404323 0.0069981202356339152 -0.14397373649359696 -0.04657565235720728 -0.10865436164577125 0.019802894878799413 -0.071659127240609036 -0.0085711611526857728 0.10300267967548274 0.022330285428408876
leaf_weight=8887.4430454969406 3103.5785957016051 1343.725936755538 5017.2146091610193 98.925192594528198 2991.0291620828211 232.33709777146578 5779.5722351428121 919.02524638548493 1517.9478462785482 30756.296224929392 1721.7940066531301 97.373678706586361 1256.8032881356776 3728.580378189683 1850.7456611841917 3585.0618810020387 1779.8174923360348 2186.0715766511858 1550.546088796109 111.28114430606365 976.24207584559917 3711.9131694361567 1002.8363660871983 10736.711608037353 11.376206941902636 11917.028212070465 204.68330490589142 1123.979924287647 2163.236303627491 993.53414522856474 2197.5576665624976 144.52499984949827 837.65228623896837 348.43191377073526 32.045298703014851 767.39790069311857 1711.9132106900215 39.059510126709938 177.21831882745028 5632.2364374920726 134.73724529147148 1163.2238376475871 860.15211808681488 508.79355823993683 142.17127675563097 1536.9348834455013 304.62387294322252 561.68752715364099 9771.7266847193241 3053.3957073055208 263.97110254317522 152880.79424624704 989.04184076935053 189213.70550959371 45464.229188339785 57.230361126363277 81.634904101490974 96.494371935725212 678.02847652882338 665.44979801774025 372.41858108341694 87.054694019258022 3030.4776042513549
leaf_count=87256 19701 16005 36200 437 19677 1770 36234 10371 9418 226276 12045 650 7531 18604 13512 20087 15052 16321 10885 880 4613 17755 5221 53207 221 95987 1897 12791 45386 11339 29495 893 4621 2606 249 4807 23587 321 1483 29853 595 8762 6309 3455 705 7203 2608 9715 72078 32741 2118 1234214 7559 1851774 293454 661 367 503 3631 3624 2269 559 23860
internal_value=0.000171213 -0.000990364 -0.00423092 -0.0114 0.00116494 0.018423 -0.00822456 -0.0195934 0.000984397 -0.00152017 -0.0360122 0.00350482 -0.0172602 -0.00514469 -0.000386773 0.00644408 -0.00227523 0.00892587 -0.0110765 -0.0397135 -0.0109774 -0.0261119 0.0257376 -0.00633877 -0.0256964 -0.0289701 0.0024448 0.0126141 0.00885928 0.00165827 -0.00366369 -0.0263319 0.0370779 0.0262446 0.000200659 0.0215045 0.0241686 0.017878 -0.0471023 -0.0101531 -0.0354749 0.0352119 -0.0416872 -0.0345253 -0.042277 -0.0190516 -0.0105156 0.0283316 -0.000119325 -0.0138741 -0.0391234 -0.000801741 -0.0200693 0.00156126 0.00503833 -0.00492294 0.0330581 -0.0167161 -0.0155088 -0.0190983 -0.0490213 0.00939271 0.00811084
internal_weight=535163 291540 110391 30288.2 11954.9 4212.41 7742.46 18333.3 181149 80102.5 1962.89 33566.5 2810.18 46536.1 25629.3 15081.1 11739.6 8010.05 3657.92 1839.05 20906.8 4904.53 4352.13 16002.2 13316.1 11928.4 1387.68 11437.1 10093.4 7368.47 6374.93 3729.59 3341.45 2503.8 169712 2511.36 2479.31 1818.88 1727.76 10548.2 3928.29 3349.3 1466.32 1368.95 1863.97 5265.52 653.056 2724.92 167201 4177.38 468.654 154399 1221.38 243623 54408.9 8944.67 216.372 7444.63 7348.13 6670.1 1037.87 1343.86 12802.2
internal_count=4494008 2260863 735178 225221 78427 29006 49421 146794 1525685 509957 13187 244780 18504 265177 162833 103252 79905 58925 28621 13248 102344 23330 30304 79014 110594 96208 14386 157472 141467 86366 75027 20980 23347 18726 1368213 28643 28394 15373 12368 59581 18717 25083 10414 9764 12750 25807 5214 55101 1339570 45532 4015 1243632 9329 2233145 381371 87917 962 39880 39377 35746 5893 8090 95938
is_linear=0
shrinkage=0.176106


Tree=39
num_leaves=64
num_cat=0
split_feature=0 10 10 5 1 1 4 10 1 9 2 9 4 11 10 0 2 2 5 5 5 4 5 2 2 4 11 2 5 5 2 4 2 4 12 1 9 9 9 9 9 9 2 10 10 10 9 1 10 0 0 5 9 4 9 2 4 0 11 0 9 4 5
split_gain=24.6544 122.971 86.816 75.4081 71.3174 124.038 138.694 70.7409 67.4916 55.0945 53.1884 51.564 58.5642 51.2247 40.7548 63.2977 88.3679 72.6545 61.9774 69.7806 50.3971 40.0917 68.7488 55.9527 76.3362 49.5122 55.7 65.5599 46.2783 39.5321 83.9147 46.4458 44.5931 43.8808 38.8229 37.8715 94.2991 72.3169 57.4023 57.506 40.7728 39.305 62.7389 37.8527 44.5523 42.2945 36.179 36.1186 49.0106 42.5052 54.0179 35.9601 35.4581 47.7547 42.7812 35.1452 34.894 34.7206 42.3228 34.6522 34.6156 34.5729 34.5318
threshold=8.5000000000000018 0.77564160435723117 0.77540682828143503 60.500000000000007 4.5000000000000009 3.5000000000000004 669.50000000000011 0.85319414781819847 6.5000000000000009 0.83470148464705207 1025.5000000000002 0.78885467894210393 1663.0000000000002 0.80747472289028377 0.78580447026368205 2.5000000000000004 1205.5000000000002 1840.5000000000002 53.500000000000007 244.50000000000003 105.50000000000001 262.50000000000006 67.500000000000014 630.50000000000011 840.50000000000011 185.50000000000003 0.82127178203523643 1215.5000000000002 57.500000000000007 75.500000000000014 1340.5000000000002 316.50000000000006 920.50000000000011 366.50000000000006 0.86947312089378326 1.5000000000000002 0.79239690530464058 0.79594321069374219 0.79594321069374219 0.81771820045148702 0.76001425473962181 0.8205528234104148 1255.5000000000002 0.82137667740611919 0.83084888659050671 0.81205587606828711 0.82603058359836112 2.5000000000000004 0.77564160435723117 3.5000000000000004 5.5000000000000009 221.50000000000003 0.86800918598010002 910.50000000000011 0.84079282354959461 755.50000000000011 184.50000000000003 6.5000000000000009 0.93769398540390914 1.5000000000000002 0.86821570056551922 925.50000000000011 98.500000000000014
decision_type=2 2 2 2 2 2 2 2 2 2 2 2 2 2 2 2 2 2 2 2 2 2 2 2 2 2 2 2 2 2 2 2 2 2 2 2 2 2 2 2 2 2 2 2 2 2 2 2 2 2 2 2 2 2 2 2 2 2 2 2 2 2 2
left_child=14 2 -2 -3 5 9 -7 52 -6 35 60 -9 -13 34 15 20 -17 18 -18 47 -1 22 23 -16 -25 28 27 -27 57 30 -23 32 46 -32 -4 38 40 -38 -5 -40 -37 42 55 45 -45 -39 -31 49 -49 -20 -51 -36 53 -8 -55 -41 -30 58 -26 -22 -10 -12 -52
right_child=1 3 13 4 8 6 7 11 10 -11 61 12 -14 -15 21 16 17 -19 19 -21 59 29 -24 24 25 26 -28 -29 56 31 33 -33 -34 -35 51 36 37 43 39 41 -42 -43 -44 44 -46 -47 -48 48 -50 50 62 -53 -54 54 -56 -57 -58 -59 -60 -61 -62 -63 -64
leaf_value=0.0089106683107664283 0.014058623448923693 -0.014330370092717665 -0.053286214114813185 -0.046664202561491591 0.02640191698851135 0.0059187956469194999 -0.049390567891631681 -0.11353117135348008 0.062796545178063046 0.019014700245366084 -0.014515611401392138 -0.027837276409255166 0.058131408728264604 -0.11623889790223382 0.032692284051682091 0.019904237849219165 0.034345236398778768 0.013076184802704623 0.046068192839425752 0.043720622999609084 0.019828258781492702 0.0039517055033708578 0.01187757456967343 -0.020932457370061018 -0.0057540794738790545 -0.056142957707896499 -0.00019644677462350195 -0.0097230154570291157 0.0152114101303805 0.026565124765967698 -0.010556424469385432 -0.0011665079522752146 0.016947641075133489 -0.034793392363422257 0.031812952865768525 0.0016295017382667262 -0.067345383927560939 -0.0079973155464498399 0.028557007906699114 -0.028226018302633223 0.066318053740868049 -0.012237339851128921 -0.02120951967108485 -0.051934060049056603 0.0044974331471180577 0.064133998290485369 -0.031836833827534015 -0.033243891504379536 0.0010764184703970728 -0.046967819812233691 -0.019555763359514707 -0.12262987948257639 -0.024061322541332007 -0.076741243620415789 -0.17068097179333802 -0.3054194246985904 0.059892063022314229 0.014405185437929109 0.023125445491461356 0.059545478876198772 -0.011529845931773657 0.018455403627611992 0.032926570640906025
leaf_weight=4413.7454690895975 920.58540771529078 4992.9638307914138 1344.7734205424786 1153.0842045992613 10212.764433804899 3511.1964663900435 521.48342115432024 163.33407268673182 660.47151278890669 10013.92829393968 3407.1789954714477 1129.679172642529 314.08169649168849 316.1619360409677 1583.7972443699837 5971.3664892818779 815.06652291119099 4854.8091362640262 467.33214250206947 575.38891153037548 1384.9422440007329 14068.422654623166 19911.666074270383 5350.0307152438909 12727.547857169062 1203.2844119295478 23935.097133385018 4371.9366366788745 6215.8671269547194 459.87176569923759 21112.873890779912 325570.90453114174 7759.8649733401835 2602.2343635093421 331.88435903191566 427.61183267459273 502.6420059800148 447.82851883396506 1165.6452845297754 19.42368208616972 1030.170764554292 812.64760782569647 115.41164076328278 548.64066538959742 2074.4624527487904 576.84855972602963 1155.6733895689249 5876.4986570850015 1653.5507018007338 873.83945013582706 747.67511020600796 54.422977611422539 347.9078286793083 310.74803818762302 291.28373220935464 52.604056470096111 593.86926879733801 5356.5198826827109 1795.8421899210662 1340.8816474787891 275.34105288982391 1388.1874174028635 810.08863073587418
leaf_count=24827 5660 59778 5960 7372 106463 29847 3677 1004 9802 128316 28535 10127 2663 1910 27842 48842 4367 25578 2788 3293 9085 171439 158216 73215 106613 8947 216956 24081 49974 3996 156238 2647921 54430 21380 2639 2552 3275 3360 8920 214 7805 7330 775 4453 19427 4364 13219 29574 9024 5160 3653 284 3040 2018 2213 457 5829 48148 36687 8065 5118 11310 3953
internal_value=0.000149796 0.0038965 -0.0308582 0.00611624 0.00857773 0.00280676 -0.0180041 -0.0452893 0.0178186 0.010047 0.00252356 -0.0197454 -0.00913529 -0.0510559 -0.00023166 0.00607963 0.00152122 -0.00506209 -0.0125123 -0.015983 0.0205382 -0.000644107 0.00285507 9.47962e-06 -0.00083151 0.00108203 -0.00388902 -0.0197417 0.00657844 -0.00142374 -0.00682368 -0.000814596 0.0114059 -0.0132159 -0.039151 -1.24952e-05 0.00881136 -0.00472237 -0.0149232 0.00197638 0.0473429 -0.0290045 -0.101699 0.0039067 -0.00730561 0.0326095 -0.0152125 -0.0192769 -0.0257074 -0.00257374 -0.0119223 0.010055 -0.0731885 -0.0884012 -0.122193 -0.230669 0.019108 0.00228653 -0.00218308 0.0393659 0.0409277 -0.00497099 0.00773678
internal_weight=534996 49435.4 2967.83 46467.6 41474.6 25530.7 6589.71 3078.52 15943.9 18940.9 5731.18 1607.09 1443.76 2047.24 485560 29785.2 22645.6 16674.2 11819.4 11004.4 7139.57 455775 83045.5 63133.8 61550 56200 29510.3 5575.22 26689.6 372730 37783.5 334946 9375.41 23715.1 1731.08 8927.02 5608.2 4150.42 3318.82 2165.73 1457.78 1000.09 187.439 3647.78 2623.1 1024.68 1615.55 10429 7530.05 2898.94 2431.6 386.307 1471.42 1123.52 602.032 72.0277 6809.74 19879.9 14523.4 2725.82 935.813 4795.37 1557.76
internal_count=4494008 490668 16453 474215 414437 253209 54589 24742 161228 198620 54765 13794 12790 10793 4003340 178209 136232 87390 61812 57445 41977 3825131 756508 598292 570450 497235 249984 33028 247251 3068623 349057 2719566 71645 177618 8883 70304 45236 34879 25068 17696 10357 8776 1446 31604 23880 7724 17215 54152 38598 15554 12766 2923 10948 7908 4231 671 55803 191448 143300 17150 14920 39845 7606
is_linear=0
shrinkage=0.176106


Tree=40
num_leaves=64
num_cat=0
split_feature=8 8 7 9 2 0 0 1 1 1 0 0 6 8 0 0 10 10 10 1 0 1 10 1 10 0 8 8 1 2 10 2 0 8 8 0 5 9 10 0 9 8 9 1 8 10 9 8 2 10 2 0 2 8 8 0 5 1 5 10 1 8 2
split_gain=26.8623 60.146 90.8977 53.7699 54.4578 45.745 100.738 91.4622 90.8657 49.0916 45.6937 39.1527 63.0156 38.4835 109.615 125.781 78.5717 59.4953 121.287 60.4598 57.3489 77.2006 100.509 77.8662 86.206 79.9694 60.9461 59.5931 51.9073 49.963 47.1357 46.6305 46.4844 206.556 114.73 151.994 112.108 97.7272 115.708 195.321 93.1601 89.7778 86.1913 81.9804 112.698 81.7242 76.7624 75.6232 127.521 77.9883 68.9726 67.658 62.7957 86.0958 72.2585 93.2857 104.409 115.206 60.6752 58.0257 56.4951 55.3422 50.5011
threshold=0.84154593889460827 0.83526014591826703 235.50000000000003 0.81500855093345759 1110.5000000000002 6.5000000000000009 4.5000000000000009 2.5000000000000004 2.5000000000000004 3.5000000000000004 5.5000000000000009 1.5000000000000002 168.50000000000003 0.85154788907268331 3.5000000000000004 4.5000000000000009 0.78397562625185346 0.87574415278457785 0.88156699794896076 4.5000000000000009 1.5000000000000002 3.5000000000000004 0.87574415278457785 4.5000000000000009 0.84727644821088099 2.5000000000000004 0.84496713270957635 0.848122963620355 4.5000000000000009 1030.5000000000002 0.77564160435723117 1155.5000000000002 5.5000000000000009 0.85370962442027898 0.85370962442027898 3.5000000000000004 164.50000000000003 0.81204943875531377 0.86422021755895906 8.5000000000000018 0.88430007122985399 0.86628032038578417 0.85898181681714003 1.5000000000000002 0.85824804301739877 0.87324711660086407 0.87517040895370191 0.90127320420397428 1255.5000000000002 0.91278690735642409 710.50000000000011 2.5000000000000004 1300.5000000000002 0.85824804301739877 0.8563935865996698 3.5000000000000004 234.50000000000003 3.5000000000000004 77.500000000000014 0.8919053268973075 4.5000000000000009 0.85824804301739877 1745.5000000000002
decision_type=2 2 2 2 2 2 2 2 2 2 2 2 2 2 2 2 2 2 2 2 2 2 2 2 2 2 2 2 2 2 2 2 2 2 2 2 2 2 2 2 2 2 2 2 2 2 2 2 2 2 2 2 2 2 2 2 2 2 2 2 2 2 2
left_child=1 -1 3 5 10 6 8 -8 -3 -9 11 12 -5 14 16 -16 -2 19 29 -17 28 22 -22 27 -25 -26 -27 -23 -18 -19 31 -21 34 37 35 45 50 -34 62 40 46 43 -38 44 58 -15 -40 49 -49 -43 -35 -47 60 54 55 56 57 -54 -36 -37 -45 -62 -39
right_child=13 2 -4 4 -6 -7 7 9 -10 -11 -12 -13 -14 32 15 17 20 18 -20 30 21 23 -24 24 25 26 -28 -29 -30 -31 -32 -33 33 36 41 59 42 38 39 -41 -42 47 -44 52 -46 51 -48 48 -50 -51 -52 -53 53 -55 -56 -57 -58 -59 -60 -61 61 -63 -64
leaf_value=-1.4596531139173944e-05 0.026803517655447376 -0.053191442572969358 0.0087329019009839658 -0.093252830827668248 -0.012270801501070908 -0.018350747081193018 0.10554002089270019 -0.050920242115665211 0.0095630597221689744 0.034656238149286117 -0.052748646651083697 -0.0073655248592543483 0.019522065838910006 0.013117765275423469 0.028175884412431778 -0.0025530504689835519 -0.0061757252235244428 0.010065768400245499 0.0013549530840688924 0.031323343574701096 0.010606355261484571 -0.068915977476030413 -0.036969193090802668 -0.028957157255828266 -0.017486375952488909 -0.013260114080912808 0.047119329531366827 -0.023025776529537391 0.019100548760495484 0.053766081982005699 0.013112118083548075 -0.034367165399073349 0.005819161895579455 0.025951846335646657 -0.090619564238792416 -0.00086094270444830119 0.026077662102216868 -0.0050797023868107876 -0.045573459600183573 0.019927189765788063 -0.084484467505690261 0.0060942454304204205 0.0014405918033290211 -0.0030119027791895014 0.027973936791647336 0.024713992176193206 0.010262774552068952 -0.031682228796304619 0.0060309022598939565 -0.05945070658683474 -0.0026495297370790877 0.064020413481257962 0.01817152871993357 -0.023749501820465847 0.013184027193405005 0.032416623522312532 0.037572569169253361 -0.13207129951062357 -0.032872030288526081 -0.046788724507888749 -0.037540740331151672 0.0091608220652374533 -0.028389208890415712
leaf_weight=151680.76038294472 2384.0072399824858 1006.2980036735535 7864.6444827150553 458.76431595534086 14943.129184911028 2939.23691335693 512.93597024306655 258.40736949443817 2476.9768293760717 1063.5931555889547 2166.7399233169854 2189.4010291881859 231.05815326422453 14137.728271733969 8522.1147271860391 28059.234171889722 5980.771975627169 1133.3994642533362 5727.5779379829764 452.88194467499852 7057.5188028924167 1496.5935747437179 1711.0695044938475 4571.4400660134852 2463.4698021672666 762.9127742163837 1618.0963748898357 2121.9712801687419 4354.1388877779245 2855.9160008765757 17220.782359806821 1288.9621123969555 5659.6135616861284 2725.0588327664882 695.37158735096455 11262.986432351172 9192.1136023141444 12020.619047757238 5035.8046537823975 1623.5453050173819 1643.5531810615212 55632.06383888796 8454.2762814406306 5469.9042983427644 832.57545981928706 4233.7900264523923 900.08640157803893 4915.274725805968 6402.8957915082574 568.74679059349 64679.157971206121 1999.5620190352201 220.1036235243082 3243.0774237569422 11481.819412531331 543.4161234125495 267.3758372142911 563.5709934681654 2993.2164948172867 923.05916996859014 4169.4622401595116 970.02851727418602 3791.9299579262733
leaf_count=1039499 16081 6395 70427 4223 114835 17810 3549 1596 15459 6867 24329 23313 1935 117937 87261 206710 52307 13435 53560 3963 56407 9504 15209 32834 17842 6009 15316 14054 36822 23423 138315 6560 38103 60431 6470 107855 71296 95425 35308 18910 16285 571907 83525 57405 8260 38085 7509 64104 80821 6780 615459 20531 1567 25959 88363 4720 1853 3201 24205 9279 42696 11317 22357
internal_value=0.000144253 -0.00155238 -0.00801167 -0.0126738 -0.0176123 -0.000719219 0.00902527 0.0424196 -0.00856635 0.0179289 -0.0334305 -0.0188927 -0.0554785 0.00106236 0.00398159 0.00822684 -0.0040437 0.00523051 0.0177753 0.00263818 -0.00633196 -0.0114538 0.00132264 -0.0200487 -0.0116107 0.00475802 0.0277728 -0.0420054 0.00447327 0.0413504 0.0103197 -0.0172875 -0.000115748 -0.00268999 0.00214925 0.0112177 0.00177822 -0.0150787 -0.0198067 -0.0355063 -0.0473803 -0.000833937 0.0142742 -0.0086056 -0.030549 0.0205243 -0.0371068 0.00278605 -0.0103472 0.00543094 -0.00149322 0.0373229 -0.00492144 0.00193543 0.0083056 -0.0268242 -0.0574529 -0.089874 -0.0437586 -0.00433984 -0.0154687 -0.0287263 -0.0106694
internal_weight=534827 187792 36111.2 28246.5 19989.1 8257.45 5318.21 1834.94 3483.27 1322 5045.96 2879.22 689.822 347035 99782.9 65260.9 34522 56738.8 9716.89 47021.9 32138 21803.1 8768.59 13034.5 9415.92 4844.48 2381.01 3618.56 10334.9 3989.32 18962.6 1741.84 247252 115726 131526 32557.1 85050.6 30675.2 25015.5 9202.99 7579.44 98968.9 17646.4 31449.9 4521.16 20371.1 5935.89 67519 11318.2 56200.8 67404.2 6233.35 26928.8 16319.4 13076.3 1594.47 1051.05 783.675 3688.59 12186 10609.4 5139.49 15812.5
internal_count=4493772 1330237 290738 220311 168635 51676 33866 12012 21854 8463 53800 29471 6158 3163535 805612 533227 272385 445966 90418 355548 256304 167175 71616 95559 72001 39167 21325 23558 89129 36858 148838 10523 2357923 1064608 1293315 293687 830711 233897 195794 78012 59102 999628 154821 276016 38935 176553 42817 723612 144925 578687 675890 58616 237081 125663 99704 11341 6621 4768 30675 117134 111418 54013 117782
is_linear=0
shrinkage=0.176106


Tree=41
num_leaves=64
num_cat=0
split_feature=11 11 0 0 0 2 9 7 9 2 7 10 5 2 5 9 5 11 5 10 9 7 11 10 0 2 10 2 2 11 2 5 10 9 2 10 9 5 2 9 7 0 9 10 7 10 9 5 11 2 0 2 5 9 5 0 7 11 7 5 11 5 2
split_gain=22.7234 21.8478 26.6265 32.8075 52.4481 41.6362 55.5248 39.2635 35.0076 30.0657 29.0222 29.9659 27.7471 26.8029 37.9476 31.1035 42.9552 26.5678 33.8279 33.744 27.6348 25.0335 24.9713 24.7799 24.019 22.2732 22.0667 21.8114 38.8677 21.568 20.5691 41.7269 20.4057 20.2059 19.3911 19.1477 20.5406 19.0344 39.0551 23.6285 18.7805 23.2774 35.3645 32.6791 26.0075 18.904 18.6486 22.3032 23.3534 19.1298 18.4917 18.3184 18.0403 28.6857 21.162 17.9446 17.6426 17.6072 17.1978 16.9917 16.9788 37.1514 27.4651
threshold=1.0000000180025095e-35 0.89327493159014904 8.5000000000000018 5.5000000000000009 3.5000000000000004 1014.5000000000001 0.85825735024012695 209.50000000000003 0.89907206317700072 1025.5000000000002 161.50000000000003 0.85297677249019188 91.500000000000014 1279.5000000000002 335.50000000000006 0.8929575320831612 110.50000000000001 0.89724800218992318 307.50000000000006 0.89208167542963979 0.85916552886038422 145.50000000000003 0.89724800218992318 0.89433885133650681 7.5000000000000009 1610.5000000000002 0.87272533060623958 2000.5000000000002 2045.5000000000002 0.92142774795270188 1615.5000000000002 60.500000000000007 0.91278690735642409 0.87654219386534227 2140.5000000000005 0.90573231843442747 0.87472056448365165 40.500000000000007 1035.5000000000002 0.90906567320158627 65.500000000000014 1.5000000000000002 0.86985455350032626 0.88259136135092531 7.5000000000000009 0.89756083927861441 0.86753701908127434 68.500000000000014 0.94124444638457228 2120.5000000000005 7.5000000000000009 1250.5000000000002 99.500000000000014 0.86365011283325088 126.50000000000001 5.5000000000000009 32.500000000000007 0.8979918403945305 366.50000000000006 140.50000000000003 0.65809831459764956 74.500000000000014 2225.5000000000005
decision_type=2 2 2 2 2 2 2 2 2 2 2 2 2 2 2 2 2 2 2 2 2 2 2 2 2 2 2 2 2 2 2 2 2 2 2 2 2 2 2 2 2 2 2 2 2 2 2 2 2 2 2 2 2 2 2 2 2 2 2 2 2 2 2
left_child=-1 37 3 4 7 10 51 13 -6 -8 11 33 24 14 40 -15 22 27 19 20 -19 -21 34 57 32 35 -18 -14 -29 -25 -24 -32 58 59 -17 36 -26 38 39 -2 41 43 45 -3 -44 -43 -4 48 49 -48 -35 -7 -42 54 -54 -40 -52 -10 -11 -5 61 -39 -63
right_child=1 2 46 5 8 6 9 -9 23 12 -12 -13 17 15 -16 16 26 18 -20 21 -22 -23 30 29 25 -27 -28 28 -30 -31 31 -33 -34 50 -36 -37 -38 60 55 -41 52 42 44 -45 -46 -47 47 -49 -50 -51 56 -53 53 -55 -56 -57 -58 -59 -60 -61 -62 62 -64
leaf_value=-0.22200780598106465 -0.087590762935203473 0.00853846033348051 0.030958145868884929 -0.013688294881523523 0.0050341588593148428 0.049660568108027554 -0.065182808752572541 0.02457602598178299 0.0010390769103154759 -0.010692267907777919 -0.0074645466926798222 0.026573203575761106 0.014472935308716748 0.011446759204731718 -0.14646639785434479 -0.056383792695660365 -0.0032921155819273682 -0.10190383163875209 0.043736835597651992 -0.028597679914042346 -0.013432924924070042 -0.074431630650183059 0.0055579458237377454 -0.022181576250981806 -0.018005446095578238 -0.003805275918216197 0.03460163641600509 -0.15476169251778982 0.029885902585946124 0.017088252532510662 0.014296032119607918 -0.026781158058093581 0.017990596228746131 -0.020043641953662473 0.080481381203755628 -0.026596233896644311 0.036963287322388495 0.011900063732164888 -0.021793619448826775 0.018639582519530198 -0.023316146027676694 -0.02709465913524705 -0.030455974348435461 -0.04050962536083378 0.026822872078318384 0.050829652008108052 -0.025988772836558004 0.015387760046893987 0.026872012107090896 0.095945784590048128 0.020335051015237998 0.011413895485509959 0.011481418211667111 0.0038177424803102558 -0.063561806468415319 0.011900545365690848 -0.18157605713940386 0.032604772184604801 -0.14199765333299899 0.04397424253238276 -0.00014904890080917705 -0.024538281425604488 0.17342680446171346
leaf_weight=14.280504427850245 320.76820085197687 835.92408326081932 1440.3613070463762 495.49403903260827 7694.1891578361392 478.07847912609577 290.43179287388921 1969.615239335224 624.1283196657896 6867.3133075088263 1951.4546735342592 3241.1339534725994 1262.5236151926219 7798.6859414987266 60.839489001780748 491.58243817836046 810.510831290856 111.54338528960943 256.97255178540945 1172.7859720308334 5971.0115280058235 539.61424916423857 2335.4426030404866 597.07083926722407 247.22347198054194 2107.7675179447979 1156.8573637902737 67.744278006255627 73.947719976305962 1585.7498877178878 1060.5237932018936 2770.5457752775401 826.98586406558752 140.15913552232087 34.347841095179319 218.07804884947836 1432.1625912040472 1420.7155403867364 1036.3663207441568 81.419273711740971 3013.5505081806332 900.65723141469061 276.91894436627626 849.32727368175983 2190.8126549087465 108.1444503068924 1141.6889854297042 4117.6697379760444 413.95047602802515 41.348374869674444 17.978429097682238 2069.8694295696914 167.89162025600672 2518.896830810234 381.05116707831621 930.17188758775592 52.947563722729683 4495.1486119218171 31.075657490640879 233.02529884129763 446008.28992124088 2806.4336611926556 21.904382526874542
leaf_count=107 2775 13460 22427 8586 117126 6178 4706 25891 8455 74764 34850 68727 10159 79269 781 4047 9441 1043 3266 15059 60010 6439 28113 9289 2720 21117 13845 461 579 33960 14445 29692 14906 2414 327 3919 17801 6683 7099 736 43090 11718 4424 12413 33907 1322 18610 70109 10137 648 372 17489 2112 36819 4646 5936 846 74228 319 4205 3342113 12524 113
internal_value=0.000135904 0.000141838 0.00278603 0.00180536 0.00483204 -0.00268373 -0.00598963 0.000549242 0.0133233 -0.00890566 0.0102684 0.0185456 -0.0081342 -0.00115534 -0.00775795 0.00337945 -0.00388564 -0.0152325 -0.0191307 -0.0212032 -0.0150553 -0.0430409 -0.0106104 0.0220574 -0.00241219 0.00865502 0.0189903 0.00712013 -0.0583959 0.00634671 -0.00746887 -0.0154101 -0.00815001 -0.00914542 -0.0474453 0.0224963 0.0288713 -0.000337435 -0.0160826 -0.0660854 -0.00700736 0.000805065 0.00903889 -0.0161806 0.0203953 -0.0187411 0.0130499 0.00853621 -0.00912982 -0.021727 -0.0571225 0.0185902 -0.0136384 -0.00413195 -0.0406102 -0.00585629 -0.130395 0.0287564 -0.0112838 0.00475573 -0.000254603 -0.0113342 -0.0230051
internal_weight=534681 534667 82040.8 74885.7 44728.4 30157.3 24025.1 29732.1 14996.3 21477.2 6132.19 4180.74 21186.7 27762.5 11304 16458.5 8659.81 9456.14 8051.93 7794.96 6082.55 1712.4 6692.44 7302.1 11730.6 4005.23 1967.37 1404.22 141.692 2182.82 6166.51 3831.07 7725.37 939.604 525.93 1897.46 1679.39 452626 2368.73 402.187 11243.2 5161.78 3476.53 1685.25 2467.73 1008.8 7155.02 5714.66 1596.99 1183.04 211.085 2547.95 6081.39 3067.84 548.943 1966.54 70.926 5119.28 6898.39 728.519 450257 4249.05 2828.34
internal_count=4493772 4493665 1115686 993755 612820 380935 260935 369762 243058 237268 120000 85150 232562 343871 164692 179179 99910 97016 85817 82551 61053 21498 76624 125932 135546 45557 23286 11199 1040 43249 72250 44137 89989 16423 4374 24440 20521 3377979 16546 3511 163911 77244 51371 25873 38331 13040 121931 99504 29395 19258 3632 23667 86667 43577 6758 13035 1218 82683 75083 12791 3361433 19320 12637
is_linear=0
shrinkage=0.176106


Tree=42
num_leaves=64
num_cat=0
split_feature=7 1 7 7 0 10 3 7 10 0 0 1 0 0 4 4 5 1 0 9 5 5 5 1 4 3 4 4 3 5 12 3 0 10 1 7 10 10 10 0 0 0 3 10 0 0 9 10 13 5 3 0 7 1 0 0 10 0 10 0 0 0 1
split_gain=19.4797 23.7402 27.404 30.9162 29.7926 42.0231 61.1304 43.3873 27.749 26.8721 31.9801 46.1785 32.6456 31.932 45.2698 60.527 27.3815 26.4278 38.276 25.0139 24.2957 24.7885 24.1824 25.8614 40.5813 26.9853 40.5127 24.0628 23.9829 23.4165 23.0429 22.0764 21.9543 175.517 131.948 132.362 66.9733 35.1147 77.6237 46.8521 51.8752 44.8887 33.6441 30.3234 44.6711 58.5124 42.6336 35.2709 29.7487 29.4869 26.2693 26.524 25.4918 25.376 82.04 37.6663 24.4585 23.9705 112.303 41.3379 81.0796 61.4071 207.41
threshold=76.500000000000014 5.5000000000000009 282.50000000000006 308.50000000000006 3.5000000000000004 0.82495611632445209 12.500000000000002 287.50000000000006 0.8964694903234508 1.5000000000000002 2.5000000000000004 3.5000000000000004 4.5000000000000009 6.5000000000000009 1078.0000000000002 168.50000000000003 101.50000000000001 1.5000000000000002 8.5000000000000018 0.87472056448365165 219.50000000000003 39.500000000000007 154.50000000000003 2.5000000000000004 168.50000000000003 11.500000000000002 220.50000000000003 774.50000000000011 17.500000000000004 354.50000000000006 0.80854474376661079 13.500000000000002 1.5000000000000002 0.82137667740611919 6.5000000000000009 225.50000000000003 0.81459672985624421 0.86422021755895906 0.87431646764156656 8.5000000000000018 3.5000000000000004 2.5000000000000004 11.500000000000002 0.87548534829699032 6.5000000000000009 4.5000000000000009 0.86498848163671316 0.89433885133650681 0.84614648536586468 327.50000000000006 14.500000000000002 6.5000000000000009 200.50000000000003 6.5000000000000009 7.5000000000000009 7.5000000000000009 0.88047417976671827 2.5000000000000004 0.86342884418218024 4.5000000000000009 3.5000000000000004 5.5000000000000009 6.5000000000000009
decision_type=2 2 2 2 2 2 2 2 2 2 2 2 2 2 2 2 2 2 2 2 2 2 2 2 2 2 2 2 2 2 2 2 2 2 2 2 2 2 2 2 2 2 2 2 2 2 2 2 2 2 2 2 2 2 2 2 2 2 2 2 2 2 2
left_child=-1 2 8 4 5 6 -4 31 -2 22 11 20 -12 14 15 30 19 28 27 -13 21 -11 23 25 -25 26 -10 -19 -6 -16 -14 -7 33 36 -35 56 -3 57 41 40 -40 52 48 44 45 -42 -46 -45 -37 -49 51 -43 -39 54 -48 -55 -36 58 -34 60 -59 62 -61
right_child=1 32 3 -5 17 7 -8 -9 9 10 12 16 13 -15 29 -17 -18 18 -20 -21 -22 -23 -24 24 -26 -27 -28 -29 -30 -31 -32 -33 37 34 35 42 -38 38 39 -41 43 50 -44 47 46 -47 53 49 -50 -51 -52 -53 -54 55 -56 -57 -58 59 -60 61 -62 -63 -64
leaf_value=0.0010270739274266883 -0.0037058212020177478 0.0068362703789494857 0.015890450189396835 -0.0009736077755063342 0.0065436074144477807 -0.055023234707809135 -0.071419362102402378 0.018723111322300166 -0.24033246035703412 -0.21948661114101439 0.022241361357464493 -0.103269446743516 0.022626804527175911 0.0084504971347303722 -0.048667339775155485 0.018999792901532902 0.047632300968712446 0.02693058577743148 0.061726269615843377 0.0049570645812830518 -0.085225463216272918 -0.018979991013906804 0.051202058636081904 0.1110604261232096 0.0056814515620336398 0.0067200093376204063 -0.0244358618875763 -0.0017142804604011173 -0.058347583830059085 0.029302397781976706 -0.098029105765681954 0.080454297921438767 -0.010347909556475327 0.033699063106570379 -0.017434368906337715 0.04144537771274822 0.094203951304232786 -0.010523123451692538 0.011715967689259262 0.030826285621314484 -0.060479866238908386 0.02185214052761927 -0.12144022498715455 0.010772781252559196 -0.020544370741054693 0.012149796413816449 -0.0098147396326385885 -0.011459185596701111 -0.087476023788322158 -0.075350765219545965 0.01293147937627475 0.051090137571211156 -0.198388593745016 -0.11086518150863467 -0.19269677409170777 0.0030446498866109101 0.026126913954214039 -0.0026733657618487686 -0.16965852641276072 0.013659942155156297 0.035692646542050989 -0.001210702596083402 -0.074113784219260237
leaf_weight=281621.51641264278 146734.22451703623 383.99798435717821 450.16762099415064 23148.756260283291 1047.893954589963 388.47673951461911 555.72243519127369 2412.0929408632219 41.604634694755077 19.787439703941345 2624.6213847249746 87.899079859256744 63.461027704179287 4706.2926896549761 1116.8992179650813 1392.0863371249288 349.68943918123841 2833.7493754997849 719.17342367768288 268.68403063341975 333.21748727932572 568.97726963460445 675.62599112093449 141.63730818033218 567.20607220195234 190.06438192725182 76.557266309857368 1339.3813472948968 212.44711403921247 133.76671472191811 216.77045586518943 41.265509702265263 3100.9468834511936 1723.5624878071249 1463.3769278023392 87.555490612983704 933.92285607755184 981.66073153167963 4346.5098399426788 1286.5011062547565 463.0480476282537 2207.755010727793 469.25564763695002 2735.4401785433292 812.1906759776175 1338.16630134359 129.70288323611021 3475.6986201517284 151.66369951702654 239.45687088370323 3119.5740893222392 1705.7057106159627 22.923550300300121 164.96120887994766 183.98475376516581 198.19503896683455 549.97308832779527 5486.0769199598581 143.58566367253661 1781.9222041405737 2480.8300180938095 15686.453978750855 1571.062635269016
leaf_count=2332333 1178428 2647 3375 202806 7852 2976 2855 18422 499 202 34232 566 1098 55217 8991 19278 2634 20577 7089 2909 2068 6690 5910 1941 7023 2598 1176 10412 1388 915 3863 275 20753 18850 11896 902 7132 7649 44707 18767 5861 27054 2840 30090 6598 13990 1563 45032 1502 1857 24112 21537 191 1720 1924 2108 5586 42123 1116 16681 24321 123900 12085
internal_value=1.96373e-05 -0.00110228 -0.00204798 0.00256129 0.0107438 -0.00141105 -0.0323455 0.00953842 -0.00300109 0.00461651 0.00165917 -0.021268 0.00529987 -0.000528341 -0.0149852 0.00396782 0.0126171 0.0183452 0.0242034 -0.0217212 -0.0472253 -0.0257187 0.025376 0.00822009 0.0267377 -0.0343658 -0.100453 0.0177369 -0.00439466 -0.040328 -0.0707055 -0.0420142 0.00197639 0.0123051 -0.00442845 -0.0285722 0.0687479 0.000867088 0.00598791 -0.00134422 -0.00428213 0.0200124 -0.0940396 -0.0114207 -0.0251786 -0.00652151 -0.0477472 -0.00440326 -0.0402901 -0.0155773 0.0249863 0.0345957 -0.01481 -0.0803897 -0.117079 -0.0486981 -0.00553503 -0.00309597 -0.0173981 -0.00137771 0.0092735 -0.00583463 -0.027467
internal_weight=534505 252884 193458 33149.1 10000.4 3847.73 1005.89 2841.84 160309 13574.8 11882.2 1628.25 10253.9 7629.28 2922.98 1672.32 706.273 6152.65 4892.3 356.583 921.982 588.765 1692.7 1017.07 708.843 308.226 118.162 4173.13 1260.34 1250.67 280.231 429.742 59425.7 5763.31 4445.39 2721.82 1317.92 53662.4 23411.5 15373.9 14087.4 8037.62 708.475 9740.84 3290.25 1801.21 1489.03 6450.6 239.219 3715.16 7033.03 3913.46 1004.58 676.844 313.688 363.156 2013.35 30250.9 3244.53 27006.3 7966.91 19039.4 3352.98
internal_count=4493692 2161359 1614265 278027 75221 27903 6230 21673 1336238 157810 138663 15069 123594 89362 34145 24239 6109 47318 38078 3475 8960 6892 19147 13237 8964 4273 1675 30989 9240 9906 4961 3251 547094 51355 41576 22726 9779 495739 254760 174217 155450 80543 5244 110743 33764 19851 13913 76979 2404 46889 72703 48591 7840 7315 3487 3828 17482 240979 21869 219110 66444 152666 28766
is_linear=0
shrinkage=0.176106


Tree=43
num_leaves=64
num_cat=0
split_feature=6 0 10 5 10 4 2 9 4 2 9 9 5 5 0 5 0 0 0 9 0 9 0 9 2 6 4 2 9 2 2 9 9 9 5 2 2 10 5 2 0 0 9 4 4 10 6 6 2 2 9 2 10 0 13 5 12 10 4 9 5 6 5
split_gain=29.5862 34.4394 139.511 67.7112 55.502 49.8557 44.8998 42.0231 39.018 46.3643 71.0199 38.4489 39.8955 38.1031 43.432 43.3586 38.0125 61.1338 38.258 37.8762 51.8822 51.0625 49.758 59.3262 102.01 42.3944 45.4269 37.5933 36.9622 52.3759 39.471 35.6316 60.3007 122.233 35.4723 35.2974 68.3153 204.928 112.916 76.1218 76.1466 81.2262 38.2557 35.5351 39.3691 35.2229 35.2184 34.3204 33.3123 32.51 50.9281 53.4721 68.1636 70.9827 51.0013 37.8424 43.1214 90.9036 55.519 32.4163 32.9167 32.2054 31.9092
threshold=55.500000000000007 6.5000000000000009 0.87574415278457785 181.50000000000003 0.85319414781819847 1200.0000000000002 1654.5000000000002 0.85898181681714003 718.50000000000011 1000.5000000000001 0.88430007122985399 0.8205528234104148 111.50000000000001 341.50000000000006 1.5000000000000002 242.50000000000003 1.5000000000000002 2.5000000000000004 3.5000000000000004 0.842470519626908 7.5000000000000009 0.82603058359836112 8.5000000000000018 0.86753701908127434 1425.5000000000002 87.500000000000014 761.50000000000011 1515.5000000000002 0.87472056448365165 1040.5000000000002 1425.5000000000002 0.842470519626908 0.81900813221307578 0.8205528234104148 135.50000000000003 745.50000000000011 1229.5000000000002 0.85368079833836763 249.50000000000003 1110.5000000000002 3.5000000000000004 1.5000000000000002 0.90433043409895042 1676.0000000000002 222.50000000000003 0.85284329541231307 252.50000000000003 309.50000000000006 1450.5000000000002 750.50000000000011 0.90642768490866088 715.50000000000011 0.8353646388393442 6.5000000000000009 0.84614648536586468 96.500000000000014 0.86947312089378326 0.81515192319611229 475.50000000000006 0.82893983032068841 80.500000000000014 85.500000000000014 118.50000000000001
decision_type=2 2 2 2 2 2 2 2 2 2 2 2 2 2 2 2 2 2 2 2 2 2 2 2 2 2 2 2 2 2 2 2 2 2 2 2 2 2 2 2 2 2 2 2 2 2 2 2 2 2 2 2 2 2 2 2 2 2 2 2 2 2 2
left_child=49 4 8 5 13 7 -5 -4 11 10 31 12 -3 15 -15 45 -17 -18 -19 20 -11 25 23 -21 -25 -22 -27 46 29 -9 -31 32 -10 -34 59 43 37 38 39 40 41 42 -37 44 -6 47 -28 -2 -20 50 51 52 -1 54 -54 -51 -57 58 -58 60 -13 -38 -53
right_child=1 2 3 6 35 -7 -8 28 9 19 -12 34 -14 14 -16 16 17 18 48 22 21 -23 -24 24 -26 26 27 -29 -30 30 -32 -33 33 -35 -36 36 61 -39 -40 -41 -42 -43 -44 -45 -46 -47 -48 -49 -50 55 -52 62 53 -55 -56 56 57 -59 -60 -61 -62 -63 -64
leaf_value=0.011717810643027352 0.00044311161155094394 -0.010171181813993593 0.01878681086778107 0.037292441464057788 -0.052568303348419262 -0.090776286221192756 0.0087217227923596166 0.030250779343943251 0.017789063390774486 0.0052102099532396464 -0.030975569745347445 0.034272269947788724 0.0057846229512178533 -0.12012361868404323 -0.014976861130730648 -0.01235269906452015 0.063521300151263588 -0.013976406695734887 0.013627266617095421 -0.036881570130562542 -0.04775360252479631 0.0031174842544701344 -0.0019696575328333166 -0.034718421506798186 0.0092360319456642002 -0.039972896065191263 0.035910003355271711 -0.018515818320050111 0.0053098008792042857 -0.059750921792921227 -0.013348504346562439 0.024353419599713336 -0.10708810326707353 -0.0024736524765168544 -0.14368312614335721 -0.1697513068639073 0.0074143853521754354 -0.0080810307092522068 -0.02975873192606868 -0.02961645181699386 -0.25777255187419951 -0.023456685578944595 -0.45520935589453132 -0.022354056845655054 0.019821040872015128 0.017277555379131247 -0.016289163376169938 0.0095187592791589979 0.054435143609601049 0.00014765704260483656 0.021407503967405973 -0.035291873626873062 -0.044080030818590167 0.011566855422880239 -0.011080627264226827 0.0034851754250514186 -0.054234840212072845 0.0078504227368544066 0.052740408002412378 -0.0002014370857186232 0.0013424499246677179 -0.002651195215805801 -0.0025777766059501619
leaf_weight=6183.327453173697 102206.76321662683 25202.20559152402 4082.5298971496522 3723.231343947351 245.28198287822306 174.65365549921989 3148.4393497444689 562.33830603584647 2629.9808286912739 6534.4017537944019 1761.0530909262598 1849.0524962097406 6021.1292637139559 155.50182960182428 562.71643880754709 1132.3032028377056 956.14488389343023 1104.3999853469431 2464.5661159511656 6108.0260361675173 1612.3588933125138 3559.8968368656933 4049.7107308544219 3276.9919095821679 3273.098919365555 1748.7306649386883 980.98748848214746 2970.5682858638465 6041.3169549927115 862.5928043499589 1667.6446262039244 2739.339067414403 420.18099289387465 1972.1551378890872 51.631881207227707 44.559368539601564 12533.55740478076 25766.418833715841 541.2993967756629 135.33040245622396 203.93885094299912 130.30337790772319 21.626700818538666 873.84500790014863 4653.4058105386794 4614.2041478548199 677.84926248714328 14792.86871497333 829.0974456332624 91813.695576412603 2103.7661289982498 2905.5965027213097 2189.8311440665275 2747.8324447283521 4313.9411232676357 65318.529903404415 161.35574628785253 11788.240568513051 2228.4960816577077 21536.207848707214 1917.9241087250412 46185.814791604877 1356.3370255734771
leaf_count=72118 738797 157536 35145 32724 4404 1078 18402 9382 22827 35512 18916 12825 35515 851 3722 8604 7242 8930 20978 37058 9059 23397 36666 24483 20671 9321 6578 15515 86122 9030 12496 32421 3841 19145 284 430 104507 268133 4545 1170 2139 1224 241 9877 70351 38828 5165 98861 7066 826265 45196 33429 28855 47595 65029 505095 1231 139509 21529 174178 12713 372236 16700
internal_value=2.606e-05 -0.000959555 -0.00334417 0.00999073 0.000352761 0.00269817 0.024202 0.00393342 -0.00602226 -0.00993539 0.000952747 -0.00295727 -0.00709425 0.00270725 -0.0377422 0.00293404 0.0169629 0.0231626 0.0143886 -0.0129155 -0.00733053 -0.0144252 -0.0189607 -0.0243966 -0.0127543 -0.0222408 -0.0157912 -0.00665676 -0.00270552 -0.0183634 -0.0291677 0.00819701 -0.000615237 -0.0208477 0.00213723 -0.00296799 -0.00386721 -0.011227 -0.0864869 -0.143802 -0.182392 -0.104154 -0.263026 0.0103607 0.0161964 0.00218578 0.0145799 0.00159059 0.0238996 0.00176807 -0.00463721 -0.00741897 -0.00259737 -0.0121649 -0.0221916 0.00258319 0.00539608 0.0141996 0.0455178 0.00243478 0.0175063 -0.000502713 -0.0248808
internal_weight=534421 341310 121156 20262.7 220154 13391.1 6871.67 13216.4 100893 44315.3 9522.71 56578.2 31223.3 128819 718.218 128100 6486.51 5354.21 4398.06 34792.6 18084.8 11550.4 16707.8 12658.1 6550.09 7990.49 6378.14 4629.41 9133.89 3092.58 2530.24 7761.66 5022.32 2392.34 25354.8 91335.4 85562.8 26843.5 1077.06 535.759 400.428 196.489 66.1861 5772.53 4898.69 121614 1658.84 117000 3293.66 193111 21800.6 19696.9 15434.9 9251.6 6503.77 171310 79496.6 14178.1 2389.85 25303.2 3766.98 58719.4 4261.93
internal_count=4493692 2691141 918005 204379 1773136 153253 51126 152175 713626 320575 97150 393051 193051 933879 4573 929306 52820 44216 36974 223425 104547 69035 118878 82212 45154 45638 36579 27258 117030 30908 21526 78234 45813 22986 200000 839257 754625 277882 9749 5204 4034 1895 671 84632 74755 876486 11743 837658 28044 1802551 308922 263726 213597 141479 93884 1493629 667364 162269 22760 199716 25538 476743 50129
is_linear=0
shrinkage=0.176106


Tree=44
num_leaves=64
num_cat=0
split_feature=6 8 8 11 10 3 9 10 1 11 9 1 8 3 7 7 6 6 9 3 6 6 8 3 6 8 9 3 10 3 1 3 10 1 9 13 3 6 10 10 3 6 9 9 9 9 9 10 6 8 1 11 11 6 13 8 11 11 8 3 10 10 3
split_gain=25.0721 23.664 48.4915 81.8177 181.73 83.2675 59.7252 47.3369 45.1027 39.7759 36.9551 53.6087 39.7084 35.8904 52.0311 35.4438 35.0532 33.3281 32.2806 61.6515 31.3931 31.1369 33.3379 92.9527 34.51 30.8099 64.5589 37.7719 30.6171 30.5145 28.9406 28.1039 27.9148 27.2225 27.0413 46.2424 40.1378 25.767 25.3652 36.9181 31.5141 59.8898 57.7377 49.9708 61.6994 62.5792 32.6039 39.4496 31.3911 28.3648 31.4634 26.889 25.6004 24.7908 33.5033 45.6012 54.0289 35.8466 33.208 45.4549 57.7696 32.6899 29.0702
threshold=5.5000000000000009 0.84154593889460827 0.83526014591826703 0.86259009125593389 0.85319414781819847 15.500000000000002 0.90416964659569043 0.88843301523498797 2.5000000000000004 0.87387890122265133 0.83963179747170258 4.5000000000000009 0.83028932750521267 12.500000000000002 59.500000000000007 116.50000000000001 10.500000000000002 288.50000000000006 0.86753701908127434 10.500000000000002 61.500000000000007 168.50000000000003 0.83028932750521267 15.500000000000002 148.50000000000003 0.80652984726770349 0.78316546599407266 17.500000000000004 0.82867770833305843 6.5000000000000009 4.5000000000000009 11.500000000000002 0.8919053268973075 6.5000000000000009 0.77622320405825573 0.84398879126167559 8.5000000000000018 181.50000000000003 0.81459672985624421 0.81592098267114832 7.5000000000000009 15.500000000000002 0.81204943875531377 0.83470148464705207 0.83934877204472325 0.85898181681714003 0.88270606167032295 0.86751522806253079 23.500000000000004 0.85154788907268331 6.5000000000000009 0.86706614509246094 0.75281012157378235 48.500000000000007 0.85433369014685556 0.8806295869237083 0.90264412190924748 0.90452182336860354 0.85154788907268331 12.500000000000002 0.87272533060623958 0.82246118310444694 13.500000000000002
decision_type=2 2 2 2 2 2 2 2 2 2 2 2 2 2 2 2 2 2 2 2 2 2 2 2 2 2 2 2 2 2 2 2 2 2 2 2 2 2 2 2 2 2 2 2 2 2 2 2 2 2 2 2 2 2 2 2 2 2 2 2 2 2 2
left_child=-1 2 9 8 5 16 -6 13 31 15 20 17 -13 14 29 21 -5 18 -12 -20 -11 22 25 24 33 26 27 -2 -10 -8 -27 -4 -9 -24 35 -3 -37 -33 48 49 41 46 -43 51 -45 -46 -41 -48 -36 50 -40 -44 -50 58 -55 61 -57 -58 59 -42 -61 -56 -60
right_child=1 34 3 4 6 -7 7 32 28 10 11 12 -14 -15 -16 -17 -18 -19 19 -21 -22 -23 23 -25 -26 30 -28 -29 -30 -31 -32 37 -34 -35 38 36 -38 -39 39 40 53 42 43 44 45 -47 47 -49 52 -51 -52 -53 -54 54 55 56 57 -59 62 60 -62 -63 -64
leaf_value=0.0053135902830302251 0.088311413582651738 0.069374617566950389 -0.030152158818809897 0.042472886455907639 0.0027585251394320939 -0.12114295949133401 -0.43091219449397788 -0.34212696524067493 0.0081928620905403048 0.0089693313449992484 0.0087591451561596853 0.0033437819211359116 0.036560843582311965 0.038701281676310699 0.0024415238551373768 -0.0065540616511595463 -0.054573741416603531 -0.095261442070428692 0.025998547764115938 -0.029789097172644229 0.046432025829407586 -0.0038679475143957661 0.02704881828363043 -0.0046676801572569301 -0.014800257549595325 0.0021368096648757854 0.0048089273175970651 -0.0032359988950020771 -0.0064157302643909238 -0.1239013455386605 -0.0086095476619278515 0.0033918046613820481 -0.052979634652749547 0.066658375283864604 -0.027676790412572469 -0.037290387416783331 0.018679253983854817 -0.022098729694689699 -0.0057669832814383811 -0.049426107423762786 -0.0075920691990001322 0.039399547608346373 -0.019805209375065316 0.051621267037171868 -0.01440468161769071 0.014604364176939747 0.069107140151722174 -0.02405204475103067 0.02640680022764709 -0.016242497977735436 0.015933872077378963 0.01841023829769119 0.0054747715531137074 -0.0025624390218495431 0.031456586021707832 -0.0090961579985143776 0.045152403153522203 0.0049118110090361679 0.006591034325564165 0.010298291226362215 0.048249298310773292 0.0053266575212703041 -0.0012794867872346195
leaf_weight=25913.401792375371 467.13993628323078 447.57595985382795 2448.6104246228933 130.86225203052163 4108.2704590149224 687.00293096154928 12.277365591377018 10.444019682705401 9839.672624822706 1476.5214469283819 2976.268977900967 2424.5565267261118 2068.1901617720723 372.98053888231516 173.91184997558594 32254.798477303237 978.79570123925805 128.31083577126265 808.1786212362349 2561.6184649989009 1308.5072533022612 35720.350095216185 4494.1948544532061 5637.9528664052486 545.73589466884732 18392.318510625511 13833.182539157569 199.45350708067417 8122.0440958105028 55.104393657296896 13459.734909243882 2966.8561275154352 1213.8054128717631 611.31617920845747 821.00566423684359 490.36799460276961 2095.3806086927652 2100.6610927954316 15498.691693946719 848.8488673903048 2342.3304786123335 1844.5865809116513 2820.3516584932804 1088.3289387281984 2988.5177941396832 10102.723480188288 195.34217742085457 506.52635553106666 1996.2358646355569 6779.0284564420581 2391.8311746865511 715.97208399325609 19641.959795927629 132929.34795990959 1552.8907940350473 16408.049624772742 768.93254082463682 6407.8009963110089 22271.389524247497 4287.8286242857575 1752.321692911908 33898.068409401923 42003.722968520597
leaf_count=250953 2596 2837 19702 1493 45000 4858 252 115 63525 15307 32117 26233 21656 5361 2700 215055 10069 1082 10942 25431 13153 209097 35506 31269 4265 120286 89527 902 53975 900 88699 17688 19033 5144 6044 5102 13627 12438 115649 12408 28430 23978 31734 16592 41729 185464 3769 11133 11066 50239 19212 10968 137907 1070286 12686 143062 8519 100022 279445 35404 18931 280619 360708
internal_value=-2.97756e-05 -0.000302084 -0.00197809 -0.00802418 -0.0238769 -0.0729598 -0.00904789 -0.0354299 -0.00320606 -0.00053688 0.0084548 0.0038544 0.0186349 0.00446293 -0.0484611 -0.00152127 -0.043129 -0.00640221 -0.00460557 -0.0164095 0.0265707 0.000217479 0.00274923 0.0113311 0.0272922 0.000659085 0.00738847 0.0609192 0.00158706 -0.179841 -0.00240428 -0.0146605 -0.0554463 0.0317915 0.000559079 0.0171114 0.00806503 -0.0071749 0.00040824 -5.27963e-06 0.000559049 0.00710698 0.009748 0.00666067 0.0113315 0.00798207 -0.0262064 0.00187577 0.0061234 -0.00654158 -0.00286574 -0.012068 0.00740586 3.66646e-05 -0.001012 0.00247909 -0.00352164 0.00922329 0.00280729 0.0132327 0.0213083 0.00647125 0.00144766
internal_weight=534399 508486 172590 33221.3 7743.45 1796.66 5946.79 1838.52 25477.8 139368 13752.2 10967.1 4492.75 614.274 241.294 125616 1109.66 6474.38 6346.07 3369.8 2785.03 93361.4 57641 11289.2 5651.25 46351.8 14499.8 666.593 17961.7 67.3818 31852.1 7516.13 1224.25 5105.51 335896 3033.32 2585.75 5067.52 332863 310403 285734 21111.2 19560.5 17715.9 14179.6 13091.2 1550.72 701.869 22459.2 24669.6 17890.5 3536.32 21638.2 264623 191965 59035.7 23584.8 7176.73 72657.6 8382.48 6040.15 35451 64275.1
internal_count=4493899 4242946 1205376 257109 89781 16420 73361 28361 167328 948267 145921 117461 47889 9213 3852 802346 11562 69572 68490 36373 28460 587291 378194 76184 44915 302010 93025 3498 117500 1152 208985 49828 19148 40650 3037570 21566 18729 30126 3016004 2860987 2675887 337775 310465 286487 243785 227193 27310 14902 155017 185100 134861 42702 148973 2338112 1615194 544908 251603 108541 722918 82765 54335 293305 640153
is_linear=0
shrinkage=0.176106


Tree=45
num_leaves=64
num_cat=0
split_feature=11 11 6 8 9 4 2 2 11 8 0 9 8 3 5 2 2 11 9 11 0 9 9 0 1 8 1 1 6 9 0 0 2 9 5 1 1 8 8 1 9 6 9 1 1 2 6 2 2 6 8 8 1 4 1 8 1 8 5 0 0 4 2
split_gain=21.578 18.8116 15.7082 26.2317 47.6932 37.3987 33.4613 28.9088 36.0586 44.3877 32.1604 31.1164 28.8972 31.8511 28.7544 48.9616 31.7792 27.997 27.1028 31.7187 25.1301 56.6337 46.4374 40.0231 38.7235 38.2464 35.5308 33.6409 30.7111 36.8448 26.3436 28.3051 25.2779 73.0535 55.9197 43.3219 50.15 39.2504 41.279 111.426 36.1908 35.9661 35.8317 33.6956 37.4069 39.2452 33.5899 30.0099 29.363 27.874 26.1865 44.7786 61.5468 35.5131 31.8951 29.4183 60.8478 44.0542 29.221 25.0987 33.1457 24.6624 24.3576
threshold=0.97339709565736265 1.0000000180025095e-35 75.500000000000014 0.84496713270957635 0.87594858245229612 87.500000000000014 2210.5000000000005 815.50000000000011 0.80436713218806843 0.848122963620355 8.5000000000000018 0.81300475711592879 0.86628032038578417 7.5000000000000009 235.50000000000003 1040.5000000000002 1635.5000000000002 0.7695377724447493 0.81300475711592879 0.87081455388056617 2.5000000000000004 0.82673966244764285 0.8254476284454727 1.5000000000000002 6.5000000000000009 0.90127320420397428 4.5000000000000009 5.5000000000000009 27.500000000000004 0.81900813221307578 8.5000000000000018 7.5000000000000009 855.50000000000011 0.88366744526877017 198.50000000000003 1.5000000000000002 4.5000000000000009 0.79865757073970556 0.78730933661789715 2.5000000000000004 0.86630589004703629 21.500000000000004 0.76001425473962181 3.5000000000000004 5.5000000000000009 1405.5000000000002 19.500000000000004 1045.5000000000002 1479.5000000000002 39.500000000000007 0.83526014591826703 0.84496713270957635 3.5000000000000004 348.50000000000006 1.5000000000000002 0.8806295869237083 5.5000000000000009 0.86628032038578417 62.500000000000007 6.5000000000000009 7.5000000000000009 945.00000000000011 1135.5000000000002
decision_type=2 2 2 2 2 2 2 2 2 2 2 2 2 2 2 2 2 2 2 2 2 2 2 2 2 2 2 2 2 2 2 2 2 2 2 2 2 2 2 2 2 2 2 2 2 2 2 2 2 2 2 2 2 2 2 2 2 2 2 2 2 2 2
left_child=1 -1 20 4 62 -6 7 8 9 10 -5 -11 13 -13 16 -16 -7 -15 -10 -20 23 22 30 24 25 26 -3 -24 29 -28 31 -22 33 34 35 -25 -37 38 43 40 46 -36 -38 48 45 -45 -40 -41 -34 -35 53 52 -52 -39 -53 57 -57 -56 -54 -29 -61 -21 -4
right_child=-2 2 3 6 5 14 -8 -9 18 11 -12 12 -14 17 15 -17 -18 -19 19 61 21 -23 27 32 -26 -27 28 59 -30 -31 -32 -33 37 49 41 36 42 50 39 47 -42 -43 -44 44 -46 -47 -48 -49 -50 -51 51 54 58 -55 55 56 -58 -59 -60 60 -62 -63 -64
leaf_value=-0.21351110026429709 0.043628652769548235 0.0023832077921739558 -0.0066496266989378707 0.053186047764958937 -0.24871260212563712 -0.044192186217535068 0.028538133903865698 -0.00047021519170300564 0.030175527417779131 0.0027966505790039853 -0.07870519106316505 -0.0340587115758871 0.044087616724148862 -0.26204935317275002 0.052572467270273496 -0.032938305746090801 0.0026545365750802168 -0.080615974422761166 0.00018080631403952219 0.034947814290833427 0.0059840621393570034 0.00038407848827158835 0.029036325687363182 -0.063396205217319146 -0.012736233883753641 -0.024243301668305413 -0.036725690560923396 -0.018634219024178486 0.027561541121472865 0.013178555546239418 0.018200135199278822 -0.0079911569537359992 -0.010830584843563799 0.0009084238987365214 0.0035615175594210361 0.008284279342532657 -0.17470816536469744 0.032156809744371392 -0.14196459650103016 -0.073048311728897586 -0.24558873344000284 -0.11429350264993247 -0.030154732476386188 0.0077130588943076306 0.018039282016287947 -0.10277077102310322 -0.042376425368266565 -0.00069162454013228412 0.068423915236488206 0.054876463298264649 -0.059318012052056619 0.017549158071200686 0.048292113281910035 -0.00078326728178122068 -0.0023044487513743089 -0.024530766637495007 0.014201745325177756 0.036729448782162277 -0.015333965771085685 0.070624022172964485 -0.0045979609083547672 0.0055093448657341582 -0.0007511888843757281
leaf_weight=12.802746947854756 351.10563922207803 14814.300602763891 30208.271175693721 464.052804607898 22.825608868151903 1780.257709491998 1301.0267460700125 164937.25770898163 2124.0546270608902 1103.7966539226472 65.420909062027931 1098.1369445212185 124.54509944841266 33.121089123189449 377.5473702698946 461.51937716081738 600.59983024001122 129.54363106191158 5849.8075141403824 1901.5979261100292 24034.177409460768 142146.38651484437 4803.0393387675285 631.85501337610185 4203.2272642645985 1257.7735601663589 555.69975116848946 958.49626103788614 4070.1409318652004 2632.0984277799726 4249.037928301841 5528.5772242844105 267.08806417137384 861.94197965972126 104.79537571594119 1681.070224981755 55.029556401073933 1541.7939620912075 224.41402538865805 214.60828300565481 56.372399471700191 343.64572297781706 1583.7062562480569 163.82342541217804 357.40168468654156 254.78232318162918 197.45780248939991 1035.6295738965273 317.10876448452473 452.69285911694169 1034.7412925884128 2412.7730751149356 278.64359818771482 2971.1407934874296 7116.452347939834 4418.0933742318302 1758.5914528407156 1025.9952902458608 1138.5977699868381 293.4624946564436 476.91032813489437 1647.0065608602017 77203.982679281384
leaf_count=110 13914 136960 236747 4877 336 22320 17311 1308618 28083 11527 545 9750 1411 225 3148 3104 7599 1008 71415 40687 174206 1434664 36274 4928 35096 13693 3697 7901 37463 25128 34731 34941 1565 12151 936 14696 346 9628 1122 1212 329 2753 13625 936 2063 1199 942 5086 1619 6147 6892 18376 2136 17166 51095 32860 14718 8941 7071 2287 4040 27719 461826
internal_value=-1.48345e-05 -4.35317e-05 -3.84134e-05 -0.000909762 -0.0030453 -0.0240874 0.000397401 0.00019341 0.00772081 -0.00941285 0.0368898 -0.019262 -0.0368376 -0.0448316 -0.022495 0.00553821 -0.0323745 -0.117559 0.0122094 0.00814907 0.00100866 0.00203685 0.00786021 -0.00211683 0.00282342 0.00562671 0.00732883 0.0214538 0.0174234 0.0044792 0.00523413 0.00337053 -0.00630205 -0.016935 -0.0278185 -0.0211306 -0.0130863 -0.00403349 -0.0227061 -0.0407663 -0.113061 -0.0867522 -0.0350089 0.000243917 -0.0238056 -0.0595324 -0.0953522 -0.0131119 0.0321897 0.0194923 -0.00159967 -0.00443909 -0.0266648 0.0104703 -0.00118201 -0.00433821 -0.0135031 0.00261405 -0.00282445 0.000388611 0.0240568 0.0212846 -0.00241005
internal_weight=534322 533971 533958 291434 110655 3242.75 180779 179478 14541.1 3018.62 529.474 2489.14 1385.35 1260.8 3219.92 839.067 2380.86 162.665 11522.5 9398.41 242524 182490 40343.7 60033.5 27533.2 23330 22072.2 6531.91 7257.94 3187.8 33811.8 29562.8 32500.2 5714.74 4400.1 3951.66 3319.81 26785.5 3088.69 1728.48 478.244 448.441 1638.74 1360.2 776.007 418.606 421.872 1250.24 584.197 1314.63 23696.8 19183.9 2451.98 4512.93 16731.9 14319.1 6176.68 8142.45 1417.24 1728.87 770.373 3548.6 107412
internal_count=4493899 4479985 4479875 2258256 735080 36507 1523176 1505865 197247 29343 5422 23921 12394 10983 36171 6252 29919 1233 167904 139821 2221619 1729044 294380 492575 252037 216941 203248 50502 66288 28825 243878 209147 240538 55582 37284 33595 28667 184956 16073 8691 2393 3689 13971 7382 4198 2135 2064 6298 3184 18298 168883 142089 16099 26794 125990 107614 47578 60036 9207 14228 6327 68406 698573
is_linear=0
shrinkage=0.176106


Tree=46
num_leaves=64
num_cat=0
split_feature=6 0 9 9 9 9 9 1 3 9 1 1 6 6 1 6 3 0 6 5 8 6 8 1 3 9 9 3 9 11 9 1 9 3 9 3 6 9 8 8 9 0 9 0 3 4 1 0 4 1 1 5 4 1 0 0 3 9 6 8 3 1 1
split_gain=15.9553 20.7398 55.208 64.4758 150.924 60.3251 54.9662 213.276 67.9287 59.0588 65.2393 75.0614 50.1383 48.4713 55.5578 48.4097 57.2409 42.1252 49.4806 45.2186 52.8469 40.4454 85.0195 67.4813 41.8082 49.087 51.422 40.8302 39.2936 37.8508 35.7389 47.8131 33.879 32.8217 60.604 44.4502 65.5709 32.4389 31.9352 43.2894 61.6898 72.4394 59.9718 47.6407 46.7539 46.3412 42.2321 39.2429 37.1445 33.8583 38.6697 32.9923 31.9198 31.5767 90.308 82.6038 74.8978 81.3925 54.6818 53.5039 48.9498 48.9223 46.0004
threshold=5.5000000000000009 1.5000000000000002 0.88331378835544738 0.85311337052496505 0.85004938633680538 0.85392096578175769 0.84171677762231656 6.5000000000000009 10.500000000000002 0.80970031873537096 5.5000000000000009 2.5000000000000004 125.50000000000001 35.500000000000007 1.5000000000000002 59.500000000000007 9.5000000000000018 2.5000000000000004 202.50000000000003 338.50000000000006 0.85370962442027898 145.50000000000003 0.85154788907268331 2.5000000000000004 8.5000000000000018 0.83470148464705207 0.8205528234104148 13.500000000000002 0.8105164617161551 0.86603349554209874 0.8205528234104148 5.5000000000000009 0.8105164617161551 10.500000000000002 0.78652607420230658 18.500000000000004 164.50000000000003 0.86753701908127434 0.85154788907268331 0.86628032038578417 0.90416964659569043 7.5000000000000009 0.90427251364640571 5.5000000000000009 10.500000000000002 978.50000000000011 3.5000000000000004 5.5000000000000009 462.50000000000006 4.5000000000000009 1.5000000000000002 238.50000000000003 2427.5000000000005 4.5000000000000009 7.5000000000000009 6.5000000000000009 12.500000000000002 0.8105164617161551 409.50000000000006 0.85824804301739877 10.500000000000002 2.5000000000000004 1.5000000000000002
decision_type=2 2 2 2 2 2 2 2 2 2 2 2 2 2 2 2 2 2 2 2 2 2 2 2 2 2 2 2 2 2 2 2 2 2 2 2 2 2 2 2 2 2 2 2 2 2 2 2 2 2 2 2 2 2 2 2 2 2 2 2 2 2 2
left_child=-1 2 3 4 6 -5 9 12 -9 10 11 -2 -8 -4 -15 16 -6 21 19 38 -21 -3 24 27 25 26 -23 -24 -11 -7 31 32 -25 34 -13 -35 -37 -29 -19 42 41 47 45 -44 -43 -40 48 -41 -42 50 -46 -49 -22 54 58 60 57 -56 -20 61 -55 62 -58
right_child=1 17 13 5 15 29 7 8 -10 28 -12 33 -14 14 -16 -17 -18 18 53 20 52 22 23 30 -26 -27 -28 37 -30 -31 -32 -33 -34 35 -36 36 -38 -39 39 40 46 44 43 -45 49 -47 -48 51 -50 -51 -52 -53 -54 55 56 -57 59 -59 -60 -61 -62 -63 -64
leaf_value=0.0043263171248165066 0.032261937631727598 -0.0075308244087494989 0.0072192448340753874 0.070806473771433856 -0.088334848370321281 0.0039643457536687639 0.0096765367155313038 0.03651855450662729 -0.10690730893670164 -0.092549819943110567 0.041383776729045918 0.0014032434541221778 0.053065056992540022 -0.06248024364328765 -0.012066340327240492 -0.085702615425526249 0.0055030330570743904 0.0026484843708847023 -0.013065157294662358 0.0033220542301652068 0.084218032780031968 0.017416238515873133 0.018495690827818451 -0.030206449127169712 -0.011393104305580716 0.072016143225629672 -0.10748220946352968 -0.052311075085572561 -0.0032713845528154271 0.023984723997819011 0.017534965838366338 0.0073571020603650289 0.07848589279010465 0.014139709617576206 -0.078447976501087674 0.029476919300478209 -0.061633801546019419 0.044081808572866032 0.0013196658279003846 0.00026821200647288499 0.033274933693159384 0.027730040428154416 6.8290331360430263e-05 -0.031295943874837355 -0.0091172798820510232 -0.0081201926584601753 0.0043051395922630263 -0.012097167266765109 0.006488963190906501 -0.0050743954684079945 0.019362518948020602 0.017546837710890304 0.028933115444882435 -0.009297712843576094 -0.0051305233755210228 -0.009584652560030044 -0.001746042731579862 0.046596904074195727 0.015074917484129795 -0.034515981992755122 0.013230078033424224 -0.013200584856290911 0.035212113045968225
leaf_weight=25836.023753286339 2189.4703460820019 45219.618453051895 3668.4204823002219 602.84621404856443 295.70033780112863 6032.6922772489488 1243.1012867391109 131.53147530555725 462.58349990844727 154.10045452415943 1992.3485105708241 700.89970111846924 2461.6034562177956 772.45180137269199 5541.2125835195184 699.08566443622112 633.55515158548951 153301.42910468578 33013.248351689428 2872.737934852019 419.82127149403095 623.56858467310667 786.65496746450663 96.442476518452168 8488.5205703414977 423.422746386379 122.27878612279892 703.4756847769022 19464.475881347433 5692.1821476425976 2245.2142551727593 542.96173822507262 1142.8562050946057 2514.6446455977857 508.72576540336013 382.90117098391056 680.08786814659834 127.97138029150665 40384.848746441305 24548.741683819331 3909.6750946547836 3322.4323211032897 2334.7542206924409 4210.8018675167114 1972.7205642648041 26851.900097792968 10438.098321095109 18689.615602022037 2724.3954944070429 6322.944550935179 5902.9639395009726 1241.7263987828046 1417.4266128949821 3798.2287569660693 1557.9910999052227 14095.003211000934 2232.0716452337801 2391.4856401886791 2290.1911579556763 1403.1950368247926 14080.793619588017 3264.2946813888848 1963.0241393148899
leaf_count=251106 16194 322711 42648 5439 2853 47507 10549 1342 3234 1014 14528 5205 21928 9002 61331 5362 4913 1208414 229955 20806 3783 4172 6761 651 50988 3150 609 4341 140618 66172 18184 4289 8609 15324 3749 1907 3761 1316 359079 269565 67231 60398 27758 40278 18693 217472 135141 172019 41093 52341 51938 10926 12957 35598 11598 95480 13224 24032 16577 9276 96085 17687 12736
internal_value=5.70949e-05 -0.000159901 0.00301088 0.00554483 0.0016401 0.0164772 0.00423138 0.0227978 -0.0751542 0.00143948 0.0132778 0.0052515 0.0385062 -0.0088801 -0.0182343 -0.0506943 -0.0243573 -0.000558985 0.000110319 0.00111593 0.0182401 -0.00488245 0.00294319 0.0201114 -0.00709271 0.0241268 -0.00306038 -0.0102643 -0.00397265 0.0136838 0.0323154 0.0509351 0.0700274 -0.00710183 -0.0321794 0.00137708 -0.0288146 -0.0374749 0.000852486 -0.00094875 0.00191402 -0.000667122 -0.00401681 -0.0201085 0.00892392 -0.00245027 0.011288 -0.00444511 0.0222748 0.00452334 0.0122288 -0.0102503 0.041566 -0.00379295 -0.00664349 0.000496636 0.00602122 0.0261914 -0.0112397 -0.00296734 0.00844426 0.00296731 0.0155479
internal_weight=534140 508304 56824.6 46842.5 34514.8 12327.7 32886.5 4298.82 594.115 28587.7 8969.08 6976.73 3704.7 9982.08 6313.66 1628.34 929.255 451480 390957 310867 4709.99 60523 15303.4 5645.58 9657.79 1169.27 745.847 1618.1 19618.6 11724.9 4027.47 1782.26 1239.3 4787.26 1209.63 3577.63 1062.99 831.447 306157 152856 79073.3 62001.1 73782.3 6545.56 17521.1 67236.7 17072.2 44480.1 6634.07 14198.6 7875.68 19931.3 1837.25 80089.5 48115.5 31974 12812.1 3949.48 35303.4 8862.59 17879 7459.39 4195.1
internal_count=4493607 4242501 484580 371599 252481 119118 239353 37053 4576 202300 60668 46140 32477 112981 70333 13128 7766 3757921 3332140 2769892 37546 425781 103070 44151 58919 7931 4781 12418 141632 113679 31733 13549 9260 29946 8954 20992 5668 5657 2732346 1523932 879345 635880 644587 68036 183370 576551 243465 452510 108324 122972 70631 182945 16740 562248 335085 227163 88553 35630 246532 52923 131683 43647 25960
is_linear=0
shrinkage=0.176106


Tree=47
num_leaves=64
num_cat=0
split_feature=4 2 2 2 8 8 2 4 2 6 9 9 2 10 10 1 2 0 8 9 9 9 10 0 8 2 9 2 0 2 2 8 0 2 9 4 9 1 6 0 9 1 1 0 1 0 8 0 2 0 6 0 1 0 6 0 0 1 10 8 9 4 9
split_gain=13.1882 15.848 38.8794 30.9048 51.8743 43.906 33.442 25.1382 23.3785 21.8717 20.2618 18.8515 18.8643 17.46 61.5691 36.6383 32.2 26.8119 22.9244 20.8175 21.2914 20.9806 17.0269 16.922 16.688 16.037 15.3805 15.3651 15.2826 14.8868 14.7996 40.867 60.1828 67.0859 47.014 33.6504 28.938 44.5972 40.3743 33.6425 51.1697 42.3196 38.5035 47.5988 31.3777 46.2073 40.4136 33.1661 29.1183 57.4972 36.2513 34.3233 70.7201 27.0997 25.287 28.1559 61.4371 27.3425 25.1962 29.8404 39.0999 27.8139 24.2649
threshold=190.50000000000003 840.50000000000011 636.50000000000011 1530.5000000000002 0.90127320420397428 0.90127320420397428 1550.5000000000002 149.00000000000003 1505.5000000000002 172.50000000000003 0.77622320405825573 0.92246062321283906 1654.5000000000002 0.86422021755895906 0.86501369002994422 5.5000000000000009 725.50000000000011 7.5000000000000009 0.83028932750521267 0.92295733778211042 0.95995323873085825 0.91761129700434896 0.68761045676292365 7.5000000000000009 0.83028932750521267 1925.5000000000002 0.85288101297807239 1435.5000000000002 1.5000000000000002 2205.5000000000005 2015.5000000000002 0.78730933661789715 3.5000000000000004 2225.5000000000005 0.842470519626908 224.50000000000003 0.80891849360395851 5.5000000000000009 220.50000000000003 8.5000000000000018 0.79239690530464058 1.5000000000000002 2.5000000000000004 2.5000000000000004 6.5000000000000009 6.5000000000000009 0.83028932750521267 5.5000000000000009 2105.5000000000005 3.5000000000000004 263.50000000000006 8.5000000000000018 4.5000000000000009 4.5000000000000009 64.500000000000014 3.5000000000000004 5.5000000000000009 4.5000000000000009 0.82586392923164709 0.8806295869237083 0.83470148464705207 949.00000000000011 0.79239690530464058
decision_type=2 2 2 2 2 2 2 2 2 2 2 2 2 2 2 2 2 2 2 2 2 2 2 2 2 2 2 2 2 2 2 2 2 2 2 2 2 2 2 2 2 2 2 2 2 2 2 2 2 2 2 2 2 2 2 2 2 2 2 2 2 2 2
left_child=1 2 -1 4 10 7 -7 11 27 -10 -3 -5 -13 18 15 16 17 -15 -4 21 -21 -16 29 -24 -14 -8 -25 -6 -20 -9 -2 32 34 35 -32 -34 37 39 58 42 41 -41 43 -33 46 47 -39 53 51 -50 -51 -40 -53 -46 -44 57 62 -56 59 60 61 -38 -57
right_child=30 3 13 5 8 6 25 22 9 -11 -12 12 24 14 19 -17 -18 -19 28 20 -22 -23 23 26 -26 -27 -28 -29 -30 -31 31 36 33 -35 -36 -37 38 44 48 40 -42 -43 54 -45 45 -47 -48 -49 49 50 -52 52 -54 -55 55 56 -58 -59 -60 -61 -62 -63 -64
leaf_value=0.02237612792719202 -0.00049747453685288813 -0.028387195809594031 -0.022197879474583859 0.0041870218647437714 -0.014390563815772688 -0.051056824297111336 0.017154188347063733 -0.10274880478462221 0.088169638845575035 -0.20613851583499759 0.014219385829087317 0.040529838666919775 0.1028721707315733 -0.26700484543151332 -0.030083570165323346 0.0091776208714750528 -0.14187578580247118 -0.64602049278484885 -0.038042539695894044 0.042372757483058937 -0.24778145924436076 -0.293406624636388 -0.0047116694257714952 -0.032915739747855263 -0.10259845072709428 0.050062738192566715 0.0016431272617121421 -0.091345496468162451 0.019057635515436749 0.014016717029140814 -0.02785547068048114 0.062595746779013028 -0.14176047617155974 0.17046292152024239 0.070873660964045682 0.039904176379795306 0.0083214658390507717 -0.005024137760892949 0.055803793927385763 -0.057354316810426111 -0.12402746244105552 0.085511180128306996 0.0087336544902306707 -0.017833499199063303 0.025163388372617734 -0.058488256303363344 0.087110286356519143 0.109033357191706 0.067326979363773048 0.020685290261876738 -0.081950242353757322 0.038826338457107236 -0.21344100359178778 -0.085846537560661115 -0.096844811984264839 0.034766155399281434 -0.056663657601156457 -0.025873796819880668 -0.00067669701236895436 -0.041210166227948868 0.030882424858011893 -0.037682064506717017 -0.087450379967240699
leaf_weight=1117.5351034132764 448666.00587368943 354.13969208300114 1409.3261138964444 9540.4004629328847 2439.027349986136 169.71527544595301 1130.1699109077454 110.26855592429638 102.45467680878937 8.4793205857276899 15360.799905993044 51.614934280514717 13.519419174641369 16.803019132465128 877.27002000808716 24.280096981674433 37.79517499729991 8.8304684013128263 169.3849022872746 189.16308260336518 8.1825384069234115 9.4855054281651956 6990.0867200437933 1417.4345038458705 131.49611422792077 773.63163399510086 556.08374080434442 83.211533587425947 1025.3103658780456 48.870844960212708 793.75696334987879 291.18086595088243 32.374182842671871 124.78876498900354 184.31992530822754 1362.4661144949496 3679.5535800382495 259.80646374076605 1084.3626481853426 83.480425201356411 59.074884101748466 279.9324791431427 319.80807442963123 1055.0747012645006 347.65798773616552 317.49834983795881 342.02676668763161 117.11119255423546 244.76264866441488 182.94442303851247 256.18244600296021 130.58134630694985 46.822282493114471 84.845350593328476 483.09635851532221 433.75321980565786 914.92069625854492 258.40942025184631 23969.598916469142 320.16950928419828 2569.919329483062 458.37115721404552 57.002213396131992
leaf_count=20333 3773876 2081 12815 65959 34946 2428 18055 487 1828 154 144398 841 166 205 15396 379 499 120 1659 4150 253 156 49070 8849 1953 13893 4557 1283 12340 245 4292 1972 210 823 1167 7539 21155 1545 7079 511 278 1771 1563 6121 2101 1572 2665 605 2125 1487 1607 978 261 462 2683 2553 4113 1369 192848 2304 21740 2434 300
internal_value=5.85038e-05 0.00297278 -0.00647795 0.00415008 0.00942623 -0.000474493 0.0238494 -0.00314876 -0.0134494 0.065674 0.0132592 0.00307458 -0.0509005 -0.0150179 -0.0328698 -0.174789 -0.24521 -0.397572 -0.00698454 -0.0213879 0.0303421 -0.0329003 -0.00979115 -0.0087774 -0.083443 0.030527 -0.023178 -0.0169294 0.0109619 -0.0668907 -0.000204327 0.00299225 0.0248242 0.0467552 -0.00924983 0.0356877 0.00158132 -0.00999882 0.00358661 -0.0191685 0.027983 0.0526932 -0.0243926 -0.000437502 0.016442 -0.00500088 0.0473366 0.0258974 0.0281946 -0.00106863 -0.0391913 0.0440555 -0.0277548 0.00338627 -0.0374651 -0.0443461 -0.0296994 -0.0721119 0.00204202 0.0113144 0.0138215 0.00322551 0.0205705
internal_weight=533986 44174.8 4893.37 39281.4 18348.1 20933.3 2073.52 18859.8 2633.17 110.934 15714.9 9737.03 196.63 3775.83 1171.81 87.7088 63.4287 25.6335 2604.02 1084.1 197.346 886.756 9122.74 8963.6 145.016 1903.8 1973.52 2522.24 1194.7 159.139 489812 41145.7 2497.71 1519.63 978.077 1394.84 38647.9 5704.68 32943.3 4235.73 422.488 363.413 3813.25 1346.26 1468.95 867.113 601.833 549.615 1945.66 683.89 439.127 1261.77 177.404 432.503 2466.99 2147.18 1405.68 741.506 30997.6 7028.01 6707.84 4137.92 490.755
internal_count=4493607 419498 68305 351193 184690 166503 34376 132127 38211 1982 146479 68919 2960 47972 21158 1203 824 325 26814 19955 4403 15552 63208 62476 2119 31948 13406 36229 13999 732 4074109 300233 14031 8572 5459 7749 286202 32184 254018 23234 2560 2282 20674 8093 8950 4740 4210 3168 13537 5219 3094 8318 1239 2563 12581 11018 6966 4052 240481 47633 45329 23589 2853
is_linear=0
shrinkage=0.176106


Tree=48
num_leaves=64
num_cat=0
split_feature=11 5 4 13 5 5 2 2 5 4 2 4 6 4 2 9 2 4 6 11 8 2 2 5 2 7 8 2 6 7 5 5 2 6 2 4 7 2 8 11 8 9 2 4 7 4 2 9 6 1 11 5 4 5 8 2 1 7 4 2 9 2 9
split_gain=15.6914 21.4561 34.8045 21.6666 20.0692 29.6326 16.7797 30.6436 16.1195 53.3415 35.5883 34.1549 39.645 31.8223 24.4165 23.549 31.0045 32.5335 27.2782 40.089 35.625 30.986 33.1237 21.9657 24.1541 21.4565 31.3986 67.1434 35.5028 75.3083 34.9126 34.733 65.6495 37.9396 43.0442 35.954 37.9534 34.1978 57.0503 52.5308 45.3565 59.5386 29.1575 49.4218 30.3545 36.0712 35.3038 34.6211 29.0536 27.7315 30.6487 27.5591 26.9009 49.9744 38.137 27.1614 41.0685 34.5216 63.6693 28.5463 62.5824 77.2007 50.24
threshold=0.65809831459764956 74.500000000000014 262.50000000000006 0.84614648536586468 53.500000000000007 51.500000000000007 2140.5000000000005 1810.5000000000002 62.500000000000007 262.50000000000006 636.50000000000011 325.50000000000006 29.500000000000004 188.50000000000003 645.50000000000011 0.84299907274087305 2200.5000000000005 227.50000000000003 140.50000000000003 0.94337298921428947 0.90127320420397428 1000.5000000000001 1020.5000000000001 60.500000000000007 1300.5000000000002 8.5000000000000018 0.78730933661789715 1520.5000000000002 28.500000000000004 27.500000000000004 79.500000000000014 75.500000000000014 1220.5000000000002 48.500000000000007 2246.0000000000005 405.50000000000006 76.500000000000014 820.50000000000011 0.79865757073970556 0.7603205610219278 0.90127320420397428 0.8929575320831612 1225.5000000000002 337.50000000000006 53.500000000000007 351.50000000000006 1845.5000000000002 0.79594321069374219 97.500000000000014 6.5000000000000009 0.93531209764231604 262.50000000000006 370.50000000000006 90.500000000000014 0.90127320420397428 820.50000000000011 6.5000000000000009 119.50000000000001 681.00000000000011 1025.5000000000002 0.8105164617161551 900.50000000000011 0.81300475711592879
decision_type=2 2 2 2 2 2 2 2 2 2 2 2 2 2 2 2 2 2 2 2 2 2 2 2 2 2 2 2 2 2 2 2 2 2 2 2 2 2 2 2 2 2 2 2 2 2 2 2 2 2 2 2 2 2 2 2 2 2 2 2 2 2 2
left_child=1 2 4 -3 5 -1 7 -6 10 -10 11 -2 -13 14 -12 16 17 -15 -17 21 -21 -20 -23 -19 -25 -11 27 30 -29 -30 -27 32 49 34 37 42 -37 38 39 -33 41 -40 43 -34 46 -46 -44 -48 -45 50 -28 -36 53 54 -35 56 57 -54 -59 60 61 -57 -62
right_child=8 3 -4 -5 6 -7 -8 -9 9 25 13 12 -14 15 -16 18 -18 23 19 20 -22 22 -24 24 -26 26 31 28 29 -31 -32 33 35 52 51 36 -38 -39 40 -41 -42 -43 44 48 45 -47 47 -49 -50 -51 -52 -53 55 -55 -56 59 -58 58 -60 -61 62 -63 -64
leaf_value=-0.0039390518465477215 0.025457746021215762 -0.0056045783801424729 0.072715368475304007 -0.036473249817800958 -0.03997488453819064 0.10005969549158668 -0.11238436227273775 0.034569636519009128 0.006574777872952766 0.00464014759853349 -0.055922897853940806 -0.72403137443459442 -0.015818646021691425 -0.010262293908226252 0.00083259689427933072 -0.0019782806264897145 0.031428717064374216 -0.044815518948849317 0.036744303730518568 -0.39755250476729115 0.0092097230412608658 -0.27108708321079839 -0.030263529450431575 -0.051795662890452558 0.012554590733868214 0.0061712914163453425 0.0017771724549037226 0.017517076704152514 0.011689104318476197 -0.056391562736647423 -0.026049284510378485 -0.091061734919523851 -0.031456564596669935 0.00058295435311341774 0.072256609676095249 -0.044057077534160119 -0.26193714043177224 0.0043554856205060503 -0.01152774975357153 0.046192805121498086 -0.052023406551776522 0.02141968806391133 0.0048887785154505155 -0.092548121314610168 -0.012409586745992632 -0.045249570750321932 -0.057017101775570608 -0.0093987703457612849 -0.40038070218946586 0.035013954980785751 0.068919445884460043 -0.010017453642863385 0.0084572438450300474 0.030173040393777682 0.050198832300457776 0.006149263828231037 0.027733129410838539 -0.02836245405550742 0.0032513107197784368 -0.0010288497292793644 0.019635841613912724 -0.03547196624137039 -0.0055463367564005011
leaf_weight=279.67867241054773 1591.0057803625241 1579.2222215756774 213.12011343985796 1274.1460636220872 481.509851064533 122.0497350692749 57.302017360925674 265.23022302985191 40704.379128031433 27715.762477225624 236.74848484806716 4.0679362155497056 6.1687409803271294 6161.6210479028523 33390.88228194043 16858.17228454724 426.43345878645778 1767.6473775710911 229.01534373685718 16.805779781192541 11.080379812046887 17.97241235896945 1227.0387189984322 276.22322821244597 524.21238563209772 1268.3340212218463 8070.9736205395311 3208.3846569135785 1490.2757851555943 761.32599449157715 5869.3921395242214 94.924758352339268 134.61942367628217 14409.751007737592 452.29091901704669 565.1876935120672 25.932836145162582 83352.008980166167 9915.3658257108182 971.98315734043717 699.10303659550846 2053.2480442523956 7074.7199280038476 17.662106674164534 8636.108023153618 1178.9019628502429 526.44677333533764 4710.4280915036798 20.598063997924328 969.19636558834463 216.50440272688866 175.16963203437626 11920.783193075098 2291.2483062520623 497.03086909651756 2020.8807872347534 2128.8249518414959 2752.4754819516093 7001.2515975479037 183046.39827927388 2753.1527805104852 4372.5696318000555 22845.556391144171
leaf_count=1303 30429 7014 1143 5719 2310 557 256 1149 337119 209940 3912 109 158 45575 317106 173438 3096 13507 2915 267 285 195 11018 2388 3335 10099 104923 17620 8056 4402 43105 638 1404 111894 5067 4718 267 715527 123244 10486 11980 38151 57918 208 68320 10332 2782 34026 174 13851 5611 2177 144904 14973 6597 16989 29575 32400 83035 1301603 25077 30089 227209
internal_value=4.2005e-05 -0.010588 0.0071101 -0.0193887 -0.00448564 0.027657 -0.0205452 -0.0134979 0.000127746 0.000483886 -0.00252248 0.0233947 -0.297254 -0.0032012 0.000433021 -0.00764258 -0.014938 -0.0172029 -0.00400439 -0.0267464 -0.235928 -0.022789 -0.0337399 -0.0338556 -0.00965211 -9.78067e-05 -0.000427333 -0.00907919 0.00562074 -0.0113308 -0.0203239 -0.000144894 -0.00568716 0.000358757 0.00331096 -0.0107479 -0.0536156 0.00301382 -0.00512843 0.033981 -0.00842233 -0.00587553 -0.0096116 -0.0816541 -0.00904871 -0.0163541 -0.00322476 -0.0141857 -0.258275 0.00682754 0.00353122 0.049288 -0.000767911 0.00595909 0.00223728 -0.00125229 0.00439234 0.00209985 -0.00567001 -0.00187712 -0.00673057 -0.0223161 -0.00283798
internal_weight=533937 4272.26 1418.89 2853.37 1205.77 401.728 804.042 746.74 529664 466919 62745.1 1601.24 10.2367 61143.9 33627.6 27516.2 9156.14 8729.7 18360.1 1501.91 27.8862 1474.03 1245.01 2568.08 800.436 426215 398499 12597.7 5459.99 2251.6 7137.73 385901 32147.3 353754 97714.1 22890.6 591.121 97086.6 13734.6 1066.91 12667.7 11968.6 22299.5 172.88 22126.6 9815.01 12311.6 5236.87 38.2602 9256.67 8287.48 627.461 256040 17198 14906.8 238842 23803.3 21674.5 9753.73 215039 31992.2 6393.45 25598.7
internal_count=4493674 19451 6718 12733 5575 1860 3715 3459 4474223 3866490 607733 30696 267 577037 321018 256019 67901 64805 188118 14680 552 14128 11213 19230 5723 3529371 3319431 83282 30078 12458 53204 3236149 304534 2931615 907270 180149 4985 900026 184499 11124 173375 161395 175164 1786 173378 78652 94726 36808 382 124385 110534 7244 2024345 133464 118491 1890881 289914 260339 115435 1600967 299364 47078 252286
is_linear=0
shrinkage=0.176106


Tree=49
num_leaves=64
num_cat=0
split_feature=7 1 0 0 9 10 10 0 5 10 9 1 12 1 4 0 10 0 1 5 1 5 9 7 7 1 0 4 9 9 0 9 9 9 0 1 9 5 12 4 12 4 5 9 1 1 0 0 12 4 10 5 4 12 1 1 12 0 5 12 5 5 0
split_gain=12.5398 19.4724 28.8875 82.2102 56.6319 51.8771 45.4812 62.8456 37.3117 34.2138 31.3541 29.6674 33.8768 29.5717 28.0148 26.9531 47.9565 101.321 204.898 134.078 72.0774 59.7313 38.0547 34.9161 34.6115 32.6856 55.3501 39.2834 32.7553 32.2623 30.2324 38.5101 63.6514 53.9264 43.2011 127.812 129.531 129.351 100.25 33.8619 57.1357 70.1914 33.4794 34.5332 120.489 43.3283 101.593 42.561 32.3672 44.1542 48.3248 30.8453 28.6442 27.4518 34.6513 26.7098 47.2161 29.3486 26.7764 26.274 26.0516 32.2269 44.0992
threshold=76.500000000000014 3.5000000000000004 6.5000000000000009 7.5000000000000009 0.79041369763972813 0.84751455920893759 0.84899822525172619 2.5000000000000004 66.500000000000014 0.87535686907884336 0.80007737908718268 1.5000000000000002 0.80854474376661079 2.5000000000000004 1214.0000000000002 3.5000000000000004 0.84694397590334314 2.5000000000000004 4.5000000000000009 154.50000000000003 5.5000000000000009 320.50000000000006 0.79239690530464058 4.5000000000000009 42.500000000000007 4.5000000000000009 1.5000000000000002 910.50000000000011 0.79011244078647347 0.8205528234104148 5.5000000000000009 0.84171677762231656 0.8205528234104148 0.81771820045148702 6.5000000000000009 5.5000000000000009 0.84299907274087305 60.500000000000007 0.88422383259072179 229.50000000000003 0.88422383259072179 251.50000000000003 307.50000000000006 0.80970031873537096 4.5000000000000009 5.5000000000000009 6.5000000000000009 7.5000000000000009 0.88422383259072179 2340.0000000000005 0.81499633825503093 319.50000000000006 301.50000000000006 0.88422383259072179 6.5000000000000009 1.5000000000000002 0.88422383259072179 1.5000000000000002 67.500000000000014 0.86947312089378326 344.50000000000006 182.50000000000003 1.5000000000000002
decision_type=2 2 2 2 2 2 2 2 2 2 2 2 2 2 2 2 2 2 2 2 2 2 2 2 2 2 2 2 2 2 2 2 2 2 2 2 2 2 2 2 2 2 2 2 2 2 2 2 2 2 2 2 2 2 2 2 2 2 2 2 2 2 2
left_child=1 2 5 4 -4 8 7 13 -1 10 -6 -5 -13 55 -8 16 17 21 24 20 -20 25 -22 -18 -19 26 27 -3 -28 -30 -17 32 33 42 35 36 38 39 -33 -38 -41 -42 43 -32 -45 46 -46 -47 -36 -50 -51 -52 -39 -27 -55 58 -57 -58 -7 -26 61 -10 -63
right_child=-2 15 3 11 9 6 14 -9 60 -11 -12 12 -14 -15 -16 30 23 18 19 -21 22 -23 -24 -25 59 53 28 -29 29 -31 31 34 -34 -35 48 -37 37 52 -40 40 41 -43 -44 44 45 47 -48 -49 49 50 51 -53 -54 54 -56 56 57 -59 -60 -61 -62 62 -64
leaf_value=-0.0021003728767318422 -0.00085746462941055205 -0.018190053902831071 -0.036325602397123423 -0.0030171094918030592 0.031685456164430081 -0.14981841051081107 0.0029736317145055684 -0.00027008509637156843 0.0097614142443643789 0.010565985642982341 -0.013284853512018626 -0.0025836435724053155 0.014717601205822772 -0.010246523388912731 -0.012041209745542476 0.005882359024932584 -0.024093124877544208 -0.050024559568857145 0.032313523447406262 -0.050586140636627558 -0.039827558666833289 -0.076853914176406066 0.0017034957301739974 0.003100781453758362 -0.11045824348849437 0.00021678061194990855 -0.010323353291757752 0.034187831577424256 0.069484325335404371 0.023979734443999444 -0.0060740569093401791 -0.063793790715435658 0.013647022553603489 -0.037705754025222221 -0.0038084386242964769 0.008679262362697511 -0.054907710011865937 0.040528765973503564 -0.20990303712113045 -0.098044162769082926 -0.58096222314371004 -0.12194505584062659 0.062161175039526083 0.039146036011741901 0.035775099963549849 -0.010657316153283792 -0.041963850083710785 0.023100415097009035 0.017632497852493868 0.052945238302020234 -0.17632033101870009 -0.041333970600339977 -0.011330923478807958 -0.029085775490071054 0.0093667008706645113 -0.10264778369247313 -0.084895957897725444 -0.40674925709671333 -0.019526504210114086 -0.041542802009273606 -0.044674923282313109 -0.011789583251824949 0.034395020699148383
leaf_weight=7743.1636639796197 252787.26589949243 1984.2750186435878 2340.8550743497908 9112.1466432511806 504.35345212370157 72.527024142444134 27297.692164410837 779.92707240208983 28442.016985707916 2828.853007927537 10309.884361660108 5032.067520679906 11603.526229121722 146.32167580723763 4487.3875019866973 31482.716400238685 1545.689396912232 1897.9061000235379 2043.7495040688664 1693.4391118176281 929.76161924004555 317.2236548922956 2591.2410618104041 27812.148263800889 649.05387091636658 10753.796312792227 512.06091644614935 572.12541831843555 725.8526046872139 1445.4884178638458 14501.381659004837 711.32142023742199 12399.580099925399 1227.9820091128349 22318.618744608015 4103.2147045237944 549.66350847110152 366.08760206028819 183.13682574778795 281.54084546864033 18.01331128180027 24.228401266038418 266.68786459416151 2703.6320357993245 702.22515031322837 2341.9873752854764 2024.2102696672082 2291.7076769825071 4073.8398828804493 95.977613348513842 89.555607359856367 126.88228189200163 3380.3436548318714 2464.9352797809988 1030.7313511893153 136.90205205604434 12.326013147830961 30.599800169467926 150.27515228837729 233.22085010632873 254.22973427921534 782.37328553013504 3553.1839511245489
leaf_count=61129 2161675 12769 11567 75538 2730 446 304569 7048 217778 28700 70609 36054 112282 1020 40598 294015 14598 10980 12851 12189 5812 1903 19704 233112 3552 68057 2727 4129 4124 8847 84462 3718 91380 8056 180026 40544 5167 3236 1277 1735 306 432 1615 16609 4168 16389 12286 16642 65652 706 833 1020 25795 18767 8551 1043 129 244 1132 1835 1673 6466 30668
internal_value=4.25385e-05 0.000851927 0.00260542 -0.00109857 -0.0110191 0.00469739 -0.000480644 -0.0324 0.00890255 -0.00667701 -0.0111875 0.00505996 0.00948418 -0.0780489 0.000853851 -0.000373327 -0.00338458 -0.00835571 -0.022769 -0.00719735 0.00600652 -0.00105074 -0.00926326 0.00166902 -0.0634217 0.0001831 0.0120763 -0.00646782 0.0297427 0.0391914 0.00130432 -0.00062301 0.00326073 -0.00168119 -0.00473525 -0.0148557 -0.032368 -0.0204917 -0.0937091 -0.0815205 -0.126699 -0.317686 0.000100295 -0.00057346 0.00735263 -0.0043262 -0.0219413 0.0060384 -0.00109046 0.0127395 -0.0510649 -0.0971873 -0.00626338 -0.00419025 -0.0177477 -0.102689 -0.153177 -0.31433 -0.0619394 -0.0922411 0.0114818 0.0119174 0.0260608
internal_weight=533875 281088 115621 41731.7 15983.9 73888.9 33114 1328.88 40775 13643.1 10814.2 25747.7 16635.6 548.952 31785.1 165467 59202.7 29844.9 10038.4 7258.19 5564.75 19806.5 3521 29357.8 2780.18 19489.3 5239.8 2556.4 2683.4 2171.34 106265 74781.8 38459.4 26059.8 36322.4 9617.55 5514.34 4619.88 894.458 873.446 323.783 42.2417 24831.8 24565.1 10063.8 7360.13 2726.44 4633.7 26704.9 4386.26 312.416 216.438 3746.43 14249.5 3495.67 402.63 179.828 42.9258 222.802 882.275 33031.8 32777.6 4335.56
internal_count=4493674 2331999 1011423 337480 113606 673943 356229 11062 317714 102039 73339 223874 148336 4014 345167 1320576 444507 196797 66923 50556 38367 129874 25516 247710 16367 127971 32596 16898 15698 12971 876069 582054 251607 160227 330447 82210 41666 36671 4995 7640 2473 738 152171 150556 66094 49485 16454 33031 248237 68211 2559 1853 29031 95375 27318 2994 1416 373 1578 5387 256585 254912 37134
is_linear=0
shrinkage=0.176106


Tree=50
num_leaves=64
num_cat=0
split_feature=8 4 10 5 8 11 12 6 12 5 5 7 4 5 6 5 7 7 4 5 11 5 5 4 4 7 11 10 6 6 4 8 7 5 10 6 4 6 7 4 5 10 5 10 10 7 4 10 6 7 5 11 11 9 5 5 11 4 5 5 12 11 6
split_gain=14.5043 29.1931 25.5195 22.8065 21.589 100.046 60.2641 44.823 43.2791 33.5253 30.9744 28.4603 45.2996 40.4759 33.7579 27.9194 25.4906 22.9564 32.9658 22.6879 21.7477 28.1917 21.3607 45.0895 37.0809 47.8349 31.6648 22.9705 22.2291 20.2928 20.3231 20.5226 20.9485 20.2689 30.005 23.1164 29.573 20.6171 29.6094 20.905 24.3281 19.2081 18.8293 41.7975 31.24 28.6428 25.4504 18.2074 18.1256 17.5952 21.2442 16.8331 16.6104 17.3008 16.4603 16.399 15.9759 19.4647 16.2537 18.0813 15.7705 15.5918 22.886
threshold=0.79865757073970556 1184.0000000000002 0.77328347585487867 194.50000000000003 0.80652984726770349 0.76386775835991216 0.88422383259072179 367.50000000000006 0.88422383259072179 168.50000000000003 74.500000000000014 308.50000000000006 665.50000000000011 114.50000000000001 62.500000000000007 84.500000000000014 14.500000000000002 93.500000000000014 945.00000000000011 155.50000000000003 0.82713862427871121 147.50000000000003 149.50000000000003 733.50000000000011 742.50000000000011 15.500000000000002 0.88345426503321256 0.87548534829699032 206.50000000000003 341.50000000000006 719.50000000000011 0.8563935865996698 233.50000000000003 114.50000000000001 0.84807002284021105 72.500000000000014 622.50000000000011 220.50000000000003 30.500000000000004 256.50000000000006 76.500000000000014 0.87548534829699032 63.500000000000007 0.8356817427096267 0.77915493520808232 6.5000000000000009 554.50000000000011 0.80726062443571978 10.500000000000002 152.50000000000003 144.50000000000003 0.80639476781030028 0.77052749985199231 0.8205528234104148 113.50000000000001 130.50000000000003 0.78611925945679506 719.50000000000011 134.50000000000003 132.50000000000003 0.80854474376661079 0.85409036675831318 15.500000000000002
decision_type=2 2 2 2 2 2 2 2 2 2 2 2 2 2 2 2 2 2 2 2 2 2 2 2 2 2 2 2 2 2 2 2 2 2 2 2 2 2 2 2 2 2 2 2 2 2 2 2 2 2 2 2 2 2 2 2 2 2 2 2 2 2 2
left_child=1 22 -2 -3 5 8 7 9 10 15 -4 -8 14 -14 -13 47 -12 -17 20 49 -19 -22 23 33 28 -26 -27 -24 -25 61 31 -31 60 37 35 56 -37 -1 42 41 -41 -40 43 -39 45 -44 52 -7 -36 -18 -51 -50 -46 -54 -42 -53 58 -58 59 -35 -33 62 -6
right_child=2 3 4 -5 29 6 11 -9 -10 -11 16 12 13 -15 -16 17 19 18 -20 -21 21 -23 27 24 25 26 -28 -29 -30 30 -32 32 -34 34 48 36 -38 38 39 40 54 -43 44 -45 46 -47 -48 -49 51 50 -52 55 53 -55 -56 -57 57 -59 -60 -61 -62 -63 -64
leaf_value=-0.00050421040939110809 0.020023487868239011 -0.11381010712631018 -0.10188422750148045 -0.013369018189497518 0.0047916345721177615 -0.10757448000490283 0.032731375041046798 -0.043705213969552598 0.092626041398577635 0.063951170037188781 0.092920203721904737 0.038448642225781766 -0.36992513959426493 -0.068081937587713692 -0.072969480897278019 0.011701472721215524 -0.0065139163145293598 0.00219225270201753 -0.10750392351732391 0.081885041425647134 -0.038829131579273174 0.099128594303571127 0.016778281245763558 -0.16993780476778159 0.0098799473680430943 -0.036104659016582989 0.11139484993193789 -0.16438822316599522 -0.055004234222767477 0.008001528502033086 -0.0010909885740919001 0.014483359266737566 -0.043990364346148454 -0.025616455885056875 0.024841697547187683 0.057174228662324217 0.012603713658884207 -0.011115383130490406 -0.0022255927314522553 -0.13886789150275478 -0.036027915858727333 -0.13425684947472696 -0.0045967549007177692 -0.080898046530008053 0.022879312752810126 -0.041569278812431512 -0.020544904745923916 -0.020394531119743209 0.01652856924268694 0.062983042422462304 0.00024358739478462269 -0.037189603866598663 -0.014065777117405445 0.012952626219477537 -0.18886535313581895 -0.12947655645807471 0.015446699223026234 -0.18403629956772927 0.018221968306065144 -0.15580081582456778 0.052219485498589069 0.0009866513607477707 -0.0016059424541796188
leaf_weight=34578.414051456377 2031.9162969365716 128.55474822968245 53.678132623434067 154.2186176776886 18774.591209677979 78.084231957793236 2215.484451148659 878.08978349715471 425.41251624748111 233.00011548399925 200.21564713120461 369.15694224089384 16.04570347815752 97.486877772957087 109.30866415053606 3300.7397608160973 547.75104363262653 2562.2329338639975 101.84799681603909 193.35897800326347 776.91780015826225 48.825824469327927 2126.0740486048162 68.772568702697754 1307.4346847813576 2084.3495195098221 46.137561690062284 21.929189056158066 216.42720201611519 7155.7018850035965 6479.2759360037744 594.11182786524296 108.55136551707983 527.12443949654698 210.58028930053115 720.5872019007802 1285.0266911759973 3046.5500464886427 579.26735868304968 92.064398936927319 585.66254798322916 36.315164975821972 2012.2431236580014 291.6853783428669 2022.353886090219 959.80761297792196 977.14472012594342 1531.4709600545466 157.85131976008415 387.29972922801971 294.77848444133997 474.03678619861603 1210.5356016755104 1871.1349160447717 22.701037749648094 68.322171919047832 1559.3890949599445 15.319062165915964 278.68738924339414 35.303381070494652 814.11521202325821 196387.24125021975 227207.28285515122
leaf_count=236460 13337 832 249 1180 131584 570 20508 4111 3208 1393 975 4635 182 1094 1146 19989 2624 14047 588 990 4967 372 14125 384 7140 11690 420 167 1043 52158 49018 3886 625 2711 1792 4044 7043 16141 3537 548 3540 196 9952 2254 10311 4817 5520 9532 739 1899 1415 3499 7162 12455 99 460 10744 84 1533 172 7259 2181458 1576930
internal_value=3.85338e-06 -0.00258129 0.000329861 -0.0590317 0.000245071 0.00695398 0.000894167 -0.00579794 0.042459 -0.00194233 0.0297335 0.0235658 -0.0107355 -0.110742 0.0129944 -0.00377006 0.0340854 0.00117288 -0.00878526 0.0258085 -0.00581762 -0.0306718 -0.00231296 -0.00295884 -0.0216994 -0.0166373 -0.0329104 0.0149287 -0.0827191 3.36047e-05 0.00637087 0.0119457 0.030553 -0.00165754 0.00864611 0.0146419 0.0286172 -0.00279537 -0.00857505 -0.0336906 -0.0544987 -0.0100145 -0.00590769 -0.0172128 -0.00173911 -0.0165368 0.00549297 -0.0246239 -0.0204604 0.0169919 0.0358685 -0.0340845 0.0104778 0.00233931 -0.041731 -0.0488152 0.00303956 0.0135061 -0.0165555 -0.0337881 0.0362991 -0.000183456 -0.00111765
internal_weight=533746 59772 473974 282.773 471942 14421.2 12318.7 9511.21 2102.49 8633.12 1677.08 2807.48 591.998 113.533 478.466 8400.12 1623.4 6790.56 3489.82 1423.19 3387.98 825.744 59489.2 57341.2 3723.12 3437.92 2130.49 2148 285.2 457521 15151.8 8672.48 1516.78 53618.1 5332.23 4421.44 2005.61 48285.9 13707.5 1316.01 700.428 615.583 12391.5 3338.24 9053.22 2972.05 6081.17 1609.56 910.791 1229.83 682.078 700.21 5104.02 3081.67 608.364 542.359 2415.82 1574.71 841.115 562.428 1408.23 442369 245982
internal_count=4493543 382794 4110749 2012 4097412 94494 83134 55569 11360 51458 8152 27565 7057 1276 5781 50065 7903 39963 19974 6928 19386 5339 380782 366490 20677 19250 12110 14292 1427 4002918 112946 63928 11770 345813 32821 26331 11087 312992 76532 7920 4187 3733 68612 18395 50217 14769 35448 10102 6490 5938 3314 4698 29928 19617 3639 3959 15244 10828 4416 2883 11145 3889972 1708514
is_linear=0
shrinkage=0.176106


Tree=51
num_leaves=64
num_cat=0
split_feature=5 4 3 0 7 4 3 5 3 4 0 0 1 7 3 1 4 6 8 8 7 6 9 9 7 7 7 9 6 6 9 7 7 7 11 8 8 11 4 0 6 4 6 9 6 3 7 0 8 4 1 0 3 4 3 8 6 9 6 9 3 4 6
split_gain=12.6278 34.7659 23.4878 38.1109 21.6334 16.9696 25.2396 17.7476 40.8971 33.8777 54.9158 34.7783 51.5404 104.419 90.9521 77.7502 115.983 66.5901 63.4582 62.9312 45.9244 44.4526 41.3493 57.2213 31.1575 46.5178 49.3358 31.937 31.0691 30.8056 65.5749 30.2447 53.74 44.6722 36.2711 29.6259 27.481 51.8691 35.9419 28.9923 27.3669 30.7659 27.2574 33.2004 27.0965 31.6318 28.2871 38.5895 37.8283 29.8501 28.1715 63.2768 51.1419 25.6083 25.8332 25.3575 25.0104 25.0052 24.7679 24.1507 38.6059 32.8251 23.745
threshold=40.500000000000007 159.50000000000003 11.500000000000002 8.5000000000000018 155.50000000000003 109.50000000000001 9.5000000000000018 61.500000000000007 17.500000000000004 256.50000000000006 7.5000000000000009 8.5000000000000018 4.5000000000000009 317.50000000000006 6.5000000000000009 3.5000000000000004 669.50000000000011 301.50000000000006 0.85824804301739877 0.83028932750521267 267.50000000000006 304.50000000000006 0.83509183109032337 0.78652607420230658 235.50000000000003 195.50000000000003 222.50000000000003 0.87557902611684479 112.50000000000001 311.50000000000006 0.8105164617161551 230.50000000000003 295.50000000000006 69.500000000000014 0.86801676483914825 0.83028932750521267 0.90127320420397428 0.92364692841029472 176.00000000000003 3.5000000000000004 70.500000000000014 258.50000000000006 161.50000000000003 0.842470519626908 10.500000000000002 17.500000000000004 40.500000000000007 1.5000000000000002 0.82113268084446045 258.50000000000006 4.5000000000000009 7.5000000000000009 10.500000000000002 220.50000000000003 13.500000000000002 0.80652984726770349 31.500000000000004 0.85898181681714003 421.50000000000006 0.77622320405825573 8.5000000000000018 1563.5000000000002 172.50000000000003
decision_type=2 2 2 2 2 2 2 2 2 2 2 2 2 2 2 2 2 2 2 2 2 2 2 2 2 2 2 2 2 2 2 2 2 2 2 2 2 2 2 2 2 2 2 2 2 2 2 2 2 2 2 2 2 2 2 2 2 2 2 2 2 2 2
left_child=1 2 3 4 -1 6 -2 8 -7 10 -9 35 15 17 -15 31 -17 19 20 -14 22 -19 23 -18 25 27 -27 -21 -24 -23 -31 33 -33 42 -34 44 37 40 -39 -38 -10 -42 -13 -44 45 -11 -46 48 49 -48 -49 -52 -53 54 55 -12 -51 -45 -55 60 -37 -62 -20
right_child=5 -3 -4 -5 -6 7 -8 9 36 11 53 12 13 14 -16 16 18 21 62 24 -22 29 28 -25 -26 26 -28 -29 -30 30 -32 32 34 -35 -36 59 39 38 -40 -41 41 -43 43 57 46 -47 47 50 -50 56 51 52 -54 58 -56 -57 -58 -59 -60 -61 61 -63 -64
leaf_value=-0.032869006453309833 -0.010645026561720766 -0.24577029730026057 1.927773991489537e-05 -0.12700651206413396 0.027329866273962784 4.0816028112956391e-05 0.0134935496654722 0.0084040822409880145 -0.0041211229856917709 -0.00019415059846577526 0.044391400931789345 0.0022280971022311745 0.042750717800254502 0.055618206528007211 -0.11893248570707345 0.0077768546475552739 -0.10224331177743481 -0.16315645370248305 0.017603321946647887 0.018744442229171786 0.035039601963735789 0.038436088280018238 -0.057810034428890315 -0.010504983674521495 0.04371179708792005 -0.091425250425392235 0.012054428547856455 -0.0048755953705565533 -0.11361437954079034 0.017146658281218089 -0.091292818688711266 0.051578081347484275 -0.0059489041548599101 -0.0071380903250516398 0.064457725339350097 -0.021817277495576191 -0.022121765684043459 0.027676089438377061 -0.088066622732661817 0.050949652610921312 -0.018906475978416132 -0.12715806168189628 0.01197318403260492 0.073313678881716318 -0.0005261785678532659 0.023754736511882476 -0.14147083756790974 -0.0055854136955217253 -0.038097177880463413 -0.0098153681358836859 -0.010049880599443643 -0.0010816124879224562 -0.053570837401452534 0.0025444235185078934 -0.029358645015883034 -0.012267254769255222 0.018843563693804147 0.019196701071413289 -0.15719298255806291 -3.6317698719713379e-05 0.016920485455516804 0.074921544994457884 -0.0688032767394582
leaf_weight=820.76330747827888 1720.126827377826 19.27704943343997 2816.6657795533538 112.69972166605294 239.06525704823434 34389.273015409708 6134.1833952162415 32409.373779393733 7782.7772984914482 8025.1318054776639 319.19463042914867 4060.763884649612 2701.2814589869231 128.76074310019612 329.48337562382221 3054.467418753542 285.65721637010574 70.785342745482922 651.12958461418748 7103.9021454015747 170.24225077405572 224.12049536406994 735.9870366808027 805.3823081292212 922.71711333096027 281.43726456537843 290.25966926291585 2366.8507515639067 533.85529683530331 348.36029458418489 343.4626629948616 1156.7481442224234 1673.1150475051254 7556.4619430825114 262.53358069434762 710.67802536487579 275.12464170902967 102.54361933283508 441.27706780843437 434.10657841339707 5105.7403164096177 82.743508916348219 2401.5449497196823 595.32510200887918 29331.191019453108 2173.7125487737358 39.698970355093479 22866.25195991993 546.17023796215653 1250.4939529560506 13142.513003796339 798.1684098765254 2065.339346177876 4322.7779446803033 2410.4170708674937 1053.5883634332567 3858.0221014097333 476.93693698756397 30.315301917493343 305450.11017510295 2399.8730241004378 346.27416587620974 116.24319064244628
leaf_count=10323 22696 177 29373 1704 3141 344614 62530 268814 54810 57272 3240 47161 23798 2316 1956 25845 1586 530 6545 68895 1608 1738 5998 5303 10195 2318 2333 33060 3674 2570 2434 10020 15875 79204 4131 6642 4347 1702 5190 8105 31660 618 18191 6142 175835 12227 219 153574 3589 8542 89097 7182 11052 36839 16523 12785 25254 6660 223 2615440 15138 2099 881
internal_value=7.78324e-06 -0.00983943 -0.00869934 -0.0296433 -0.01929 8.23063e-05 0.0082071 -3.99883e-05 -0.00324427 0.000289202 0.00515673 -0.000166956 0.0048041 0.0128949 -0.069886 -0.000178852 -0.0169503 0.0154837 -0.0398481 0.0186737 -0.0532976 -0.0286981 -0.0596676 -0.034524 0.0127423 0.00989672 -0.038887 0.0128415 -0.0812708 -0.018307 -0.0366892 0.00568079 0.021547 0.00242954 0.0036004 -0.000668457 -0.0111864 -0.0129596 -0.066242 0.0226038 -0.0107258 -0.0206328 0.012025 0.0234772 -0.00359893 0.00491015 -0.00477329 -0.00756849 0.00597098 0.0106461 -0.00955188 -0.0152184 -0.0389401 -0.00777849 -0.0183764 0.000906815 0.0118283 0.0492427 0.001432 0.000129334 0.0147665 0.0242341 0.00451427
internal_weight=533673 4008.47 3989.19 1172.53 1059.83 529665 7854.31 521811 48613.6 473197 40545.7 432651 39647.8 15111.4 458.244 24536.4 6352.96 14653.2 3298.5 13666.4 2531.12 986.729 2360.88 1091.04 10965.2 10042.4 571.697 9470.75 1269.84 915.943 691.823 18183.4 3092.4 15091 1935.65 393004 14224.3 13515.1 543.821 709.231 12971.3 5188.48 7534.57 3473.81 84096.7 10198.8 73897.8 44566.7 5694.39 5148.22 38872.3 16006 2863.51 8136.29 3783.2 1372.78 5108.52 1072.26 4353.09 308907 3456.83 2746.15 767.373
internal_count=4493543 44718 44541 15168 13464 4448825 85226 4363599 451046 3912553 338424 3574129 390967 152143 4272 238824 51440 147871 25595 140599 18169 7272 16561 6889 116801 106606 4651 101955 9672 6742 5004 187384 30026 157358 20006 3183162 106432 93980 6892 12452 87088 32278 78154 30993 543843 69499 474344 298509 37604 34015 260905 107331 18234 69610 32548 16025 33796 12802 37062 2639319 23879 17237 7426
is_linear=0
shrinkage=0.176106


Tree=52
num_leaves=64
num_cat=0
split_feature=11 0 11 7 2 0 7 7 1 7 0 2 0 9 11 2 1 1 2 8 0 9 0 2 9 6 9 0 8 0 1 8 8 7 9 1 11 8 4 0 4 6 0 7 1 11 6 9 2 11 2 4 1 9 8 8 1 12 9 0 0 8 8
split_gain=12.5873 15.5134 14.1913 11.8352 20.0323 38.7574 42.6822 29.3861 22.7156 17.465 52.9124 23.3224 30.1673 16.9717 15.2946 13.8153 13.2411 49.6513 49.0271 45.7786 41.6535 41.9366 30.671 84.2245 71.0274 64.486 58.7335 80.6349 63.4017 52.8495 257.185 82.1374 100.713 78.1929 75.6007 49.1703 48.8566 45.474 49.076 47.0181 112.816 68.0546 45.1678 59.5234 43.5512 41.4964 40.9129 39.2186 36.033 35.1443 48.7228 32.9544 31.8169 31.1064 30.0662 47.9268 29.927 29.5508 34.6065 29.4402 89.4161 71.7072 115.489
threshold=0.97339709565736265 3.5000000000000004 1.0000000180025095e-35 408.50000000000006 825.50000000000011 7.5000000000000009 464.50000000000006 434.00000000000006 1.5000000000000002 394.50000000000006 6.5000000000000009 850.50000000000011 7.5000000000000009 0.73951713166199806 0.78455831567432177 1714.5000000000002 1.5000000000000002 2.5000000000000004 1005.5000000000001 0.90127320420397428 6.5000000000000009 0.76001425473962181 6.5000000000000009 1000.5000000000001 0.88430007122985399 212.50000000000003 0.89691561587611812 7.5000000000000009 0.8806295869237083 5.5000000000000009 6.5000000000000009 0.79865757073970556 0.78730933661789715 183.50000000000003 0.78652607420230658 4.5000000000000009 0.85499847116947503 0.90127320420397428 435.50000000000006 3.5000000000000004 1416.5000000000002 200.50000000000003 4.5000000000000009 235.50000000000003 6.5000000000000009 0.84891065452471282 234.50000000000003 0.90433043409895042 1155.5000000000002 0.85810375586684573 1150.5000000000002 1078.0000000000002 4.5000000000000009 0.88846895294068473 0.80652984726770349 0.79865757073970556 5.5000000000000009 0.88422383259072179 0.79239690530464058 2.5000000000000004 3.5000000000000004 0.8563935865996698 0.85824804301739877
decision_type=2 2 2 2 2 2 2 2 2 2 2 2 2 2 2 2 2 2 2 2 2 2 2 2 2 2 2 2 2 2 2 2 2 2 2 2 2 2 2 2 2 2 2 2 2 2 2 2 2 2 2 2 2 2 2 2 2 2 2 2 2 2 2
left_child=2 -2 -1 9 -5 6 7 -6 -7 16 13 12 14 -11 -12 -10 19 18 -18 20 59 -22 29 24 44 26 27 28 -25 31 33 32 49 34 51 -29 -35 39 -39 41 -41 -33 56 -44 52 53 57 -36 -38 -19 -51 -31 -24 -26 55 -32 -34 58 -27 -4 61 -61 -63
right_child=1 -3 3 4 5 8 -8 -9 15 10 11 -13 -14 -15 -16 -17 17 22 -20 -21 21 -23 23 25 45 46 -28 35 -30 30 54 37 42 36 47 -37 48 38 -40 40 -42 -43 43 -45 -46 -47 -48 -49 -50 50 -52 -53 -54 -55 -56 -57 -58 -59 -60 60 -62 62 -64
leaf_value=-0.20591363866895945 -0.015185041158710021 0.063753720904816513 -0.0057680402555195008 0.00032787895074348403 0.035741870354876686 0.021351713894593196 -0.082400960721665764 0.11221970970905698 -0.049991149765172237 -0.21145703975804803 -0.17593715233805252 -0.089667357279936064 0.030556967729590444 0.0092885755935456955 -0.04843686231319333 -0.1765628713218696 -0.0041257602409012981 0.0050086565268980436 0.0072857011855874051 0.020686703468433456 -0.049964305133154745 -0.0071913149563425684 0.02079313856962885 0.015147872266146858 -0.13970268390062299 0.0064151493521705351 -0.0099348726523531272 0.0062060126770473924 -0.0082308228294183695 -0.028808214907906995 0.025698553693456319 -0.0023065964831194548 -0.00873863309386207 -0.023025303999805732 -0.0093926523917954568 -0.0052463421384176491 -0.090384279173654505 -0.0023934013555774749 -0.031458542029454792 0.0086550743571736401 -0.012888799022110117 0.009645408720282871 -0.054123357931893393 0.034781600645340187 0.037557715005791942 -0.0009954195391328705 -0.0051976505147990262 0.013798619067796777 -0.03549625588200931 -0.070654861502540009 0.00099409076077312916 -0.081797531363577675 0.0046995956543964927 -0.032882944788133694 0.014770376393216645 0.10860308812336394 -0.028561095456071224 -0.067992468967596462 -0.031530279516479451 0.029453131371425322 -0.0023757803353819762 -0.056873740921739163 0.019634216444420437
leaf_weight=10.364885371178387 122.66870626248419 208.35160009562969 16282.928856177256 2423.583840303123 880.55097767710686 99.410148039460182 82.212080210447311 189.32060412690043 79.632814586162567 10.910759590566157 34.7413245216012 322.67848537862301 167.966402977705 1080.3462214916945 182.23755885288119 40.269034422934055 14859.629880579188 10667.162559606135 54503.681046223268 2666.337110189721 730.83709686249495 26051.658374350518 7931.5394543595612 22696.710343927145 98.73668984696269 1079.2772766686976 11205.284926228225 19610.121249595657 4275.2391749471426 2863.3830447271466 982.0582703910768 96192.987979281694 6491.7162622138858 3955.5305420868099 23859.277016419917 28560.531604260206 678.56896759197116 5620.7386031541973 2651.6147064659745 52709.514033194631 8796.3660219628364 17456.2007216122 1970.9065026454628 264.95043241605163 2640.5809901114553 3591.4327073711902 16022.631481572986 2498.2809300646186 818.18761520460248 474.45180818066001 775.41757747158408 416.99592493847013 7331.3567053880543 588.3015735372901 8375.5978795271367 277.32858370989561 3713.2053053155541 444.75612437352538 2409.5378193221986 5977.1928503904492 22776.57272914052 895.24005911871791 1933.3287896364927
leaf_count=105 4472 9422 124338 31087 5958 830 435 1291 691 61 226 2418 1813 10572 1650 304 178622 61534 463815 38414 3702 201379 89059 144726 863 5711 120364 136224 32492 15872 6526 761973 37807 25885 177492 210065 7506 72682 27742 512027 81180 135334 13767 1959 37900 66613 94072 28655 5823 4939 6515 2308 83522 4887 70569 1799 23270 3757 15416 50787 203603 6912 21704
internal_value=0.000170337 0.0345008 0.000149027 0.000153032 0.00995261 0.0269618 0.0398788 0.0492751 -0.0408932 8.27937e-05 -0.01724 -0.0547473 -0.0254757 0.00708149 -0.0688514 -0.0925003 0.000141849 0.000507362 0.00484104 -0.00198729 -0.00279718 -0.0083585 -0.000281616 0.00193347 0.011804 -0.00012617 0.00195902 0.00373264 0.0114422 -0.00140873 -0.00690018 -0.000226708 -0.00983512 -0.0138979 -0.0103323 -0.000584125 -0.03328 0.00104922 -0.0117099 0.00165182 0.00557394 -0.000470802 -0.0209182 -0.0435881 0.0166755 -0.00858107 -0.00914852 -0.00719449 -0.0603803 0.00173505 -0.0262039 -0.0355441 0.0130628 -0.0482344 0.0185851 0.0439549 -0.0159513 -0.0252416 -0.0197917 0.000314593 0.00345062 0.0185209 -0.0045805
internal_weight=533609 331.02 533278 533268 3794.98 1371.4 1152.08 1069.87 219.312 529473 1798.88 707.624 384.945 1091.26 216.979 119.902 527674 450360 69363.3 77314.1 74647.8 26782.5 380996 128486 22181.9 106304 86347.9 75142.6 26971.9 252510 44725.2 207785 24357.8 35090.2 29637.9 48170.7 5452.29 183427 8272.35 175155 61505.9 113649 12440.8 2235.86 17903.5 4278.47 19956.2 26357.6 1496.76 11917 1249.87 3280.38 15262.9 687.038 9634.98 1259.39 10204.9 3933.57 3488.82 47865.3 31582.3 8805.76 2828.57
internal_count=4493446 13894 4479552 4479447 40596 9509 7684 7249 1825 4438851 16740 6107 3689 10633 1876 995 4422111 3771272 642437 650839 612425 205081 3128835 1045671 282844 762827 643871 523507 177218 2083164 342435 1740729 149791 263541 224327 346289 39214 1590938 100424 1490514 593207 897307 76803 15726 210481 72363 118956 206147 13329 72988 11454 18180 172581 5750 78894 8325 61077 24884 21127 407344 283006 79403 28616
is_linear=0
shrinkage=0.176106


Tree=53
num_leaves=64
num_cat=0
split_feature=7 6 0 10 10 0 10 10 0 7 3 5 5 10 0 10 0 10 0 1 1 3 1 3 0 10 5 11 1 10 1 10 7 0 5 5 1 5 11 3 9 3 3 1 6 9 0 6 6 9 10 5 10 3 7 3 10 7 1 6 9 9 5
split_gain=11.1611 14.9604 34.2071 42.2322 75.4052 54.1929 45.7365 48.195 76.949 71.409 39.7593 32.8551 32.8 31.955 41.3161 40.1431 30.5615 30.3807 58.3958 68.7167 47.4443 43.8065 43.2987 34.8944 29.9765 32.3732 35.6039 27.9494 27.2043 28.7617 26.7236 25.7405 38.2269 28.5733 28.2122 24.446 24.0171 23.4418 23.0235 36.607 25.4337 28.7432 40.5893 32.6055 32.451 28.5667 36.2041 27.2451 42.805 34.3864 29.7622 29.6006 28.2415 26.1935 27.5382 28.3852 24.4269 23.211 22.9948 22.5961 22.4975 64.8218 22.4632
threshold=70.500000000000014 30.500000000000004 4.5000000000000009 0.88047417976671827 0.88843301523498797 6.5000000000000009 0.87396825112711551 0.86501369002994422 7.5000000000000009 159.50000000000003 12.500000000000002 219.50000000000003 391.50000000000006 0.83774435801711344 8.5000000000000018 0.85319414781819847 5.5000000000000009 0.87272533060623958 5.5000000000000009 4.5000000000000009 1.5000000000000002 9.5000000000000018 6.5000000000000009 11.500000000000002 8.5000000000000018 0.87548534829699032 229.50000000000003 0.79242675446424393 2.5000000000000004 0.91278690735642409 2.5000000000000004 0.80108121797144727 195.50000000000003 3.5000000000000004 145.50000000000003 262.50000000000006 3.5000000000000004 54.500000000000007 0.71472257633703651 8.5000000000000018 0.83305629480984378 9.5000000000000018 15.500000000000002 4.5000000000000009 206.50000000000003 0.81900813221307578 1.5000000000000002 145.50000000000003 139.50000000000003 0.88727353044277513 0.88843301523498797 107.50000000000001 0.88047417976671827 8.5000000000000018 167.50000000000003 9.5000000000000018 0.82495611632445209 118.50000000000001 6.5000000000000009 74.500000000000014 0.89327349788539634 0.89127477498379648 180.50000000000003
decision_type=2 2 2 2 2 2 2 2 2 2 2 2 2 2 2 2 2 2 2 2 2 2 2 2 2 2 2 2 2 2 2 2 2 2 2 2 2 2 2 2 2 2 2 2 2 2 2 2 2 2 2 2 2 2 2 2 2 2 2 2 2 2 2
left_child=-1 -2 31 6 -5 11 7 8 -4 12 -11 36 13 -10 15 -15 28 21 20 -20 -19 -9 30 35 25 26 -8 -18 -13 -30 -22 32 -3 -34 -35 60 -6 -38 39 -33 41 -40 45 44 56 46 -43 48 49 -42 -50 52 -49 -54 -55 -56 -44 -45 -52 -41 61 -23 -7
right_child=1 2 3 4 5 62 24 17 9 10 -12 16 -14 14 -16 -17 27 18 19 -21 22 23 -24 -25 -26 -27 -28 -29 29 -31 -32 38 33 34 -36 -37 37 -39 40 59 47 42 43 57 -46 -47 -48 51 50 -51 58 -53 53 54 55 -57 -58 -59 -60 -61 -62 -63 -64
leaf_value=0.00096652003829419898 0.0013198994777090499 0.019780840375624314 -0.00055483217938427187 0.022301649088893934 0.012842701960848435 -0.0021888828429878007 -0.028383080459909088 0.039069762668936171 -0.030311736414457498 0.011998918429372429 -0.010921941092174127 -0.0022978315250488175 -0.29023883663010297 -0.035423421333245053 -0.00083889500314675845 -0.0066194805570547891 -0.07216532589579383 -0.16179490404507493 -0.014586663101388442 0.03368159520449808 0.076413082632282886 -0.035024218973254813 -0.14921683342690076 0.011929374391731544 0.0057737744954999386 -0.0054810158180142671 0.028971643808949253 0.0029190615550197217 -0.094422412776210829 0.045116065585894122 -0.030268720833407585 -0.10347364973388727 0.0007165919050541199 -0.15963256714844098 0.011795708107121512 0.056886478159525904 -0.10464347958980499 -0.015105321330567814 -0.004739462335620683 -0.056891153998735698 -0.0059134976621561305 0.030753132112454531 -0.024587012637407826 0.0002007476311655644 -0.027438418143387499 0.030701805343286322 0.002972002833663934 0.0013664257575858429 -0.025437094398706107 0.006924017359538525 -0.078003662436955001 0.011872908934137638 0.036617236283586312 -0.039649540846573045 -0.351030355187328 -0.10285538915595634 0.0065294834270025782 0.026738270344695801 -0.2609551467157557 0.019596477074217057 0.012178178448455337 -0.2283441935239269 0.017489519413643621
leaf_weight=263201.34651058167 83200.476248646155 3809.3297950252891 40641.595871258527 5149.6150572709739 1130.8888487089425 4246.3952905982733 6664.4771500602365 1639.7489674370736 5721.7176385503262 4224.3297170195729 5281.5554569773376 169.38112432137132 13.912569694221018 3551.153761671856 4358.4839137643576 2598.670986527577 203.63133972883224 99.987370174378157 2327.5864261817187 1506.9380604811013 85.038192581385374 458.85835462808609 85.201291974633932 5111.3906600363553 1872.0632154792547 3899.5235926508904 353.47106515988708 627.70602117292583 534.14856781437993 50.109417982399464 506.93831703439355 166.49691545963287 194.42979225888848 92.458319894969463 43.914026148617268 94.342610336840153 95.621728299185634 1755.6565167624503 7100.8194606918842 189.30761951953173 26573.901900814846 1971.5206104665995 974.90957450121641 2118.132018212229 1764.5799842402339 2949.4354161955416 5550.9800384864211 1235.7152247037739 1052.9328263439238 8554.0966877471656 140.72838393226266 7270.9753779917955 96.812449080869555 343.81637003645301 16.853691324591637 94.077277280390263 3962.6379392705858 1975.522800154984 25.107616879045963 326.169771656394 197.16223559901118 60.935521610081196 3121.5278224814683
leaf_count=2184983 760365 26401 299779 50536 14475 52167 52890 19529 35702 42293 29069 1476 85 25083 42409 19453 1093 991 20090 13950 983 4255 833 36183 21095 34936 2539 4797 4060 373 4945 882 1197 514 288 724 1512 18779 63390 910 230574 15633 5054 12709 11318 22613 41815 11915 8514 99784 1368 64008 1259 3569 237 936 24533 11725 231 1512 2700 629 24796
internal_value=0.000150286 -0.000644701 -0.00151863 -0.0035462 0.00449027 -0.00319479 -0.00504914 -0.00345931 -0.00532707 -0.0128592 -0.000736118 -0.0182673 -0.0199536 -0.0197219 -0.0139558 -0.023252 -0.0387557 0.00672655 -0.0045391 0.00438238 -0.0485576 0.0135965 -0.0318377 0.00654401 -0.0148154 -0.0183459 -0.0254943 -0.0154724 -0.0644394 -0.0824548 -0.0149437 0.00127885 0.0147941 -0.0426298 -0.10443 -0.0273851 -0.00737795 -0.0197301 0.000527324 -0.0316818 0.00082507 0.00496186 0.00820092 0.000623749 -0.0069401 0.0160124 0.010253 -0.00175955 -0.00391311 -0.00278741 -0.0363587 0.00688173 -0.0134233 -0.0465583 -0.0642657 -0.14056 0.000385589 0.0130073 -0.105703 -0.00849339 -0.0384743 -0.0576872 0.00614816
internal_weight=533437 270236 187035 108440 17084.7 11935.1 91355.1 78565.5 66391.4 25749.8 9505.89 4567.14 16243.9 16230 10508.3 6149.82 1584.98 12174.1 4611.69 3834.52 777.165 7562.44 677.178 5922.69 12789.5 10917.5 7017.95 831.337 753.639 584.258 591.977 78595.7 4140.13 330.802 136.372 811.299 2982.17 1851.28 74455.5 681.974 73773.6 28368.5 21267.7 10795.8 6702.13 10471.9 7522.5 45405 36346.8 35128 1218.77 9058.25 1787.28 551.56 454.747 110.931 4937.55 4093.65 165.836 515.477 716.956 519.794 7367.92
internal_count=4493446 2308463 1548098 885209 174064 123528 711145 599685 493873 194094 71362 46565 122732 122647 86945 44536 11799 105812 41792 34040 7752 64020 6761 44491 111460 90365 55429 5890 5909 4433 5928 662889 28400 1999 802 8308 34766 20291 634489 3304 631185 208790 145400 65339 40905 80061 57448 422395 340471 330358 10113 81924 17916 6001 4742 1173 29587 24434 1599 2422 7584 4884 76963
is_linear=0
shrinkage=0.176106


Tree=54
num_leaves=64
num_cat=0
split_feature=7 1 5 7 0 0 7 0 0 3 6 1 3 11 7 8 8 5 7 7 1 0 5 3 5 10 0 3 10 10 10 1 3 10 7 3 3 10 0 11 10 11 5 5 5 0 0 7 11 10 10 5 5 3 10 0 5 5 0 6 3 5 6
split_gain=11.7224 11.7177 11.5522 11.3396 12.3093 19.0367 11.035 23.4672 36.0206 31.1576 16.984 12.2798 15.4195 12.1956 11.7979 16.3678 52.2925 61.0131 42.9754 32.0147 38.8947 28.3139 27.9682 29.1736 26.3316 25.9694 33.217 23.733 43.1414 34.0219 23.6243 23.0697 26.0628 21.6528 21.6196 24.0857 21.2243 20.4247 19.7295 19.3413 36.3969 31.1822 24.1743 19.9529 31.2692 19.1599 17.9387 17.6142 17.5083 18.0816 32.0991 38.1478 31.8873 32.3822 28.5935 110.68 49.4501 24.2687 22.2199 22.0682 18.7296 63.0752 20.1036
threshold=470.50000000000006 3.5000000000000004 198.50000000000003 464.50000000000006 4.5000000000000009 7.5000000000000009 408.50000000000006 2.5000000000000004 7.5000000000000009 8.5000000000000018 222.50000000000003 3.5000000000000004 16.500000000000004 1.0000000180025095e-35 76.500000000000014 0.86628032038578417 0.85824804301739877 156.50000000000003 121.50000000000001 115.50000000000001 2.5000000000000004 5.5000000000000009 99.500000000000014 7.5000000000000009 254.50000000000003 0.86501369002994422 7.5000000000000009 10.500000000000002 0.85417600067627553 0.85417600067627553 0.86422021755895906 4.5000000000000009 18.500000000000004 0.86751522806253079 343.50000000000006 6.5000000000000009 11.500000000000002 0.89433885133650681 7.5000000000000009 0.89693882963440996 0.84807002284021105 0.81910254968893337 113.50000000000001 105.50000000000001 135.50000000000003 6.5000000000000009 2.5000000000000004 130.50000000000003 0.94036661208422245 0.89433885133650681 0.91278690735642409 68.500000000000014 190.50000000000003 7.5000000000000009 0.88031900387626039 5.5000000000000009 170.50000000000003 54.500000000000007 5.5000000000000009 87.500000000000014 15.500000000000002 168.50000000000003 96.500000000000014
decision_type=2 2 2 2 2 2 2 2 2 2 2 2 2 2 2 2 2 2 2 2 2 2 2 2 2 2 2 2 2 2 2 2 2 2 2 2 2 2 2 2 2 2 2 2 2 2 2 2 2 2 2 2 2 2 2 2 2 2 2 2 2 2 2
left_child=3 -2 -3 6 -5 -6 13 11 9 -9 -11 12 -8 -1 -15 16 48 18 37 20 36 31 23 -22 39 30 33 28 -25 -29 46 32 34 -27 -21 -36 -17 -18 -20 40 42 -42 -23 -41 -45 -38 -24 -34 49 54 52 57 53 -51 60 56 -56 -52 -53 -54 62 -62 -16
right_child=1 2 -4 4 5 -7 7 8 -10 10 -12 -13 -14 14 15 19 17 -19 38 21 22 24 25 27 -26 26 -28 29 -30 -31 -32 -33 47 -35 35 -37 45 -39 -40 43 41 -43 -44 44 -46 -47 -48 -49 -50 50 51 58 59 -55 55 -57 -58 -59 -60 -61 61 -63 -64
leaf_value=-0.20085011338454195 0.053321471745450079 -0.011040143559461962 0.088194871224937965 0.015880543417920428 -0.063977566503607322 0.033242434872470618 -0.027219843377243553 0.01130239606171384 -0.018495544725343909 0.069832643177279871 -0.02647648129291362 -0.037153504318511513 0.084995963141314204 0.00075939303825404872 0.0013947550945094915 -0.006393252750689575 -0.020882952826457753 0.0061028236500411254 -0.06348855534533869 -0.0099181687240265971 0.034929189241057694 0.02398424503480908 0.013458180954831003 -0.068834866226298225 0.03723022251114997 0.038611290271549567 0.045323376104585464 0.014577784963457366 -0.0060083192028001211 -0.020375923576974278 -0.18397174491519108 0.0084118435730814924 -0.021187417783759148 -0.005131484790742393 -0.054181843795596367 0.04070046260561988 0.027951761893551464 -0.11160813435137494 -0.13735916298738729 0.0080487374253589809 0.082775162714221598 0.021937453768227616 -0.0041656473911403915 -0.047162308347274473 0.0053630978514125453 0.00094062034753768817 -0.015401719560953177 0.048755901254470949 0.014221139744533397 0.037494481027147787 -0.025291944155676302 0.03701622605297495 -0.020760142108110186 -0.032421990770305477 0.014111292821197359 0.03411684117593803 -0.025873165750166811 -0.37297464265013003 -0.0036576605091575547 0.0036050820190066434 -0.0066448117669397535 0.0087593220390945834 -0.003525607414276224
leaf_weight=9.3782286252826434 255.23867901600897 268.67168305628002 42.080336604267359 154.93241639062762 292.31894889846444 79.438887476921082 87.98056698590517 878.84108383394778 564.94219406321645 633.0276594273746 62.384183675050735 402.17962171137333 66.817776571959257 280593.50148787349 79929.291012564674 1729.7579638967291 1390.6027059070766 1337.5121243856847 454.74047621712089 8155.21496620588 330.62679868005216 1296.9882803037763 852.20743586681783 724.22629600390792 1121.3050693459809 417.63626174628735 688.68354597967118 1078.1811525784433 637.20598535239697 4339.7240234073251 24.122879032045603 6676.4589442741126 150.17360410839319 2198.0833414653316 99.636141959577799 496.14689047634602 2109.8850786611438 81.465731214731932 148.82882787659764 2708.0037808604538 281.18567940965295 3691.4513161163777 3497.514081357047 626.25395414605737 801.19594334159046 1326.4698564130813 3089.560354879126 435.48464722558856 2244.9703318383545 221.2750935498625 12.184974744915964 828.74415203370154 1756.3560049645603 2871.9601187221706 1606.1446614302695 3222.375864457339 2381.7270568609238 12.732311915606259 837.48348404839635 3355.1646322011948 48765.843586813658 9921.1122185587883 37995.186290182173
leaf_count=110 4103 3524 581 1792 3112 1324 831 10662 6715 4467 388 2811 414 2332810 720811 23969 12392 11793 4656 89822 7268 9893 7707 4801 11352 4075 7981 8312 9674 39536 213 72130 1419 24012 1493 4868 22280 798 1677 44543 2098 35308 26214 9655 12281 12128 28247 4175 42974 3408 173 8752 13576 27045 17848 28971 17251 160 7847 23831 288860 61337 300922
internal_value=3.14304e-05 0.0253623 0.00239772 4.52084e-06 -0.025823 -0.0432032 3.00781e-05 0.011268 0.0196515 0.0333411 0.0611929 -0.0209307 0.0212174 -2.71377e-05 -2.35812e-05 -0.000906045 -0.00161814 -0.0232288 -0.0421297 0.0019573 -0.00358994 0.00556713 -0.00829848 -0.016152 0.0113448 -0.000618105 0.0109126 -0.0186433 -0.0394295 -0.01342 -0.0102255 0.000507217 -0.00514523 0.00185266 -0.00755227 0.0248328 0.00951662 -0.0259038 -0.0817037 0.00909518 0.0137781 0.0262436 0.00344934 -0.000832479 -0.017681 0.0175252 -0.00916223 0.0308211 -0.00124174 -0.00142094 -0.00875392 0.0133381 -0.0133075 -0.0274205 -0.00102617 0.00984422 -0.00976913 -0.202952 0.0165726 -0.00476699 -0.00146996 -0.00404072 -0.000190582
internal_weight=533351 565.991 310.752 532785 526.69 371.758 532258 2696.17 2139.2 1574.25 695.412 556.978 154.798 529562 529553 248959 199376 3413.15 2075.64 49583.4 19546.4 30037 14380.3 7109.96 14023.9 7270.29 3304.4 6779.34 1361.43 5417.91 3965.89 16013.1 9336.66 2615.72 8751 595.783 5166.11 1472.07 603.569 12902.6 8767.14 3972.64 4794.5 4135.45 1427.45 3436.35 3941.77 585.658 195963 193718 9895.9 1691.14 8204.76 3093.24 183822 7210.25 3987.87 24.9173 1666.23 5111.52 176611 58687 117924
internal_count=4494180 8208 4105 4485972 6228 4436 4479744 26288 22232 15517 4855 4056 1245 4453456 4453346 2120536 1595082 31316 19523 525454 200203 325251 141826 69591 151344 72235 36068 62323 14475 47848 36167 173907 101777 28087 96183 6361 58377 13190 6333 139992 73513 37406 36107 66479 21936 34408 35954 5594 1563766 1520792 84792 16932 67860 30453 1436000 64070 35099 333 16599 37407 1371930 350197 1021733
is_linear=0
shrinkage=0.176106


Tree=55
num_leaves=64
num_cat=0
split_feature=4 5 2 5 2 10 8 5 10 2 9 5 11 4 4 10 2 8 0 10 10 2 11 8 11 5 10 4 9 2 10 10 11 2 8 9 11 10 10 8 10 2 0 2 5 9 2 9 0 8 8 8 8 4 9 10 0 2 8 5 0 2 11
split_gain=13.2557 29.2007 28.7909 26.9955 33.8207 43.6299 28.1561 36.5855 68.5391 43.9415 25.0845 23.7181 62.2128 21.1663 21.1195 20.5373 19.8719 26.0538 19.1963 83.3471 56.0428 29.5131 29.8536 29.8278 28.8073 22.3667 28.8321 22.5084 37.6225 35.293 35.0384 51.0393 34.4335 33.1827 28.626 22.9512 22.5048 23.111 22.1004 21.4441 30.3735 53.3414 55.0073 38.3581 52.9035 36.4267 29.9117 34.9545 29.1147 89.7371 76.4698 155.082 56.162 91.7021 55.8234 54.6983 56.4702 51.5449 127.645 57.5462 49.233 47.3231 46.2323
threshold=227.50000000000003 67.500000000000014 700.50000000000011 59.500000000000007 1630.5000000000002 0.7811013737138327 0.90127320420397428 74.500000000000014 0.93757408028625744 629.50000000000011 0.83934877204472325 78.500000000000014 0.85409036675831318 200.50000000000003 141.00000000000003 0.77328347585487867 657.50000000000011 0.78730933661789715 8.5000000000000018 0.77564160435723117 0.77540682828143503 1955.5000000000002 0.86217703302312809 0.78730933661789715 0.79533127841086004 305.50000000000006 0.80108121797144727 669.50000000000011 0.80443753362022608 650.50000000000011 0.8356817427096267 0.82137667740611919 0.79972182243062984 1210.5000000000002 0.84496713270957635 0.79239690530464058 0.83787574715040325 0.80448449448564741 0.80155467498908761 0.83028932750521267 0.78845615533001057 1115.5000000000002 3.5000000000000004 1815.5000000000002 214.50000000000003 0.82893983032068841 1205.5000000000002 0.83509183109032337 3.5000000000000004 0.83526014591826703 0.85154788907268331 0.85370962442027898 0.8563935865996698 1595.0000000000002 0.8105164617161551 0.87324711660086407 2.5000000000000004 1025.5000000000002 0.83526014591826703 108.50000000000001 4.5000000000000009 1020.5000000000001 0.74317300411747722
decision_type=2 2 2 2 2 2 2 2 2 2 2 2 2 2 2 2 2 2 2 2 2 2 2 2 2 2 2 2 2 2 2 2 2 2 2 2 2 2 2 2 2 2 2 2 2 2 2 2 2 2 2 2 2 2 2 2 2 2 2 2 2 2 2
left_child=3 2 -2 13 6 10 -5 -8 9 -9 -6 14 -13 -1 -7 -15 -17 -18 39 20 -20 22 25 -23 -22 27 -27 36 29 -29 31 38 -33 34 -31 -35 37 -21 -30 -3 41 -41 -43 44 45 -44 -47 -48 50 -50 57 55 53 61 60 -52 -57 58 59 -42 -51 -53 -54
right_child=1 18 -4 4 5 11 7 8 -10 -11 -12 12 -14 15 -16 16 17 -19 19 21 24 23 -24 -25 -26 26 -28 28 30 33 -32 32 -34 35 -36 -37 -38 -39 -40 40 48 42 43 -45 -46 46 47 -49 49 54 51 52 62 -55 -56 56 -58 -59 -60 -61 -62 -63 -64
leaf_value=0.00060528567299821326 0.026330045599080306 -0.0027842871083982286 -0.0069969356887336163 0.012868601251815869 -0.017557877867736993 0.043734948763670893 -0.0066124760759030442 -0.13788275954394752 0.01859358954440506 -0.86968258245268104 -0.074321589378178426 -0.0028730130050483287 -0.15578881438674871 0.18680996588376203 0.0031417109861442841 0.041780022900912601 -0.1194399608789891 -0.013709642061391428 0.025644334647855871 -0.015294161326201502 -0.031915359665113961 0.098797609483151957 0.012070916697122879 0.017799889702850059 -0.086972479556509538 0.1144829035426982 0.016380234948191231 0.12257374038656137 -0.020113700521133131 -0.013214166100945616 0.0088136959033671552 0.0073101415073086578 -0.046964941152911312 0.00093046458656187328 -0.086587085877651168 -0.046663713001492753 -0.0089958506698556116 0.013010066911846066 0.017634383119081144 0.028964159411013327 -0.033371216656597424 0.020053036682610752 -0.0050470221794453041 0.015484882521787114 0.026170007690963282 0.033106499550785061 -0.11292006476767032 -0.035512155654786146 0.017648772766182087 0.03128899710317453 0.008637874810881194 0.004968558381236339 -0.056320074917685772 0.029921198630274169 -0.00069790389032992485 0.017452575993438257 0.054872007037025279 -0.0044693211049004556 -0.010881566072544851 -0.10135632282472212 0.0057469178450213834 -0.073846289162109419 -0.0020389267075625532
leaf_weight=36045.646367425099 829.63961283676326 86826.574805315584 25933.257815057412 17597.670439949259 1373.4844234995544 413.00263889878988 1930.1757030449808 4.3596118688583374 15.442256662994623 6.1127926111221313 292.93844850547612 400.29209814965725 103.93886589445174 16.010424559935927 10583.409056158736 196.21490285918117 73.561628017574549 4151.1182321738452 457.17958341725171 1016.2643411643803 1399.8560419008136 147.32843473553658 10244.435083794408 3283.7620024662465 373.33483120799065 104.44212704896927 841.50924442335963 48.140741147100925 710.6214887611568 254.87390317767859 5093.7899640761316 480.33941081166267 1477.9494073987007 974.36327924951911 467.18072968348861 463.80719348043203 2638.5712112467736 7477.9258355870843 1488.7452601529658 3052.1901574023068 822.08454875648022 3689.6525305658579 2113.2773149833083 1836.5217907764018 850.64913357049227 174.536202467978 199.44685173034668 1947.4721873067319 9896.3529979716986 2748.5069584921002 12954.910444241017 301.3040501140058 491.64032430946827 518.10445838049054 153536.18783317041 3980.8966410513967 1823.7839426789433 31074.659263696522 9698.3654770776629 728.14859103038907 15763.226385485381 1094.6389920711517 47740.216240463778
leaf_count=354142 17472 559427 234366 158642 6345 2900 28460 97 152 115 1328 2200 729 106 75522 3513 452 37977 3002 6863 7069 1161 150992 29441 2094 813 6880 629 5102 1807 45953 3189 12588 5808 4095 2518 28264 58458 11974 28982 6531 22341 11180 10406 4833 1520 932 10641 78919 24474 109457 2617 2585 3957 1383730 36416 19618 222554 86101 4695 102159 6887 440000
internal_value=3.17788e-05 -0.000318452 -0.00596381 0.00223292 0.00599456 -0.000905063 0.0106406 -0.00940315 -0.217258 -0.565038 -0.0275363 0.00295376 -0.0343941 -0.000807505 0.00466631 -0.0122851 -0.0130061 -0.0155507 3.02293e-05 0.00373418 -0.0293327 0.005716 0.00413549 0.0212779 -0.0435073 0.000681834 0.0272117 -0.000428972 -0.00590767 -0.0265605 -0.000977735 -0.0129738 -0.0336521 -0.029884 -0.0606876 -0.0144186 0.00521068 0.00962368 0.00543787 -0.000340712 0.000350303 0.00840499 0.00260098 -0.00644043 -0.0140589 -0.0217754 -0.0370036 -0.0427033 -3.05918e-05 0.00134158 -0.00227515 0.00134374 -0.00376628 -0.0333511 0.000403576 0.0150032 0.0292095 -0.00816696 -0.0183818 -0.065304 0.00953925 -0.0568347 -0.00259223
internal_weight=533274 460071 26762.9 73203.4 32720.8 13167.1 19553.8 1956.09 25.9147 10.4724 1666.42 11500.6 504.231 40482.6 10996.4 4436.91 4420.89 4224.68 433308 39444.4 2230.37 37214 33783 3431.09 1773.19 23538.5 945.951 22592.6 11459.8 2208.37 9251.45 4157.66 1958.29 2160.23 722.055 1438.17 11132.8 8494.19 2199.37 393863 307037 13863.7 10811.6 7121.9 5285.38 4434.73 2321.46 2146.92 293173 181944 111229 68905.5 50145.9 1914.05 172048 18759.6 5804.68 42323.3 11248.6 1550.23 18511.7 1395.94 48231.9
internal_count=4494180 3821500 251838 672680 276490 89024 187466 28824 364 212 7673 81351 2929 396190 78422 42048 41942 38429 3569662 388700 12165 376535 345933 30602 9163 194941 7693 187248 93663 14857 78806 32853 15777 14228 5902 8326 93585 65321 17076 3180962 2621535 90835 61853 39512 29106 24273 13093 11573 2530700 1589282 941418 621537 456046 13461 1510363 165491 56034 319881 97327 11226 126633 9504 442585
is_linear=0
shrinkage=0.176106


Tree=56
num_leaves=64
num_cat=0
split_feature=2 9 11 6 8 1 6 10 5 10 6 2 9 2 1 6 6 9 2 10 1 8 6 9 6 1 8 9 2 9 9 2 6 2 2 8 8 6 6 5 5 9 8 9 2 6 1 11 2 11 11 6 1 6 8 2 9 6 6 1 5 10 1
split_gain=11.2365 57.6536 49.292 49.6767 47.2419 48.6787 42.2057 44.5392 33.75 35.997 32.882 30.1832 30.1776 28.9319 28.4514 31.7154 30.7169 28.0602 64.5684 61.8186 44.0833 58.1001 42.3907 40.7703 79.9007 60.0113 35.073 35.0609 53.8366 41.9537 65.7128 100.681 86.3257 57.1241 54.3772 55.5528 51.0847 50.6537 50.2406 44.8428 38.3707 44.3977 47.5949 39.2737 41.2569 37.5249 68.7637 36.6672 35.5873 34.6803 33.702 32.9991 32.1975 31.6283 31.0684 39.4601 38.5423 28.2227 31.0209 44.0519 27.8525 31.7041 27.8464
threshold=1735.5000000000002 0.83470148464705207 0.81667025701360474 24.500000000000004 0.85154788907268331 4.5000000000000009 122.50000000000001 0.87324711660086407 143.50000000000003 0.82867770833305843 331.50000000000006 2120.5000000000005 0.85252140628814155 2315.5000000000005 2.5000000000000004 326.50000000000006 344.50000000000006 0.85335723161619847 1025.5000000000002 0.77564160435723117 6.5000000000000009 0.78730933661789715 290.50000000000006 0.85981433926680995 124.50000000000001 3.5000000000000004 0.8806295869237083 0.85004938633680538 1425.5000000000002 0.80970031873537096 0.81300475711592879 1315.5000000000002 271.50000000000006 1355.5000000000002 1515.5000000000002 0.82113268084446045 0.848122963620355 373.50000000000006 163.50000000000003 151.50000000000003 202.50000000000003 0.83470148464705207 0.90127320420397428 0.83666570067506907 1725.5000000000002 311.50000000000006 6.5000000000000009 0.68263815988989207 1479.5000000000002 0.85153377220130089 0.72012961028567279 17.500000000000004 3.5000000000000004 5.5000000000000009 0.848122963620355 1315.5000000000002 0.78316546599407266 230.50000000000003 224.50000000000003 1.5000000000000002 194.50000000000003 0.78265966154239897 4.5000000000000009
decision_type=2 2 2 2 2 2 2 2 2 2 2 2 2 2 2 2 2 2 2 2 2 2 2 2 2 2 2 2 2 2 2 2 2 2 2 2 2 2 2 2 2 2 2 2 2 2 2 2 2 2 2 2 2 2 2 2 2 2 2 2 2 2 2
left_child=17 2 13 -4 5 8 7 -7 11 12 -5 -3 -10 -2 -6 60 -17 18 19 -1 53 -22 23 24 50 -26 -23 29 51 34 31 57 48 45 35 -20 38 54 -36 -40 41 47 43 44 62 46 -34 -32 -33 -45 -19 -29 -50 -21 -37 -56 -57 58 -31 -60 61 -16 -43
right_child=1 4 3 10 14 6 -8 -9 9 -11 -12 -13 -14 -15 15 16 -18 22 27 20 21 26 -24 -25 25 -27 -28 28 -30 30 40 32 33 -35 36 37 -38 -39 39 -41 -42 42 -44 49 -46 -47 -48 -49 52 -51 -52 -53 -54 -55 55 56 -58 -59 59 -61 -62 -63 -64
leaf_value=0.021419097531619385 -0.0014315777732693213 -0.0050771725845363026 0.0094509569161701692 -0.015784696662426323 0.005846339326978831 0.002683856257934809 0.030750546476136228 0.035538516253107784 0.072807754068793876 0.0027645720510042879 0.0057941272279103664 0.029189128251362953 0.020467849765288627 0.097723454866788489 0.078395184288584732 -0.11519070357773564 -0.021597800921129749 -0.11664072423360936 0.0053587054928232181 0.01322810148334524 -0.042859687079720959 0.011278542881726672 -0.071848641510419739 1.6608448907361475e-07 -0.0055563381413441162 -0.068365030133678839 0.069539835946104356 0.0065848024174843664 0.0028836603958816544 0.0056142880423244472 -0.075169495299744482 -0.049254924612960528 -0.054340675087736025 0.0069634161922564348 0.0034483210511819461 0.037083962912211228 0.01455850847522566 -0.061478913273197183 -0.014213446493854694 -0.068700626208354695 0.013804652848663581 -0.0067974378564837727 0.035806515140787469 -0.0049459465295618489 0.067854968878530625 -0.017938543466051161 -0.32256693708050554 0.0065968234126489887 -0.03843877300775661 0.0086772379991413556 -0.00434506099482488 0.045665269923449554 -0.0095802362617278276 -0.0060935962386667354 0.0062999317909246113 -0.022268081334712433 0.040912368779311349 0.022417979917194946 -0.25428903369635519 -0.031016601550731646 0.010458733093879471 -0.0050872101249424496 -0.02737496710226418
leaf_weight=3190.0814790483564 44211.286383051425 12461.992300746962 3310.8289042990655 21360.315632795915 13043.581673430279 6818.2771785203367 4043.9088931772858 1575.3367927726358 469.48663590475917 2987.7422160226852 2440.2414421364665 851.71283181942999 1254.594192430377 91.452441960573196 141.68268045410514 142.64035701006651 457.77322474867105 83.267984360456467 11687.10045941174 2752.9990497734398 602.43089256063104 6158.3164811246097 263.02812610566616 136375.52587306313 804.00277435034513 1141.7703534066677 338.04220743570477 977.45837925747037 4252.2765889111906 2534.7224696725607 170.81498175300658 2015.5381473824382 236.10738442838192 5571.7552081421018 6652.5036809761077 3884.3815175704658 5429.5302166081965 216.87313947826624 3966.2702579945326 531.17531159520149 10176.942204695195 4735.4338344708085 984.35759348422289 15845.49455562979 187.58706058189273 1938.0139236301184 33.897643722593784 40094.019731484354 2041.9326973967254 9137.0912718959153 18057.586929598823 2130.9542419090867 2904.5463121272624 57617.704323415644 4076.391857765615 340.21674208343029 2498.9871068149805 3344.8683021701872 29.829058714210987 337.37922511994839 4212.9124050326645 33357.744455141015 3582.5420920290053
leaf_count=26297 223722 87753 21525 134606 128262 45535 31042 14862 2713 23642 14980 9034 9128 653 926 899 2813 428 73406 26251 5624 69005 1677 1533343 7225 8904 5472 8366 28756 21240 788 13429 1435 34486 33979 28298 32830 1798 19127 2691 71610 35034 8608 107128 1174 13126 205 276970 11058 81750 168622 19507 16629 535437 35536 2392 18878 28334 221 2791 36571 259479 25985
internal_value=8.31141e-05 -0.00118991 -0.00484626 -0.0107607 0.00200145 0.00749586 0.0159708 0.00885011 0.00164822 0.0144574 -0.0135722 -0.00288507 0.0347206 -0.0012269 -0.00125767 -0.00367623 -0.0438327 0.000596548 0.00186474 -0.00253623 -0.00366889 0.00945855 -0.00120959 -0.00109084 -0.0084981 -0.0424122 0.0143102 0.00390326 0.0157606 0.00330211 0.00147885 -0.00734474 -0.0152846 -0.00253622 0.00821738 0.0138164 0.00055004 0.0227887 -0.00627146 -0.0206487 0.00365981 0.00227839 -0.00236049 -0.00348238 -0.0138183 -0.0265078 -0.088015 0.00624995 -0.0295304 3.65753e-05 -0.00486051 0.0333762 -0.0214932 -0.0052125 0.0244809 0.0174019 0.0333416 0.0113924 -0.00131599 -0.0491535 -0.00303691 -0.00473413 -0.0156602
internal_weight=533165 153234 71414.1 27111.4 81819.4 30463.1 12437.5 8393.61 18025.5 4711.82 23800.6 13313.7 1724.08 44302.7 51356.3 38312.8 600.414 379932 223207 70659.6 67469.5 7098.79 156725 156462 20086.6 1945.77 6496.36 152547 7360.69 145186 105903 20988.6 14741.8 7779.77 39283.4 22704 16579.5 11016.9 11149.9 4497.45 84914.3 74737.3 34472.5 33488.1 8505.56 2208.02 270.005 40264.8 6962.02 24982.6 18140.9 3108.41 4946.48 60370.7 10800 6915.6 2839.2 6246.8 2901.93 367.208 37712.3 33499.4 8317.98
internal_count=4493995 1048145 395486 171111 652659 223709 91439 60397 132270 35483 149586 96787 11841 224375 428950 300688 3712 3445850 1725651 668086 641789 80101 1720199 1718522 185179 16129 74477 1057565 56629 1000936 752001 142954 90368 49252 248935 160308 88627 86902 55797 21818 609047 537437 259679 251071 62193 14766 1640 277758 41116 188878 169050 27873 27687 561688 85104 56806 21270 52586 24252 3012 296976 260405 61019
is_linear=0
shrinkage=0.176106


Tree=57
num_leaves=64
num_cat=0
split_feature=2 10 6 1 7 11 6 7 11 1 0 2 6 0 0 6 0 10 9 9 0 6 9 9 9 9 10 0 9 9 2 6 7 11 2 2 1 6 9 11 3 6 2 2 6 2 2 1 10 0 6 7 10 6 10 0 9 1 0 0 0 1 1
split_gain=12.2042 21.449 13.4931 11.3862 9.74646 13.0881 9.44684 9.14289 21.0943 19.7231 42.0541 50.3048 54.3631 47.794 62.3452 76.242 53.1449 45.3169 42.6624 36.6785 37.1768 34.9557 32.6193 37.392 32.5364 57.5226 32.0848 28.7371 34.1521 44.1159 59.5195 64.4943 41.4442 36.5514 34.0829 33.6599 65.8538 43.3991 59.6218 36.2787 33.2468 46.9773 32.1788 31.9675 48.9569 31.7984 31.4761 29.5197 39.0003 29.8936 29.7005 28.6473 29.9931 50.4896 59.9771 46.4776 30.7813 40.7924 70.1655 101.747 60.7561 52.5449 30.2032
threshold=2345.5000000000005 0.88707439259880394 5.5000000000000009 1.5000000000000002 470.50000000000006 0.88518271275280636 24.500000000000004 102.50000000000001 0.95466933535381793 6.5000000000000009 3.5000000000000004 1515.5000000000002 98.500000000000014 6.5000000000000009 7.5000000000000009 152.50000000000003 5.5000000000000009 0.85473329981816248 0.80970031873537096 0.80970031873537096 1.5000000000000002 99.500000000000014 0.78652607420230658 0.77976848407006161 0.8105164617161551 0.86753701908127434 0.85222517922490448 5.5000000000000009 0.842470519626908 0.87395318374103115 1000.5000000000001 106.50000000000001 7.5000000000000009 0.89853188440699705 1805.5000000000002 1779.5000000000002 4.5000000000000009 89.500000000000014 0.81771820045148702 0.79721073355379801 10.500000000000002 304.50000000000006 2140.5000000000005 1410.5000000000002 314.50000000000006 2030.5000000000002 750.50000000000011 4.5000000000000009 0.83912214740981483 4.5000000000000009 152.50000000000003 8.5000000000000018 0.85319414781819847 24.500000000000004 0.84807002284021105 7.5000000000000009 0.86365011283325088 4.5000000000000009 8.5000000000000018 7.5000000000000009 6.5000000000000009 2.5000000000000004 5.5000000000000009
decision_type=2 2 2 2 2 2 2 2 2 2 2 2 2 2 2 2 2 2 2 2 2 2 2 2 2 2 2 2 2 2 2 2 2 2 2 2 2 2 2 2 2 2 2 2 2 2 2 2 2 2 2 2 2 2 2 2 2 2 2 2 2 2 2
left_child=4 2 -2 -3 7 6 -6 9 -9 27 19 12 -12 16 15 -15 17 -13 -16 20 -11 -20 23 -18 -17 -26 -21 28 35 30 -30 -32 45 46 43 40 37 38 -37 -39 41 47 -41 -33 -45 -31 -34 49 -49 -1 -51 -29 53 54 -53 62 57 60 59 -59 61 -55 -54
right_child=1 3 -4 -5 5 -7 -8 8 -10 10 11 13 -14 14 18 24 22 -19 21 26 -22 -23 -24 -25 25 -27 -28 51 29 32 31 34 33 -35 -36 36 -38 39 -40 42 -42 -43 -44 44 -46 -47 -48 48 -50 50 -52 52 55 56 -56 -57 -58 58 -60 -61 -62 -63 -64
leaf_value=-0.0050580086776976568 -0.13184676534948003 -0.2525148343371712 -0.0049004263566884265 -0.076485038583856552 -0.02806663921498747 0.075109402219297183 0.027499118843452842 -0.0010145285871929874 0.026722806637207646 0.038447343209009062 0.022176159934619341 0.0062206814330345089 -0.00076865301983779926 -0.01424193165758143 -0.031851380064711075 -0.030332064614280826 -0.034898638287820048 -0.028838997120197756 -0.009950471691697502 -0.021005722425785175 -0.0044057330774791926 0.01977805363124369 0.014925945220606172 0.089629457266997462 -0.12079283619084934 0.0067653300397647618 -0.0046768162150074375 0.005651545125193236 -0.0042693488724266744 -0.027533478595434799 0.0059835345516472136 0.026218220309240502 0.024908122950820899 0.0096335086169132764 0.033878310710947518 0.023691323442495738 0.0081184350211600184 -0.0064267769420913723 -0.011781835959926221 -0.022965903096334016 0.005872596471803211 0.019901138631732245 -0.074782924038168427 0.011497428430419723 -0.047689861511397084 0.0268936029664439 -0.0046871110320643901 -0.029604467579745705 -0.00082850629765312232 0.035920138511046452 -0.0091515813192852898 0.0031665963967463678 -0.0057167552908058512 0.02795417925896156 0.049383275634383744 0.0073700416867697174 -0.014143539234775029 -0.0036027180668702567 0.013975912152644021 -0.035869106806587829 -0.0045965031125880934 -0.00063310165385727134 0.012561996339557685
leaf_weight=9730.9405552074313 27.241566635668278 13.22427339106798 554.99597180262208 82.435617014765739 141.40637916326523 119.48809915408492 288.46304017305374 190613.40719748288 854.13942072633654 892.94315520301461 5874.1648492179811 3072.2530347723514 7041.1778732053936 2117.7324424069375 1274.0554772205651 372.033656463027 93.313521981239319 1821.1723669543862 2556.9993663281202 7611.5419752020389 2114.9123813472688 2357.6956675611436 2939.1392737049609 376.54794619232416 544.06632497906685 137.31236696615815 7321.8817320223898 18867.107817783952 7872.88348672539 2366.431126780808 18533.406547522172 4475.6140196863562 1197.142162013799 13273.944163121283 4785.8513622507453 2276.2903799414635 8311.424373857677 5260.087526358664 4145.7003484256566 5964.7642813250422 37137.004768945277 2431.8569118082523 396.38563003763556 4239.524419426918 482.77402171492577 387.40966129396111 16148.786365648732 3180.4892881028354 2701.3157399017364 1202.9291344555095 727.73328582942486 5270.6926420815289 23072.78207672853 3799.5437192991376 1043.2010629288852 22813.806492834352 11062.9922342645 7263.1325061749667 2757.6382009182125 5201.4548295270652 26072.936062956229 4196.341300111264 3191.3445374881849
leaf_count=78093 297 141 5256 817 1891 2185 4095 1621237 22741 6144 76794 21515 69291 13716 6261 1740 406 17044 18434 52771 12790 15733 19372 1941 2880 1178 64065 148466 92957 30704 159088 42593 18642 194817 39774 14120 51632 27129 27911 39446 259599 20785 2701 35629 4081 6250 149324 23266 24380 13083 6067 42955 192597 29205 8611 226464 93919 47531 23409 30345 168237 26008 33442
internal_value=7.68969e-05 -0.0235373 -0.01084 -0.10082 0.000106966 0.0235518 0.00922065 8.27481e-05 -0.000890792 0.000630403 -0.00265745 0.001314 0.00966712 -0.00479412 -0.013422 -0.0335007 0.00493271 -0.00682738 -0.00313361 -0.00942605 0.00831608 0.00431101 0.0218136 0.0648984 -0.0722176 -0.0950871 -0.0129996 0.00117701 0.00279396 0.00555486 0.00946972 0.0127962 0.000816955 0.00267807 0.0218253 0.000354015 -0.00485206 -0.0108268 0.000791712 -0.0172473 0.00275638 -0.00303714 -0.0261948 0.0155538 0.00544654 -0.0198767 -0.00264457 -0.00621683 -0.0163886 -0.00108645 0.0189311 -0.000711624 -0.00174885 -0.00418116 0.0108027 0.00155522 -0.00574868 -0.00386451 -0.0114437 -0.0170674 -0.000478089 0.0129512 -0.00349571
internal_weight=533057 677.897 582.238 95.6599 532380 549.358 429.869 531830 191468 340363 48518.9 30577.7 12915.3 17662.3 9359.9 3171.14 8302.43 4893.43 6188.75 17941.3 3007.86 4914.7 3409 469.861 1053.41 681.379 14933.4 291844 157231 73763.8 40390.1 32517.2 33373.7 30619.9 13983.8 83466.9 26354.7 18043.2 6421.99 11621.2 57112.3 19975.3 6361.15 9197.91 4722.3 2753.84 17345.9 17543.4 5881.81 11661.6 1930.66 134613 115746 66667.9 6313.89 49077.9 60354 49291 15222.2 12464.6 34068.8 7995.89 26264.1
internal_count=4493995 6511 5553 958 4487484 8171 5986 4479313 1643978 2835335 402075 266305 146085 120220 59942 19514 60278 38559 40428 135770 18934 34167 21719 2347 5798 4058 116836 2433260 1362071 773859 374122 281165 399737 362783 122077 588212 162939 111307 42031 69276 425273 165674 42147 82303 39710 36954 167966 144889 47646 97243 19150 1071189 922723 470220 51566 452503 418654 324735 101285 77876 223450 55213 226039
is_linear=0
shrinkage=0.176106


Tree=58
num_leaves=64
num_cat=0
split_feature=5 0 10 4 6 7 11 7 4 0 5 0 9 1 0 0 7 1 5 3 5 10 3 11 5 5 9 0 6 0 7 0 9 1 11 1 1 9 1 10 1 7 0 1 11 5 5 4 3 3 5 4 6 3 0 7 10 6 5 10 4 5 0
split_gain=9.03625 34.1835 39.3586 13.3539 12.5932 11.6322 11.8453 11.5004 11.3559 39.9085 37.5744 32.4477 35.9719 34.8374 30.2424 69.9056 33.8042 29.5643 26.0811 26.8832 25.8624 25.4823 23.464 21.1013 19.3099 18.6255 19.6045 18.0343 17.9629 17.4454 16.8865 15.7592 14.7461 14.6422 23.1644 14.433 14.263 18.421 14.3294 20.2313 18.0657 13.0447 27.0319 19.1107 18.1428 22.0898 12.8636 13.5522 17.2066 12.6739 12.4924 32.3538 28.5089 27.2181 24.6884 35.1382 28.0377 25.726 23.5105 20.1424 19.7497 60.7232 39.8869
threshold=364.50000000000006 3.5000000000000004 0.87431646764156656 2534.5000000000005 286.50000000000006 104.50000000000001 0.65809831459764956 98.500000000000014 2383.5000000000005 7.5000000000000009 285.50000000000006 1.5000000000000002 0.87395318374103115 2.5000000000000004 5.5000000000000009 4.5000000000000009 13.500000000000002 2.5000000000000004 290.50000000000006 8.5000000000000018 338.50000000000006 0.81499633825503093 9.5000000000000018 0.83653984881870269 304.50000000000006 309.50000000000006 0.89127477498379648 6.5000000000000009 106.50000000000001 2.5000000000000004 128.50000000000003 2.5000000000000004 0.8205528234104148 5.5000000000000009 0.7725685619704018 1.5000000000000002 6.5000000000000009 0.85252140628814155 2.5000000000000004 0.86501369002994422 1.5000000000000002 93.500000000000014 8.5000000000000018 2.5000000000000004 0.86467027660895368 332.50000000000006 346.50000000000006 2480.5000000000005 8.5000000000000018 20.500000000000004 272.50000000000006 2127.5000000000005 170.50000000000003 22.500000000000004 6.5000000000000009 27.500000000000004 0.89756083927861441 90.500000000000014 320.50000000000006 0.84042196115195855 1068.5000000000002 167.50000000000003 3.5000000000000004
decision_type=2 2 2 2 2 2 2 2 2 2 2 2 2 2 2 2 2 2 2 2 2 2 2 2 2 2 2 2 2 2 2 2 2 2 2 2 2 2 2 2 2 2 2 2 2 2 2 2 2 2 2 2 2 2 2 2 2 2 2 2 2 2 2
left_child=8 2 4 7 5 6 -2 -3 20 10 -10 21 14 31 15 24 -17 -18 -11 25 50 49 23 -19 -13 26 -20 -15 35 32 -31 -14 -22 -32 -35 -23 38 -38 39 -27 -41 42 43 44 45 -21 -16 -48 -49 -12 60 53 -53 54 58 59 -57 -58 -52 -56 61 -1 -63
right_child=1 3 -4 -5 -6 -7 -8 -9 9 18 11 12 13 27 46 16 17 22 19 41 29 28 -24 -25 -26 36 -28 -29 -30 30 33 -33 -34 34 -36 -37 37 -39 -40 40 -42 -43 -44 -45 -46 -47 47 48 -50 -51 51 52 -54 -55 55 56 57 -59 -60 -61 -62 62 -64
leaf_value=3.3471808588454567e-05 -0.14946304439957039 0.077193311164910974 0.025775644517478883 0.015922468544190396 -0.1625811906774812 -0.068012408387563436 -0.015005669044582899 0.023272243523474803 -0.22802634778635128 -0.27442573691274424 -0.086569305565044039 -0.18827749421005793 0.10259390430848837 -0.0013355744936103904 -0.013309880421897778 -0.36895065883706574 0.011058690732349245 -0.13750045051254706 -0.23919967887362598 -0.15508404214713767 0.033825854274473877 -0.076140312025868087 -0.085472267680890085 -0.34035704739379563 0.0055622464322019997 -0.038492957024927874 -0.058696310763299973 0.033886332802273635 -0.041903874395794537 0.06693671051848861 0.034613147966239509 0.03659481668496456 -0.037941322024134173 -0.28737359872277179 -0.014220318804470168 0.038340215029338189 0.036253674440571516 -0.20622924905795292 -0.0067033783529581318 -0.072324694828648853 -0.33732233587885041 -0.035144547846523169 0.028654307542283972 -0.0080404140402074251 0.015694599108535458 -0.012821655324683467 0.051177649938450365 -0.15617695184083957 0.010050188790112163 0.029676239766684445 0.0054229882243453358 0.0027746585165350762 -0.025145737693331723 -0.16491644507503522 -0.15811370595252117 0.048255714046186442 0.080636849113616405 -0.066514338913343685 0.057167992091120105 0.0005840869469590157 -0.0026626446832557758 0.0022179796729373882 0.023224999132972025
leaf_weight=417050.48353654705 21.046271562576294 240.89334091264755 529.54997431114316 1382.6395365223289 23.517470300197601 206.36114829778671 589.03746594302356 249.9614926725626 22.135511469095945 13.037430081516503 252.77174862474203 16.468323118984699 129.46454016491771 2059.2502188272774 472.25642367824912 14.824099428951738 61.728959068655968 43.232856806367636 35.191201485693455 94.001681186258793 169.49311310052872 39.702058516442776 134.77503567188978 25.157062873244286 495.35528753697872 84.070188462734222 39.727532278746367 577.21346832439303 257.10209678858519 409.77473821304739 202.87651590071619 841.60847688652575 186.48937902972102 11.472588844597338 59.901807125657797 244.41143047809601 13.582551691681145 34.134748585522175 210.18639202788472 16.157760255038738 15.761096376925709 663.76427405886352 468.52377679571509 532.05524690262973 53.783153790980577 52.899566918611526 293.02340051159263 21.962077815085649 160.087700933218 32.870014980435371 4519.1912723984569 5375.3528744354844 1437.5074655562639 26.193438313901424 43.284047750756145 1397.5940796267241 51.247842855751514 131.11959103681147 289.77867118641734 58.095576964318752 78396.646673039533 5383.9777855873108 5847.9441768936813
leaf_count=3549436 88 1830 4216 11990 143 1639 4110 1872 289 108 1537 135 1301 19470 3713 143 582 333 216 571 863 411 987 272 4001 734 485 4600 1937 2975 1663 8383 1331 77 547 2643 198 316 1985 173 173 5016 4396 3656 452 310 1963 259 1093 329 33763 41341 10848 199 369 10055 488 1012 1910 540 651547 40071 45826
internal_value=5.51397e-05 0.0093228 -0.0118244 0.0247813 -0.0355292 -0.0318695 -0.0196441 0.0497347 -1.61391e-06 -0.00637815 0.00100739 0.00182863 0.00684968 0.0168786 -0.0139567 -0.0393643 -0.110158 -0.0956753 -0.0260424 -0.0246429 0.000102681 -0.0306371 -0.128105 -0.212121 -0.000674698 -0.0633384 -0.143483 0.00637572 -0.00817736 0.027846 0.0443001 0.0453939 -0.00377098 0.0104775 -0.0581265 0.0223427 -0.0472794 -0.137207 -0.0341235 -0.0838121 -0.203177 -0.015331 -0.00438292 -0.0255074 -0.0718158 -0.103855 0.00727256 0.027733 -0.0100031 -0.0731924 4.71948e-05 0.00536894 -0.00311652 0.0142403 0.0149633 0.0333324 0.0397814 -0.0251628 0.00854104 -0.067172 -9.28061e-05 0.0003776 0.0131554
internal_weight=532814 3243.01 1369.51 1873.49 839.962 816.445 610.084 490.855 529571 8522.28 6195.4 6173.27 5346.41 3607.54 1738.87 791.542 279.718 264.894 2326.88 2313.84 521048 826.857 203.165 68.3899 511.824 448.811 74.9187 2636.46 541.216 1040.01 684.026 971.073 355.982 274.251 71.3744 284.113 373.893 47.7173 326.175 115.989 31.9189 1865.03 1201.26 732.74 200.684 146.901 947.33 475.073 182.05 285.642 520008 13329.4 6812.86 6516.5 6490.31 1681.34 1579.96 182.367 4808.97 101.38 506679 428282 11231.9
internal_count=4493919 25888 10196 15692 5980 5837 4198 3702 4468031 73170 54381 54092 47235 33754 13481 6453 2317 2174 18789 18681 4394861 6857 1592 605 4136 4280 701 24070 4991 7456 5262 9684 2194 2287 624 3054 3579 514 3065 1080 346 14401 9385 4989 1333 881 7028 3315 1352 1866 4387405 100525 52189 48336 48137 12464 11555 1500 35673 909 4286880 3635333 85897
is_linear=0
shrinkage=0.176106


Tree=59
num_leaves=64
num_cat=0
split_feature=5 4 0 2 0 2 7 6 4 5 2 4 0 4 5 2 4 5 4 5 0 3 7 2 5 5 4 7 9 5 0 7 4 4 12 0 6 0 2 9 7 6 2 4 2 7 0 2 4 5 7 9 9 4 5 0 9 5 2 0 5 2 5
split_gain=8.99129 25.2869 21.3484 25.854 28.2766 19.6083 13.2026 11.5982 11.5188 23.4449 33.3374 23.7444 25.2877 33.1139 41.6254 29.5594 21.0348 18.4702 22.4587 17.9429 18.5979 18.8104 15.6169 15.113 26.8047 14.4821 74.1701 53.7733 70.5544 52.5465 35.4999 30.5746 23.1387 89.5202 44.0771 22.2495 21.7111 21.5184 20.3407 19.9879 20.8278 18.9584 28.6821 16.8957 51.382 31.6871 30.8353 25.8342 38.9522 33.5979 34.1648 32.3389 23.0914 20.1041 16.2044 16.1674 19.8325 21.5858 15.8235 44.4621 15.1637 13.9938 15.1248
threshold=40.500000000000007 87.500000000000014 6.5000000000000009 1220.5000000000002 8.5000000000000018 1725.5000000000002 72.500000000000014 240.50000000000003 188.50000000000003 67.500000000000014 700.50000000000011 262.50000000000006 3.5000000000000004 255.50000000000003 70.500000000000014 1350.5000000000002 255.50000000000003 78.500000000000014 168.50000000000003 62.500000000000007 8.5000000000000018 5.5000000000000009 247.50000000000003 1015.5000000000001 97.500000000000014 90.500000000000014 457.50000000000006 110.50000000000001 0.85825735024012695 86.500000000000014 3.5000000000000004 153.50000000000003 351.50000000000006 356.50000000000006 0.80854474376661079 4.5000000000000009 5.5000000000000009 1.5000000000000002 551.00000000000011 0.81736366305786812 93.500000000000014 10.500000000000002 735.50000000000011 475.50000000000006 930.50000000000011 67.500000000000014 5.5000000000000009 1115.5000000000002 1606.5000000000002 228.50000000000003 28.500000000000004 0.8630547822025233 0.87594858245229612 1676.0000000000002 97.500000000000014 3.5000000000000004 0.82458434461031227 128.50000000000003 657.50000000000011 5.5000000000000009 105.50000000000001 900.50000000000011 85.500000000000014
decision_type=2 2 2 2 2 2 2 2 2 2 2 2 2 2 2 2 2 2 2 2 2 2 2 2 2 2 2 2 2 2 2 2 2 2 2 2 2 2 2 2 2 2 2 2 2 2 2 2 2 2 2 2 2 2 2 2 2 2 2 2 2 2 2
left_child=1 2 -1 4 -4 -5 -3 -7 17 10 22 12 13 -11 15 -15 -14 19 -19 -2 21 -21 -10 -18 -25 26 38 39 29 31 -31 -29 36 34 -34 -33 -27 -36 -13 40 -28 42 -35 44 46 -46 52 48 51 50 -49 -45 -43 -51 -47 56 -44 -58 59 -39 -48 62 -41
right_child=8 6 3 5 -6 7 -8 -9 9 11 -12 25 16 14 -16 -17 23 18 -20 20 -22 -23 -24 24 -26 32 27 28 -30 30 -32 35 33 41 37 -37 -38 58 -40 61 -42 43 55 47 45 54 60 49 -50 53 -52 -53 -54 -55 -56 -57 57 -59 -60 -61 -62 -63 -64
leaf_value=-0.011911099405926459 0.0017343597183833352 -0.02316038623068567 0.012063362482967906 0.062576849929303555 -0.093050173044047182 0.015633542576375271 -0.075492731252372991 -0.10035559975830621 0.01181870227169168 0.017860224384515261 -0.0046076886730574513 0.038834344138471359 -0.0020226909549983826 -0.12721687942441523 0.0063216338733431375 -0.020399132139011632 0.05407038511854987 -0.28125468708606854 -0.031494514450848513 -0.17441836095048921 -0.017814717276908126 0.01601794429561916 0.053498160822039197 0.013267695653562461 -0.2264453985506627 -0.019925247818193673 -0.032211204241679108 -0.11440709831153638 -0.030447446045333858 -0.2827371899818617 -0.035958387339406657 -0.20444261314898141 0.024044645861525837 -0.01308053711262774 0.034833076932513363 -0.45212681615858946 0.020628680508853168 -0.02351197545972885 -0.00071224541772802765 0.062195371628477589 -0.2072188473215244 -0.033950387748490074 -0.016772788402205297 0.0018642251193662562 0.018268463458041805 -0.0040091217336211803 0.0031053469545045545 0.0026839912718589426 -0.0052190320039432938 0.012540833128626517 -0.0034278282046814887 0.010415069265760628 0.017905254899451994 0.0017682899916559166 0.012080177419463383 0.01434886595125473 0.021030259681969383 -0.0069423249324123588 -0.12762191249030755 -0.53706207120215377 0.080037353610684245 -0.012544317009966249 -0.0069564974837975141
leaf_weight=2114.1759724197909 31369.266517454758 572.15371246729046 260.81633813027292 412.8990694116801 114.09019946865737 324.61448340117931 202.39921222068369 29.13636502623558 1451.8412805255502 7359.0935377851129 48176.957490289584 405.21703081764281 10759.86697964929 143.40775981917977 876.92212170735002 182.70962085574865 300.19658378511667 11.646420475095509 270.5604308322072 16.134097239002585 576.71746787428856 5401.0338180549443 345.07139737717807 1686.0703017152846 14.592194609344004 475.63854295946658 1137.8949219379574 23.677891068160534 440.90411448664963 22.598625801503658 90.384474471211433 18.025221690535545 79.721341818571091 1989.5705860927701 23.485899433493614 29.915702415630221 2940.6839916240424 10.148272916674616 88285.033934197389 167.00128772109747 21.488426990807056 1888.9671098776162 1332.0819923058152 45121.30174203869 7117.4104481115937 5027.2711001522839 1085.2361894976348 35779.474463734776 16081.317792559974 6741.6987174414098 136888.10516011529 19708.290027660318 310.03485009260476 26460.0567344632 3162.7272277958691 8244.1312631126493 1912.2763839382678 1548.2766616623849 212.51560552418232 10.78498888760805 85.73618396371603 4718.6573770679533 237.72517785802484
leaf_count=22585 297516 7680 3313 4241 1523 3448 1791 130 29329 56128 431739 6711 86883 1266 6535 1271 3940 79 2022 226 5746 45226 5351 12632 175 3599 8199 158 5796 148 841 143 393 24517 140 252 20073 95 764931 4247 142 17838 7749 428165 48302 35879 12552 245880 151015 48857 979775 278400 4250 192399 21661 69234 14856 12986 1115 113 981 46669 4083
internal_value=5.03024e-05 -0.00823617 -0.00143229 0.0179746 -0.0199244 0.0365079 -0.0368354 0.0060802 0.000113461 -0.000114101 -0.00372925 0.000295419 0.00602834 0.0134321 -0.0136549 -0.0673715 0.00106058 0.0030823 -0.0418019 0.00342131 0.01225 0.0154508 0.0198226 0.0176413 0.0112109 4.25155e-06 -0.00190058 -0.0194765 -0.0687183 -0.160124 -0.0853185 -0.278135 0.000565876 0.000412358 -0.0903519 -0.359 0.0149825 -0.125847 -0.000531561 -0.014574 -0.0354549 0.000507702 0.00661462 0.000207285 0.00533949 0.00967345 -0.0143466 -0.000126965 0.00253922 -0.00117483 -0.00216136 0.00446369 -0.0266393 0.00395568 0.00220407 0.00962035 0.00148651 0.00851512 -0.142012 -0.288097 0.00873815 -0.00984883 0.0215775
internal_weight=532808 4030.29 3255.73 1141.56 374.907 766.65 774.553 353.751 528778 491132 49973.9 441158 21322.9 8562.13 1203.04 326.117 12760.7 37645.4 282.207 37363.2 5993.89 5417.17 1796.91 2000.86 1700.66 419835 95598.5 6908.27 625.506 184.602 112.983 71.6188 324237 320821 336.656 47.9409 3416.32 256.935 88690.3 6282.77 1159.38 320484 15026.3 305458 18677.4 15307.4 3369.97 286780 80910.9 205869 172668 64829.6 2199 33201.8 8190 13036.8 4792.64 3460.55 233.449 20.9333 1170.97 5123.38 404.726
internal_count=4493919 44711 35240 12655 4836 7819 9471 3578 4449208 4098393 466419 3631974 168830 65200 9072 2537 103630 350815 2101 348714 51198 45452 34680 16747 12807 3463144 842320 70678 7338 1542 989 553 2620824 2597152 1856 395 23672 1463 771642 63340 8341 2595296 129342 2465954 141463 105842 35621 2324491 857580 1466911 1225655 706565 22088 241256 57540 104825 35591 27842 1323 208 13533 54999 8330
is_linear=0
shrinkage=0.176106


Tree=60
num_leaves=64
num_cat=0
split_feature=8 8 2 8 6 2 2 9 9 1 7 11 9 11 4 6 9 4 6 9 7 9 11 2 11 9 11 6 2 7 2 2 8 6 11 8 7 8 7 9 4 9 1 9 9 2 9 9 2 9 9 6 6 6 11 9 7 2 9 6 8 11 7
split_gain=12.2864 26.6232 46.2279 75.3234 63.8155 44.5777 43.3907 41.5796 47.4026 38.3683 34.8992 33.6162 32.1642 30.7519 24.6842 24.4247 26.0388 23.8989 25.5503 24.7332 22.7371 25.8783 37.6935 33.1563 22.4463 29.8533 21.6249 21.1508 24.5698 21.1109 20.6159 51.2023 30.8286 28.486 26.6172 26.1937 27.1091 37.4197 25.9311 23.8965 38.0133 24.0441 31.7795 23.3691 23.1309 41.9372 34.4665 41.5632 28.6067 21.7864 40.1827 30.1594 27.2881 26.3013 24.7825 24.6702 27.8912 30.2965 27.297 38.9141 35.0508 26.3131 29.9461
threshold=0.84496713270957635 0.83526014591826703 1605.5000000000002 0.84154593889460827 80.500000000000014 1400.5000000000002 2255.5000000000005 0.81900813221307578 0.82405425470438953 6.5000000000000009 15.500000000000002 0.7603205610219278 0.82826480154605708 0.88412851507485712 60.000000000000007 98.500000000000014 0.85898181681714003 141.00000000000003 268.50000000000006 0.92295733778211042 97.500000000000014 0.90440031169700774 0.89693882963440996 2125.5000000000005 0.85610392093449927 0.8337046859633922 0.86801676483914825 326.50000000000006 1840.5000000000002 189.50000000000003 1745.5000000000002 1905.5000000000002 0.848122963620355 10.500000000000002 0.75063802729798723 0.90127320420397428 31.500000000000004 0.8806295869237083 343.50000000000006 0.90440031169700774 602.50000000000011 0.90467125438899043 4.5000000000000009 0.91029400112928582 0.90191647613397075 2105.5000000000005 0.85335723161619847 0.84299907274087305 2210.5000000000005 0.82603058359836112 0.8254476284454727 322.50000000000006 140.50000000000003 121.50000000000001 0.88412851507485712 0.90440031169700774 7.5000000000000009 1830.5000000000002 0.89127477498379648 67.500000000000014 0.86628032038578417 0.86411269513611155 95.500000000000014
decision_type=2 2 2 2 2 2 2 2 2 2 2 2 2 2 2 2 2 2 2 2 2 2 2 2 2 2 2 2 2 2 2 2 2 2 2 2 2 2 2 2 2 2 2 2 2 2 2 2 2 2 2 2 2 2 2 2 2 2 2 2 2 2 2
left_child=1 -1 4 7 5 14 20 27 26 10 -6 -12 -10 15 -3 -11 -17 19 24 -14 -5 22 -22 -24 -19 -26 -9 29 -29 -4 -2 33 -33 -32 -35 36 37 -34 49 40 -37 42 -41 -38 46 -46 47 -39 -48 50 51 52 53 -36 -52 58 57 -57 -51 60 -60 -58 -63
right_child=30 2 3 6 9 -7 -8 8 12 13 11 -13 17 -15 -16 16 -18 18 -20 -21 21 -23 23 -25 25 -27 -28 28 -30 -31 31 32 35 34 38 39 43 44 -40 41 -42 -43 -44 -45 45 -47 48 -49 -50 55 54 -53 -54 -55 -56 56 61 -59 59 -61 -62 62 -64
leaf_value=0.00024726340651333358 0.001654062708372557 -0.22862489945851727 -0.00059777811795959032 0.034908221682646873 0.00036377970554666601 0.018645049533835899 -0.023600005660854861 -0.034743214036342819 0.028752055717808696 0.037517834318811769 0.0081003395122836233 -0.021084724724746734 0.02079821884948431 -0.088011609096490293 -0.0046403009451490606 -0.02838021165427819 -0.10938426557582934 -0.0031356519734784287 -0.045455951684051407 -0.070418600784558263 0.0097141791609025255 -0.051285478719484148 0.081122884512093013 -0.23037810611236825 -0.091143156015076013 -0.018606276620700902 -0.099793221724765444 0.0020977154069144405 0.06670014999856623 0.048989784239303988 0.014682069529894388 0.020663641220611893 -0.00018481873904138175 0.022574331013593615 -0.011106709765266369 0.042059344672691117 0.0028243913459292656 -0.0035663460717991731 0.0400557798124061 0.0091586251536144858 -0.018952071828855277 0.0016097373267083452 -0.29914229862948094 0.034102296364084614 -0.083948174403117359 -0.0033437294615213716 0.0021841159967295929 -0.059925402526001842 -0.068552708960644707 -0.0071122917368686535 -0.052211907857382292 0.0076841223348617961 -0.026977432065462558 0.03996763586655494 -0.2623412000565758 -0.13387844115174757 0.051403442980618379 -0.026447485695926164 -0.045254420964086189 0.033529051390940944 0.0079265032975116157 -0.0067836643499938334 -0.066015267333322539
leaf_weight=151114.91963274032 238552.19838457089 15.281242217868565 2794.8232550546527 2619.5563537999988 4795.9759098291397 3236.4690821934491 702.87035968899727 728.5508730635047 712.13084502518177 159.69418142363429 1393.6764594912529 10052.923360798508 1081.1461480855942 311.9960192553699 10607.07356955111 1674.9636993072927 132.83159587532282 4341.8479091525078 720.54535157978535 100.78343759849668 2713.4750187322497 184.03929276019335 336.57809007540345 10.94186172634363 192.47485882788897 2051.3914716951549 202.55829878151417 334.69574100524187 401.7281900793314 294.3022369146347 1855.6080370508134 2606.4566871523857 15254.61680438742 876.85503721982241 2993.957729998976 1485.7315073078498 26442.121539190412 769.40496461465955 337.60758548229933 22.212489023804665 402.51575436070561 1067.8699130155146 19.448069129139185 762.18098435178399 410.69194817915559 390.55551948770881 3065.5137278996408 858.77450720965862 188.1927397325635 17995.015637008473 639.2391844317317 1789.7574192658067 4306.6989968121052 349.16404119133949 17.894202910363674 140.90069073811173 162.62474047765136 192.82236309349537 507.04602178558707 1334.9413479436189 1588.4865920096636 924.11543279699981 370.99139868095517
leaf_count=1039329 2360857 169 14103 19508 40545 27007 5800 3724 4310 1242 7133 78213 12238 4143 112358 12736 1094 23640 4454 1630 17998 2025 3609 102 1204 19059 1284 1741 2011 1462 17417 18270 113153 4267 16876 21753 184255 4718 2377 330 3322 16472 222 9129 3916 3715 22958 5626 1511 126586 3994 10445 24007 1872 143 1484 1178 2341 4567 14584 14313 9408 3695
internal_value=0.000130428 -0.000943059 -0.00434301 0.00219561 -0.00848748 0.000550584 0.0177482 -0.00512264 -0.0110292 -0.0152501 -0.0122474 -0.0175313 -0.00719703 -0.0366457 -0.00496252 -0.0285003 -0.0343322 -0.010213 -0.0139715 0.0130201 0.0227037 0.0128517 0.0167078 0.0713151 -0.0105267 -0.0248284 -0.0488945 0.0105199 0.0373391 0.00412645 0.000796766 -0.00147229 0.00198125 -0.00657389 -0.00771622 0.00102906 3.44994e-05 -0.00472898 -0.00850551 0.017001 0.0290536 -0.00351078 -0.134763 0.0037007 -0.0169264 -0.0446588 -0.0123747 -0.0332926 -0.00190727 -0.00899764 -0.0158268 -0.0128956 -0.0177104 -0.00577238 -0.0579339 -0.00602772 -0.0258805 -0.0718057 -0.00436776 0.010029 -0.00494143 -0.0153667 -0.0237509
internal_weight=532702 204020 52905.3 20524.4 32380.9 13858.8 6567.46 13957 10131.4 18522.1 16242.6 11446.6 9200.32 2279.49 10622.4 1967.49 1807.8 8488.19 7306.26 1181.93 5864.59 3245.03 3060.99 347.52 6585.71 2243.87 931.109 3825.55 736.424 3089.13 328682 90130 53746.3 36383.7 34528.1 51139.8 48142.1 20937.8 33651.3 2997.78 1888.25 1109.53 41.6606 27204.3 5683.13 801.247 4881.89 1628.18 3253.71 33313.7 10096.7 9439.58 7649.82 3343.12 657.133 23216.9 1791.45 333.723 21425.5 3430.47 2095.53 1457.73 1295.11
internal_count=4493632 1463871 424542 139902 284640 139534 49042 90860 71543 145106 125891 85346 66535 19215 112527 15072 13830 62225 48357 13868 43242 23734 21709 3711 43903 20263 5008 19317 3752 15565 3029761 668904 409350 259554 242137 391080 348981 155597 237870 42099 25075 17024 552 193384 42444 7631 34813 10344 24469 235493 57337 53200 42755 18748 4137 178156 18106 3825 160050 33464 18880 14281 13103
is_linear=0
shrinkage=0.176106


Tree=61
num_leaves=64
num_cat=0
split_feature=5 0 10 0 4 5 2 5 2 2 2 5 8 6 2 8 0 8 10 10 0 8 8 2 7 2 8 5 0 4 5 1 8 2 10 10 0 8 4 10 10 8 4 8 2 6 7 1 0 5 7 2 5 7 2 8 8 7 2 4 10 10 0
split_gain=10.5952 18.3244 24.5931 20.7888 12.9413 77.4837 22.4547 22.3479 40.8386 35.8176 26.2856 24.0335 22.112 21.1874 20.8147 41.6825 63.3299 117.808 76.2456 67.2404 69.4145 50.6768 41.0137 39.7752 90.0269 40.387 38.382 36.4358 33.4969 33.8954 130.777 33.3002 76.6714 38.6722 81.3407 65.7314 49.0082 70.7518 55.3889 39.0795 37.853 48.909 36.3493 36.2405 43.6823 34.0026 33.0258 41.1954 37.0609 32.812 32.2366 32.2301 30.0376 29.7867 29.2719 28.9217 50.1627 28.53 38.2825 32.1085 41.001 36.4955 94.3967
threshold=364.50000000000006 3.5000000000000004 0.86796934363609091 1.5000000000000002 992.50000000000011 168.50000000000003 610.50000000000011 165.50000000000003 910.50000000000011 1620.5000000000002 915.50000000000011 137.50000000000003 0.90127320420397428 15.500000000000002 1550.5000000000002 0.79865757073970556 5.5000000000000009 0.78730933661789715 0.84807002284021105 0.85156208459704175 6.5000000000000009 0.80652984726770349 0.78730933661789715 1230.5000000000002 70.500000000000014 1310.5000000000002 0.78730933661789715 57.500000000000007 5.5000000000000009 690.50000000000011 124.50000000000001 6.5000000000000009 0.83526014591826703 1025.5000000000002 0.77564160435723117 0.88156699794896076 5.5000000000000009 0.83526014591826703 446.50000000000006 0.89837950049573323 0.87574415278457785 0.84154593889460827 316.50000000000006 0.82113268084446045 815.50000000000011 191.50000000000003 214.50000000000003 3.5000000000000004 6.5000000000000009 53.500000000000007 61.500000000000007 630.50000000000011 84.500000000000014 350.50000000000006 1145.5000000000002 0.90127320420397428 0.86628032038578417 66.500000000000014 1905.5000000000002 457.50000000000006 0.8964694903234508 0.89433885133650681 3.5000000000000004
decision_type=2 2 2 2 2 2 2 2 2 2 2 2 2 2 2 2 2 2 2 2 2 2 2 2 2 2 2 2 2 2 2 2 2 2 2 2 2 2 2 2 2 2 2 2 2 2 2 2 2 2 2 2 2 2 2 2 2 2 2 2 2 2 2
left_child=4 2 -2 -4 5 14 -7 8 11 10 -10 -6 -13 -11 15 16 18 19 26 49 54 23 27 -17 25 -25 52 -20 -26 -30 -31 33 42 34 50 43 37 38 -35 -39 -34 -42 -33 44 -36 -40 47 -38 -49 -18 -23 -29 -1 57 -21 56 -37 -16 59 60 61 -59 -63
right_child=1 -3 3 -5 7 6 -8 -9 9 13 -12 12 -14 -15 53 21 17 -19 22 20 -22 31 -24 24 28 -27 -28 51 29 30 -32 32 40 36 35 55 46 39 45 -41 41 -43 -44 -45 -46 -47 -48 48 -50 -51 -52 -53 -54 -55 -56 -57 -58 58 -60 -61 -62 62 -64
leaf_value=0.013074072616914468 -0.026781700577772731 0.021615969050892664 0.066219568292435013 -0.0019811394549469675 -0.15344826522288341 -0.086182570353335541 0.026864009948287321 -0.00064722831071818568 -0.13723730070176987 0.035886864514368386 -0.018968933333056003 0.01700197605433168 -0.14819271112659033 -0.0042823852103477484 0.00051364854748464444 0.028070471864920489 0.018565952245196679 0.021571915792952673 -0.1179893843209088 -0.075759246175562886 0.047214807897322769 -0.042203337285647541 -0.057578175728903773 -0.01701614938640085 0.0012960237085544966 0.057871401221688344 -0.013477944578032001 0.078866733453204607 -0.019126010378925546 -0.29246639959463339 -0.032338434991759202 0.05429133455649169 0.0076855319711347965 0.033004483373240558 -0.030492722482318626 -0.00014173656685597619 0.0027294930729787731 0.0048548346306109451 0.00089500200852057432 -0.020857647744477011 -0.075869386777335041 -0.0056792978959882782 0.018738527081527647 -0.0040278336611595557 -0.002654361395263333 0.047098811274776296 0.0098369138488718956 -0.021354974583953308 -0.0041523700210811644 -0.023804631600878361 0.044070884916158133 -0.01884618294926747 -0.0090989068223860225 0.018725853324283417 0.014441128762816492 -0.0055834270968300962 0.033609243051328334 -0.0030271131402776169 0.0038894001866267413 -0.010100502753864586 0.022386816708581805 0.087398564843040316 -0.13252332767226771
leaf_weight=4394.3695684634149 748.21477683261037 1850.9669180940837 206.75346637889743 420.57703811302781 26.50041837990284 55.278784558176994 3835.2520079668611 104662.54636879358 58.755313202738762 444.08067751303315 7229.4195411615074 2314.2852290384471 25.405502468347549 4907.4945092108101 103341.96044754982 4172.8542976621538 636.09200759232044 6764.5626430343837 109.21826956607401 248.79685304313898 1056.5577857382596 147.69836148247123 1389.4681360796094 294.33736353740096 1035.420946881175 925.97180797159672 8842.3614963553846 110.6037555206567 619.58468874543905 75.887426070868969 285.20420943945646 1288.1814960222691 14357.370264539495 5097.82940476574 3784.3933104500175 2492.0609122533351 19739.097958927974 40944.932310326025 4106.3393293581903 1919.1316590644419 333.28819852694869 4039.3246600888669 2898.9098968878388 44410.654622317292 3248.8267621174455 561.52669971808791 7347.6417473033071 5220.6970218587667 15169.440805053338 5205.9183135461062 1482.8120130449533 1958.28286893107 3331.2172374092042 2314.490125708282 202.31179014593363 2185.8333442797884 3021.6549976821989 27437.89664587751 15185.953434273601 29809.592132721096 2006.736905708909 86.705469876527786 200.50349337980151
leaf_count=28718 5192 15702 1726 3252 227 629 28810 852426 564 2984 61366 30039 233 32396 717802 39000 4233 56891 1124 2277 9191 1500 10023 2286 6215 5873 59667 1559 3454 413 1576 12520 150338 43938 35146 37821 181365 395294 31521 26211 4701 57371 25998 531547 27794 4544 56003 40834 130911 33498 16051 15028 20874 15207 1381 42754 66098 178983 104451 189089 25592 935 2486
internal_value=0.000113971 0.010175 -0.00522016 0.0204962 5.26526e-05 0.000523211 0.0252578 -0.00155848 -0.00791426 -0.0118892 -0.0199224 0.0133193 0.0152082 -0.000949089 0.000286096 0.0014142 -0.00424355 0.00480135 -0.0105837 -0.0106341 0.0225236 0.00242764 -0.033937 0.0167071 0.00205566 0.0398086 -0.005555 -0.0188557 -0.0207955 -0.0441203 -0.0870072 0.00185201 0.00813261 0.000957353 -0.0025469 -0.00361665 0.00308476 0.00678563 0.0203133 0.00370362 0.00331645 -0.0110293 0.0296765 -0.00588795 -0.0176335 0.00645315 -0.00101778 -0.00300527 -0.00855693 -0.0191912 0.0362558 -0.0136224 0.00351324 -0.00112389 -0.0353065 0.0115588 0.0183546 -0.00138189 -0.00400327 -0.00601629 -0.0019214 -0.00368082 -0.0661311
internal_weight=532626 3226.51 1375.55 627.331 529400 409731 3890.53 119668 15005.9 12639.8 7288.17 2366.19 2339.69 5351.58 405841 225457 34249.8 14114.2 20135.5 7349.68 1507.67 191207 3567.57 7409.26 3236.41 1220.31 16567.9 2178.1 2016.1 980.676 361.092 183798 22917.1 160881 60773.9 59143.4 100107 52629.8 9765.7 42864.1 18730 4372.61 4187.09 51443.9 7033.22 4667.87 47476.9 40129.2 20390.1 5842.01 1630.51 2068.89 7725.59 180384 451.109 7699.55 5513.72 178069 74727.4 59541.4 29731.8 27725.1 287.209
internal_count=4493632 25872 10170 4978 4467760 3487525 29439 980235 127809 97310 61930 30499 30272 35380 3458086 2223541 244464 107471 136993 50580 12849 1979077 27734 58817 19817 8159 109259 17711 11658 5443 1989 1920260 250928 1669332 758711 741160 910621 501508 80003 421505 212410 62072 38518 594487 62940 36065 409113 353110 171745 37731 17551 16587 49592 1234545 3658 146673 103919 1219338 501536 397085 207996 182404 3421
is_linear=0
shrinkage=0.176106


Tree=62
num_leaves=64
num_cat=0
split_feature=11 2 11 2 1 0 0 10 0 9 9 10 12 4 9 9 1 10 11 0 10 0 10 1 1 10 0 2 4 0 1 0 2 0 11 0 4 2 9 9 4 10 4 9 9 0 9 2 0 4 4 2 2 4 4 3 9 2 3 10 0 11 11
split_gain=8.7629 13.9734 16.7201 18.8711 16.7294 22.7495 94.5589 30.7542 24.2496 35.2569 57.8486 32.1777 21.7064 20.7355 20.6827 18.2845 18.2113 45.6856 16.0441 24.6836 15.5602 34.8222 37.3574 33.3544 26.3704 24.8944 39.2546 29.7912 36.8894 26.0354 83.0675 29.5745 16.6434 15.4525 41.1119 31.7475 21.0877 19.6765 16.9168 18.9684 16.8308 36.8697 23.7215 15.3757 21.5877 19.6761 16.9825 15.261 15.2365 15.1417 16.786 14.8533 14.8395 16.7445 27.2715 16.3579 14.8996 28.1878 41.651 54.7545 34.9616 26.04 25.7781
threshold=0.80436713218806843 1400.5000000000002 0.79451131734357028 2315.5000000000005 2.5000000000000004 5.5000000000000009 6.5000000000000009 0.86335829600486258 4.5000000000000009 0.80970031873537096 0.81204943875531377 0.81845101074711291 0.80854474376661079 209.50000000000003 0.76001425473962181 0.80970031873537096 1.5000000000000002 0.77773195734762213 0.75902296332568764 2.5000000000000004 0.77773195734762213 2.5000000000000004 0.77540682828143503 4.5000000000000009 3.5000000000000004 0.77540682828143503 3.5000000000000004 2246.0000000000005 1305.0000000000002 6.5000000000000009 4.5000000000000009 4.5000000000000009 2230.5000000000005 3.5000000000000004 0.69484611672111685 4.5000000000000009 373.50000000000006 1515.5000000000002 0.85981433926680995 0.8105164617161551 930.50000000000011 0.80155467498908761 861.50000000000011 0.80443753362022608 0.79041369763972813 8.5000000000000018 0.8105164617161551 2255.5000000000005 1.5000000000000002 859.50000000000011 588.50000000000011 1514.5000000000002 551.00000000000011 402.50000000000006 351.50000000000006 5.5000000000000009 0.842470519626908 1130.5000000000002 7.5000000000000009 0.79814819244923441 3.5000000000000004 0.78980745669305885 0.80334384512795154
decision_type=2 2 2 2 2 2 2 2 2 2 2 2 2 2 2 2 2 2 2 2 2 2 2 2 2 2 2 2 2 2 2 2 2 2 2 2 2 2 2 2 2 2 2 2 2 2 2 2 2 2 2 2 2 2 2 2 2 2 2 2 2 2 2
left_child=1 52 3 4 5 8 7 12 9 -3 18 13 -7 51 -8 -14 17 -10 19 48 21 22 -6 24 -24 26 -23 28 29 31 -31 -27 -28 34 -22 -35 43 38 39 -38 42 -42 -39 44 45 -37 -45 -36 -11 50 -19 -12 53 54 -1 -54 -57 58 59 -58 -61 -60 -62
right_child=-2 2 -4 -5 20 6 14 -9 16 10 11 -13 15 -15 -16 -17 -18 49 -20 -21 33 25 23 -25 -26 27 32 -29 -30 30 -32 -33 -34 35 47 36 37 40 -40 -41 41 -43 -44 46 -46 -47 -48 -49 -50 -51 -52 -53 55 -55 -56 56 57 -59 61 60 62 -63 -64
leaf_value=0.021294683514033422 0.00050056942188510354 0.017721068329231007 -0.0045071965720954715 0.058775996257819547 -0.014698989121144784 0.03584697074528885 -0.026969879830048941 -0.015629161809502776 -0.11386238782817208 -0.073507204984294541 0.087999608175460944 -0.01412404858744591 0.046673590300727118 0.02759566372172376 0.0054066017566656863 0.099649847521071436 0.00058022531396654945 -0.0088772856928117649 -0.028400754164875537 -0.030206810940614805 -0.042143574045795426 -0.049278992517993753 0.027037633529079137 0.0061106258598322711 0.10626768161877648 -0.015974881375132845 0.0068350845806385424 -0.24053039992437925 0.027495710369833653 0.034770476642764413 -0.04487996491277136 -0.057581067082782871 0.0922234534759893 0.019286744003233738 -0.0007748627567356935 -0.014620015671075301 0.036491320695873755 0.0043237146504009703 0.097366480328255192 0.0025315541896874386 0.072193611379459996 -0.0096920152038596288 0.039289995808091088 0.032474927886152048 -0.042431452162440167 0.029025090678105308 -0.0035137578964798484 -0.11294646125379482 -0.18296233397591588 0.026481167312880537 -0.072716345029140414 -0.063759310414364917 -0.11597077794505176 0.061190165311849815 -0.17983646715223692 -0.0021072052118583399 0.034635902529445352 -0.02164120228838989 -0.0030699794124307948 -0.0070572655938661005 -0.053052079244394305 0.028226305447281164 -0.18017826474739451
leaf_weight=110.89218223467469 386815.70853749383 3306.8074563369155 17228.38247961551 178.85002522915602 799.51392957940698 1123.6326780691743 676.75841090083122 236.26428084075451 185.25366914272308 80.472410634160042 23.648170702159405 1511.6060614213347 396.2823241725564 1514.9964476898313 6387.7055523563176 412.25795692205429 806.34936640411615 372.32386491447687 586.4962899312377 168.29379756748676 805.83700686693192 415.40871421992779 254.39506494253874 575.0648335441947 267.04438750445843 974.50348745286465 2217.2858051024377 19.099748194217682 451.25373604521155 737.25973074138165 903.97132039070129 1161.2138861343265 73.128775633871555 3538.7475463375449 12536.506639137864 2057.5170798487961 908.41851738840342 7971.6801228970289 85.477879106998444 1163.3243502620608 177.67156854271889 4243.4027540907264 650.84557477384806 462.29612102359533 725.44568537175655 379.41816920042038 3378.2770017646253 37.72883129119873 77.3591668009758 191.6508853957057 194.45431697368622 129.71292196214199 39.947105005383492 230.25341253355145 25.765187785029411 52611.124167190865 414.36507214978337 3706.8331762477756 1946.6358100594953 662.83156391978264 816.44141778349876 1430.3989072516561 52.659495577216148
leaf_count=1390 3623369 19126 96289 1249 3720 5788 2939 1262 893 380 150 8834 2112 8727 30012 2380 4855 2038 3274 840 3517 1868 1263 2932 1274 4927 10079 145 2311 3099 3875 5129 442 21050 62479 9222 4882 37276 449 5933 937 20500 2990 2319 3350 2033 17174 221 339 1084 1006 708 353 2359 201 370971 4960 22690 14000 4436 7565 11641 533
internal_value=6.20092e-05 -0.00110144 0.00038236 0.00164849 0.00149451 0.00601176 0.012179 0.0443469 -0.00021173 0.00419743 -0.00672966 0.00448683 0.0516808 0.0213491 0.00230501 0.0736851 -0.0188543 -0.0354606 -0.0458127 -0.077126 -0.000236461 -0.00690534 0.0142501 0.0353582 0.0676137 -0.0126741 0.000527973 -0.0210848 -0.0200935 -0.0257792 -0.00910008 -0.0385966 0.00956138 0.00127197 -0.00358266 0.00379525 0.00132627 0.00500997 0.02059 0.0174222 0.00243327 -0.00640124 0.00696304 -0.00666967 -0.0157634 -0.0078247 0.00081826 -0.00111143 -0.127155 -0.0163102 -0.0307796 -0.0403582 -0.00310448 0.0322071 -0.0166263 -0.00331453 -0.00324153 -0.00985026 -0.00163979 -0.0221589 -0.0375211 0.0101861 -0.0607548
internal_weight=532625 145809 83761.3 66532.9 66354.1 18382.3 9232.9 2168.44 9149.42 7399.39 4092.59 3179.96 1932.17 1668.36 7064.46 808.54 1750.03 943.683 912.622 326.125 47971.7 8849.14 1896.02 1096.5 521.439 6953.13 2705.82 4247.3 4228.2 3776.95 1641.23 2135.72 2290.41 39122.6 13380.1 25742.5 22203.8 15200.8 2157.22 2071.74 13043.6 4421.07 8622.53 7002.95 3162.38 2436.94 3840.57 12574.2 157.832 758.429 566.778 153.361 62048.1 366.911 136.657 61681.2 61641.3 9030.17 5323.33 1946.3 1531.93 3377.03 869.101
internal_count=4494149 870780 429681 333392 332143 96747 44493 11542 52254 42378 23252 18419 10280 9585 32951 4492 9876 5021 4833 1559 235396 41064 9189 5469 2537 31875 12389 19486 19341 17030 6974 10056 10521 194332 66217 128115 107065 72967 11264 10815 61703 21437 40266 34098 14605 11255 19493 62700 719 4128 3044 858 441099 3950 1591 437149 436796 65825 43135 17494 12534 25641 8098
is_linear=0
shrinkage=0.176106


Tree=63
num_leaves=64
num_cat=0
split_feature=8 8 3 3 10 7 5 5 8 5 5 3 8 1 9 1 6 3 10 7 5 10 11 6 6 10 5 5 7 9 3 7 10 7 9 11 6 5 1 9 3 7 6 3 10 3 6 3 11 5 10 1 9 5 3 7 9 10 9 6 10 5 11
split_gain=9.90969 88.7171 50.7862 35.4824 51.2075 39.8046 39.3964 38.2226 30.574 65.2644 49.3395 42.8573 91.6579 80.393 52.5344 47.4589 38.7912 33.9951 32.5062 43.3015 33.5449 28.2872 26.5242 31.6292 40.7046 33.7679 31.2219 32.566 25.3415 25.2154 29.7545 35.6249 24.9128 24.1055 32.3055 23.7155 23.5997 23.4746 23.1296 23.0072 28.8122 24.4195 24.347 23.2089 22.4993 32.0246 22.1084 44.3788 59.6919 24.7783 21.5809 21.1687 21.4659 20.9045 20.7402 19.6483 19.3619 19.3067 27.7061 18.9179 18.9101 18.7504 18.6972
threshold=0.86628032038578417 0.85824804301739877 5.5000000000000009 9.5000000000000018 0.8584426194535355 90.500000000000014 111.50000000000001 139.50000000000003 0.8806295869237083 224.50000000000003 81.500000000000014 9.5000000000000018 0.90127320420397428 5.5000000000000009 0.90440031169700774 3.5000000000000004 158.50000000000003 8.5000000000000018 0.89208167542963979 134.50000000000003 114.50000000000001 0.86751522806253079 0.86311048711048721 91.500000000000014 193.50000000000003 0.86751522806253079 133.50000000000003 135.50000000000003 7.5000000000000009 0.85335723161619847 19.500000000000004 97.500000000000014 0.89208167542963979 93.500000000000014 0.85898181681714003 0.93335646541753425 9.5000000000000018 116.50000000000001 5.5000000000000009 0.842470519626908 20.500000000000004 62.500000000000007 113.50000000000001 19.500000000000004 0.79706808920871108 21.500000000000004 35.500000000000007 9.5000000000000018 0.84842772545570233 60.500000000000007 0.88563453713947482 6.5000000000000009 0.82768891044030724 139.50000000000003 7.5000000000000009 20.500000000000004 0.93465304785390269 0.88047417976671827 0.90416964659569043 127.50000000000001 0.89837950049573323 45.500000000000007 0.9081118007279243
decision_type=2 2 2 2 2 2 2 2 2 2 2 2 2 2 2 2 2 2 2 2 2 2 2 2 2 2 2 2 2 2 2 2 2 2 2 2 2 2 2 2 2 2 2 2 2 2 2 2 2 2 2 2 2 2 2 2 2 2 2 2 2 2 2
left_child=1 -1 38 4 5 28 -7 -8 10 11 46 12 13 14 18 29 17 50 19 53 57 -6 23 60 -25 -26 -27 -28 -4 -13 59 -32 44 -11 -35 36 -14 62 -3 42 -41 -42 43 -19 45 -5 47 48 49 -2 -12 52 -46 -10 -51 -48 -54 -21 -59 -31 -17 -33 -38
right_child=8 2 3 32 21 6 7 -9 9 33 16 15 35 -15 -16 22 -18 39 -20 20 -22 -23 -24 24 25 26 27 -29 -30 30 31 61 -34 34 -36 -37 37 -39 -40 40 41 -43 -44 -45 51 -47 55 -49 -50 54 -52 -53 56 -55 -56 -57 -58 58 -60 -61 -62 -63 -64
leaf_value=9.5424893054945871e-05 -0.027969626021680627 -0.079852223447609796 -0.060719078972419994 -0.0591235113935724 0.050545067188527595 0.11146431177658318 -0.27580344414772895 -0.073085891169316339 0.012593295443151124 0.012305966963073307 -0.01844000744101287 -0.007119286504388242 -0.044773043113627113 0.058210416538844338 0.062538776320428369 -0.0073592143716136567 -0.0040176215634539474 0.017175409500209089 0.060400150609563809 -0.033752636150803074 0.020598355056657972 0.0023133169535043043 -0.0037454193330513927 -0.036561087512183892 0.041649235968437538 0.010987951816236255 -0.40617099818515628 -0.087564129497074317 0.01681089895351617 0.0051074867339477945 0.014897700043988877 -0.047957924636924582 -0.044912004538697356 0.0682465938983422 0.0062779636950867903 0.010388034786208282 0.011199697524908257 -0.048453915447306983 -0.24989240711269828 0.0052072158725739491 0.026488993749010301 0.11244241691177061 0.043645203900101549 -0.055836289203962157 -0.055661400817841419 -0.3495300258821889 0.0025441071021437473 0.019371769996122765 0.044773892275243088 -0.030744520987748953 0.012529599888088237 0.0060402051234740182 -0.014633181186747468 -0.019537196642159062 -0.20771525530742221 0.032148217581302561 -0.094868656959660819 -0.083764291798894136 -0.25189646227944384 -0.012227543236120787 -0.082533336380025454 0.089353624059468673 -0.02561350426943813
leaf_weight=395721.78549306281 56.690564628690481 87.753203827887774 208.90063775517046 109.28343413770199 696.09583150967956 19.989828873425722 48.665467776358128 70.830415744334459 3911.4985593156889 1577.4813949828967 2223.4754397086799 6083.8342184387147 861.67680377140641 1408.4370466470718 564.42333507258445 9722.7609465559945 14526.061941495165 3228.1988256275654 321.14529152959585 118.33506380207837 131.77316830400378 822.95988696441054 29726.842808833346 2823.9181293956935 412.09882055968046 95.638411618769169 12.20563657954335 53.829201750457287 349.50391574949026 14686.068285033107 3024.1874124128371 34.352047173306346 986.7149650529027 725.95372451283038 407.28172178287059 1071.9211242208257 1186.1871060431004 414.06904893554747 34.588047564029694 12302.507591372356 541.0209229812026 126.47170661762357 1166.1046649478376 140.92129275202751 442.23250198550522 13.199015483260153 863.48625988140702 802.08366092294455 102.66623063385487 26.260725382715464 1017.0123786814511 1334.1895870789886 7099.5393090061843 748.10202997270972 94.248606484383345 3569.7070662919432 94.516682468354702 115.60062227398157 41.24052276648581 2251.7854867689312 104.8981218393892 301.87221036478877 669.30881236307323
leaf_count=3059594 712 1193 2824 732 9544 291 441 578 80390 18060 30904 50530 11506 31550 16647 63507 118948 24867 8115 2090 2426 12958 295129 18855 2924 722 98 386 4123 178592 36524 660 9037 7153 6275 25687 13699 5398 471 114919 7186 1969 8596 894 2830 84 7103 6695 1751 447 20216 9905 56479 15082 778 33079 979 2323 836 31279 661 3685 12233
internal_value=5.48629e-05 -0.000364537 -0.0150209 -0.0138976 0.00627374 -0.0332136 -0.117364 -0.155644 0.00143091 -0.000497432 0.0053838 -0.00139809 0.00852722 0.0203752 0.0114223 -0.00305346 0.00296178 0.00784873 0.00606729 0.00262338 -0.0524669 0.0244152 -0.00666441 -0.0132255 -0.0278725 0.0148899 -0.0533187 -0.146454 -0.0121933 0.00282547 0.00580613 0.0209437 -0.0183341 0.0263817 0.0459752 -0.0122209 -0.0199606 -0.0105402 -0.127926 0.0109159 0.00714061 0.0427748 0.0217127 0.0141215 -0.01545 -0.0904184 0.0208737 -0.0016963 -0.0620764 -0.123983 -0.00872034 -0.0144264 -0.0180023 0.00743472 -0.169151 0.026382 -0.0156873 -0.0874555 -0.127974 0.0028029 -0.00816161 0.0753245 -0.00207945
internal_weight=532536 408141 12419 12296.6 2216.95 697.89 139.486 119.496 124396 83608.7 40786.9 80898 11563.7 7360.56 5952.12 69334.3 35271.8 20745.7 5387.7 5066.55 406.949 1519.06 42952.2 13225.3 3397.69 573.772 161.673 66.0348 558.405 26382.1 20298.3 3360.41 10079.7 2710.72 1133.24 4203.16 3131.24 2269.56 122.341 17505.2 12970 667.493 4535.22 3369.12 9092.96 122.482 5515.14 1081.95 279.866 177.2 3240.49 8970.48 7636.29 4659.6 120.509 4433.19 7194.06 275.176 156.841 16937.9 9827.66 336.224 1855.5
internal_count=4494149 3172063 112469 110805 30759 8257 1310 1019 1322086 943022 379064 911534 227982 159459 127909 683552 328499 209551 111262 103147 7675 22502 382282 87153 22985 4130 1206 484 6947 301270 250740 40869 80046 31488 13428 68523 42836 31330 1664 158431 124074 9155 34357 25761 71009 816 50565 10383 3688 1937 51120 70193 60288 95472 1225 40182 57458 5249 3159 209871 64168 4345 25932
is_linear=0
shrinkage=0.176106


Tree=64
num_leaves=64
num_cat=0
split_feature=4 5 0 0 6 3 4 0 5 7 6 5 11 11 8 4 0 12 5 0 1 5 11 6 11 11 12 7 6 11 4 0 8 7 5 11 1 7 11 0 4 4 8 6 5 11 8 11 3 4 4 5 4 0 3 8 8 0 4 7 5 4 5
split_gain=10.0519 46.9027 36.2968 49.5342 34.4643 26.9723 26.4101 49.4233 37.6684 24.5233 23.5706 23.2839 22.8135 23.9533 20.7449 20.5842 21.5555 19.0077 28.7707 35.1297 28.4433 18.9663 19.5166 18.7449 18.1923 17.6387 20.702 17.0011 16.5248 16.4817 32.0579 17.7643 16.2988 16.0132 30.5425 18.4267 17.6653 15.692 15.6946 15.5868 20.7578 16.8692 15.5203 23.8858 15.5052 16.7797 15.4939 45.4344 21.7125 20.5164 20.1771 38.3165 27.8425 26.0285 18.9386 26.0268 33.0847 28.4705 20.9198 18.8501 16.6827 27.2528 15.7881
threshold=1010.0000000000001 156.50000000000003 3.5000000000000004 1.5000000000000002 25.500000000000004 6.5000000000000009 881.50000000000011 5.5000000000000009 147.50000000000003 13.500000000000002 51.500000000000007 134.50000000000003 0.83221527041210541 0.80639476781030028 0.848122963620355 903.50000000000011 8.5000000000000018 0.80854474376661079 207.50000000000003 2.5000000000000004 3.5000000000000004 175.50000000000003 0.7821910499704513 26.500000000000004 0.65809831459764956 0.78611925945679506 0.80854474376661079 304.50000000000006 44.500000000000007 0.85810375586684573 1006.0000000000001 8.5000000000000018 0.83526014591826703 52.500000000000007 136.50000000000003 0.75902296332568764 1.5000000000000002 183.50000000000003 0.79451131734357028 2.5000000000000004 903.50000000000011 930.50000000000011 0.83028932750521267 11.500000000000002 151.50000000000003 0.79108615885452604 0.84154593889460827 0.80379815140147604 8.5000000000000018 852.50000000000011 719.50000000000011 114.50000000000001 646.50000000000011 3.5000000000000004 9.5000000000000018 0.85824804301739877 0.86628032038578417 8.5000000000000018 546.50000000000011 21.500000000000004 104.50000000000001 588.50000000000011 56.500000000000007
decision_type=2 2 2 2 2 2 2 2 2 2 2 2 2 2 2 2 2 2 2 2 2 2 2 2 2 2 2 2 2 2 2 2 2 2 2 2 2 2 2 2 2 2 2 2 2 2 2 2 2 2 2 2 2 2 2 2 2 2 2 2 2 2 2
left_child=1 6 3 27 -4 12 8 23 33 -9 11 -11 13 -5 15 -12 -17 18 -2 20 37 22 -7 44 -19 26 -24 -3 -21 31 -31 42 -14 34 46 36 -35 38 -20 40 -25 -42 43 -13 -8 -46 50 48 62 -50 51 52 60 -53 -49 -56 58 -58 -57 -54 -1 -62 -48
right_child=17 2 4 5 -6 21 7 9 -10 10 14 29 32 -15 -16 16 -18 24 19 28 -22 -23 25 39 -26 -27 -28 -29 -30 30 -32 -33 -34 35 -36 -37 -38 -39 -40 -41 41 -43 -44 -45 45 -47 47 54 49 -51 -52 53 59 -55 55 56 57 -59 -60 -61 61 -63 -64
leaf_value=-0.0021290988156867888 -0.003602396313542742 0.027228007056076545 0.044759486519892228 -0.052591609473886934 0.012177976908759833 0.01857576744264516 -0.0039212885035868339 0.019938165317085942 0.012380318356846762 -0.1209092874207536 0.0063643506849359825 -0.25011714483130715 -0.16500426410469685 -0.21846160255357064 -0.016019286711995741 -0.053993139452928607 -0.0057800457164885188 -0.055464667150364126 0.00098373507918199355 0.027258358540515948 0.0044530388364470101 0.019501810319195574 -0.23928545974610391 -0.01555778561473975 -0.0027535476444710202 -0.014248893511698672 -0.041506576241695486 -0.01577887298175603 0.0086402502150124526 0.016540994706812567 -0.15615921345678752 -0.057703751266867963 -0.0048269409044065844 -0.022846684241952922 0.014977984320836782 -0.00055882202328195335 -0.0046792259062949197 0.018962301947299785 -0.042789021354316385 -0.00094305096157532432 0.037628032908040378 0.0102996724798122 0.00627684961805367 -0.030526726071756084 -0.10261877685780528 -0.021794170777301492 -0.14047472038185954 0.0090026953296557331 0.01341828916530893 -0.087502779276459455 -0.01388606213255909 -0.0020161996879456178 -0.0072851119788769677 0.023022007863072194 0.0045096697924069456 -0.0074069136390152333 0.00033364532718214637 -0.016499751094448317 -0.036426271617313884 -0.072159919850330906 0.018714469811496215 -0.0057092961159225294 0.063778467453039098
leaf_weight=56124.156669257209 15188.190670302138 1988.0002491679043 1121.9637614805251 61.703793779015541 9816.2326435819268 584.33866877108812 622.07818231917918 598.99347248952836 7835.4655996654183 50.62121494859457 292.01773945242167 17.001685850322247 22.382156446576118 48.009642407298088 5141.0159158483148 1403.2167605608702 361.73031020909548 203.55361702293158 332.04744893312454 1672.5649042520672 2364.3978701606393 727.62677379697561 22.874692142009735 616.40931366756558 84443.040795377456 3542.8830693494529 58.109740883111954 332.79197513312101 12741.37228416279 1394.8122018156573 34.151102043688297 246.91497786529362 164.51564857177436 1954.1117387339473 4944.4962010495365 192428.95760183502 11025.238865248859 211.1773889772594 1081.2516819909215 5316.5556681361049 1076.4373424723744 2005.9052341766655 762.18432569876313 159.3443714492023 123.06904929876328 225.85380049236119 12.147368885576723 8453.422793279402 8433.7716636192054 62.938545249402523 3575.5853811986744 2045.1267296522856 269.01573425158858 3476.4573748651892 26276.824006099254 1782.642771165818 35312.839493573643 3417.6112588085234 1356.8294991888106 287.19212241098285 3182.7088385578245 2553.7993181496859 347.08901968598366
leaf_count=387649 100523 16955 9693 422 76374 2858 5798 4559 57400 777 2169 156 169 375 42567 9246 2859 930 1711 14041 15432 4813 100 4797 743888 26943 354 2571 84037 15629 323 2205 1983 10819 37140 1722915 61954 1481 7949 50576 8349 16846 5284 1163 610 2098 116 148258 53174 376 23255 11739 1879 21499 213747 15336 340305 42940 11098 1631 20053 16239 4047
internal_value=-4.15816e-05 0.000367334 0.00903634 -0.000352898 0.01552 -0.00985079 -3.78722e-05 -0.00620108 0.000298058 -0.0146599 -0.016761 -0.00261253 -0.0614293 -0.125175 -0.0219995 -0.0369459 -0.0441117 -0.00147371 0.0020708 0.006753 -0.00787337 -0.00675126 -0.0112906 0.00266062 -0.0028803 -0.0161065 -0.0973708 0.021061 0.0108007 -0.000322026 0.0124136 -0.0156738 -0.0240092 4.03285e-05 0.00134998 -0.000992015 -0.00741444 -0.0258143 -0.0325048 0.00516462 0.0139437 0.0198435 -0.00461632 -0.0516976 -0.0205879 -0.0503019 0.000920704 0.00252126 0.0144637 0.0126707 -0.000991893 -0.000313276 -0.00155719 0.0137482 0.00114057 0.000165289 -0.00256117 -0.00115175 -0.0199486 -0.0407825 -0.00120451 0.00784141 0.0568718
internal_weight=532336 414098 18491.4 7553.24 10938.2 5232.44 395607 20448.3 375158 10462 9863.01 2665.03 296.611 109.713 7197.98 2056.96 1764.95 118238 33591 18402.8 3988.87 4935.83 4208.21 9986.31 84646.6 3623.87 80.9844 2320.79 14413.9 2614.41 1428.96 1185.45 186.898 367323 161915 205408 12979.4 1624.48 1413.3 9015.31 3698.75 3082.34 938.53 176.346 971.001 348.923 156970 85456.1 8855.95 8496.71 71514 67938.5 62416.9 5521.58 76600.2 68146.7 41869.9 38730.5 3139.47 556.208 61860.7 5736.51 359.236
internal_count=4493182 3523190 143610 57543 86067 38017 3379580 176011 3203569 86937 82378 25537 2949 797 56841 14274 12105 969992 225174 124651 26573 35068 30255 89074 744818 27397 454 19526 98078 24760 15952 8808 2152 3146169 1350481 1795688 72773 11141 9660 80568 29992 25195 6603 1319 8506 2708 1313341 829397 57713 53550 483944 460689 427451 33238 771684 623426 409679 383245 26434 3510 423941 36292 4163
is_linear=0
shrinkage=0.176106


Tree=65
num_leaves=64
num_cat=0
split_feature=1 8 0 0 9 7 6 3 6 9 9 0 9 0 9 0 6 9 0 7 7 3 9 3 7 7 7 6 8 3 9 9 9 6 6 6 7 3 6 6 0 8 3 0 8 0 9 1 0 3 0 8 8 9 8 0 7 8 3 6 6 9 9
split_gain=8.14374 32.4514 29.9761 28.5999 117.566 63.7079 50.9473 51.6144 48.0386 54.4201 36.827 68.4678 72.9036 51.9002 150.597 122.5 72.933 65.7526 47.2648 140.3 128.399 41.3231 41.321 68.871 38.6542 46.8911 79.6089 37.1409 35.7481 35.4076 31.4851 48.2368 38.8777 43.787 45.1504 30.7006 29.5602 29.0327 26.8458 26.231 25.4956 56.4106 24.7419 24.37 23.9405 25.6819 23.5253 23.2406 47.4263 73.8512 61.6082 56.9819 126.426 41.9447 45.703 40.3744 46.7521 37.3732 36.0788 35.0605 35.2899 33.3422 39.7467
threshold=1.5000000000000002 0.90127320420397428 6.5000000000000009 5.5000000000000009 0.83509183109032337 73.500000000000014 202.50000000000003 15.500000000000002 276.50000000000006 0.8105164617161551 0.81771820045148702 1.5000000000000002 0.81736366305786812 2.5000000000000004 0.81300475711592879 3.5000000000000004 187.50000000000003 0.81204943875531377 1.5000000000000002 181.50000000000003 165.50000000000003 8.5000000000000018 0.80970031873537096 18.500000000000004 264.50000000000006 228.50000000000003 233.50000000000003 46.500000000000007 0.84496713270957635 12.500000000000002 0.89127477498379648 0.89197407568309728 0.86821570056551922 156.50000000000003 105.50000000000001 196.50000000000003 203.50000000000003 17.500000000000004 344.50000000000006 337.50000000000006 4.5000000000000009 0.8563935865996698 18.500000000000004 3.5000000000000004 0.80652984726770349 4.5000000000000009 0.76001425473962181 2.5000000000000004 6.5000000000000009 14.500000000000002 5.5000000000000009 0.8563935865996698 0.86628032038578417 0.83963179747170258 0.82113268084446045 8.5000000000000018 228.50000000000003 0.90127320420397428 18.500000000000004 337.50000000000006 278.50000000000006 0.83666570067506907 0.84171677762231656
decision_type=2 2 2 2 2 2 2 2 2 2 2 2 2 2 2 2 2 2 2 2 2 2 2 2 2 2 2 2 2 2 2 2 2 2 2 2 2 2 2 2 2 2 2 2 2 2 2 2 2 2 2 2 2 2 2 2 2 2 2 2 2 2 2
left_child=1 2 3 10 8 6 -6 -8 -5 -10 11 12 -1 14 17 39 36 22 19 30 27 -14 23 -13 25 -22 -27 44 -24 -21 32 -32 33 34 -12 -18 40 43 -37 -15 41 -17 -30 -28 45 -20 -4 48 50 53 59 -52 61 54 -50 56 -51 -54 -57 60 -2 -53 -63
right_child=47 -3 46 4 5 -7 7 -9 9 -11 18 13 21 15 -16 16 35 -19 20 29 24 -23 28 -25 -26 26 37 -29 42 -31 31 -33 -34 -35 -36 38 -38 -39 -40 -41 -42 -43 -44 -45 -46 -47 -48 -49 49 55 51 52 57 -55 -56 58 -58 -59 -60 -61 -62 62 -64
leaf_value=0.025879238959937396 0.0042414895515881703 0.017501011325548894 -0.037743799805790103 0.019734470140363031 -0.016841256054003741 0.0072550904682705131 -0.034881168376350052 -0.14747820078002205 0.018522793350432491 0.098541519538113923 -0.026521477847863923 -0.027421480169948612 -0.39654700908368734 0.03118133147389349 -0.12788320024486052 0.0070175064151498387 -0.13542780507782359 0.11094656057486341 -0.014156836358489308 0.01205364096908643 -0.010016327513304545 -0.079323224232801207 -0.10864527961668206 0.067737553311905105 -0.00024629545437710056 -0.15388450778792498 -0.018689882407888776 0.019335407901755967 -0.0072152714721856973 0.078504057901989319 -0.2115162176110463 -0.046917282284551623 0.022632468782509376 0.017871056270093902 -0.087782163865084445 -0.037223968067722199 -0.042816267978049979 0.050384465331007974 -0.099558209807995693 -0.0086539859778201507 0.024760430902820534 -0.097603910652227149 -0.11885394022464564 -0.068546411563877724 0.0052634930199286526 -0.10949796597404401 -0.0061766493382130108 -0.000280984507324969 -0.0006470895187172651 0.0049709297416082677 0.033209805649576991 -0.0088190684846659439 0.038403844612428586 -0.0027346768768459896 -0.032784626514312458 0.010236661813283608 -0.034388685556062594 -0.035419242052833942 0.047805866455136133 0.033832798542396167 -0.020937804110238697 -0.16780825345488473 -0.05615016860347085
leaf_weight=2055.1911132000387 32142.113769793883 2639.1475833281875 753.1194381415844 3220.6606450993568 1537.3460224531591 2981.7220248542726 312.19802635721862 211.9974991120398 475.80027347058058 590.99242893606424 1830.8294012285769 1162.6473691985011 14.762033693492411 2040.8155501969159 466.34066210314631 722.38770881295204 124.59730350971222 116.33454448729753 414.10266552865505 486.94839598610997 1706.0794508643448 92.763404078781605 281.85089461505413 295.91239722073078 2298.2746466659009 207.49246548116207 589.95938307605684 10751.903975775465 340.51490401476622 508.25238109380007 59.81131661683321 718.8870364241302 548.43508145026863 513.52126232907176 468.62450429797173 1671.4069830477238 516.5802759565413 109.24918235465884 245.7861176431179 684.64488036930561 964.61793515086174 205.24708005413413 75.15683114528656 627.44035036861897 4817.9693567370996 111.13957204669714 26326.731080438942 384657.27422433347 2038.1908036582172 9296.8962176088244 4678.8627047520131 241.30961496755481 1358.6468987474218 7486.3791650999337 4201.015876006335 2384.6770014446229 1040.7153726257384 252.15104097872972 1187.5328807812184 1174.8807850368321 1824.2687215022743 140.49137979745865 333.75024451315403
leaf_count=14917 324973 39721 3771 24498 15906 29116 2783 1457 3184 4311 16161 6036 117 14590 2170 5352 734 590 2923 4797 15699 621 1208 1474 19552 1073 3841 101398 1943 3864 639 8961 6545 4754 3710 10695 3242 735 1730 5203 6918 1607 374 4148 53385 995 204190 3177853 15215 55799 41197 2136 16071 88152 36458 22098 4918 4042 12248 10127 15323 1219 3715
internal_value=-2.97533e-05 -0.00169345 -0.00236657 0.000268497 0.00902347 -0.00920297 -0.0330072 -0.0804182 0.0304629 0.0628524 -0.0018344 -0.00990691 0.0184835 -0.0160997 -0.0367242 -0.00822833 -0.026234 -0.0180168 0.00180774 -0.0133806 0.00541309 -0.122874 -0.0249752 -0.00811563 -0.0177151 -0.0301057 -0.0524466 0.0133717 -0.0602294 0.0459901 -0.0276521 -0.05956 -0.0202604 -0.0286231 -0.0390063 -0.0507204 -0.00547869 -0.0365813 -0.0452153 0.0211746 0.00471438 -0.0161309 -0.0274005 -0.0443856 0.00137135 -0.0343307 -0.00705457 0.000255424 0.00321226 -0.00245746 0.00692989 0.0220103 -0.000514801 -0.0116221 -0.0222861 0.00658582 0.00100849 0.0268477 0.022726 0.0039237 0.00288916 -0.0621114 -0.0892282
internal_weight=532335 77896.2 75257 48177.2 9330.72 5043.26 2061.54 524.196 4287.45 1066.79 38846.5 12077.6 2162.72 9914.84 2738.76 7176.08 4450.62 2272.42 26768.9 5135.31 21633.6 107.525 2156.08 1458.56 5538.5 3240.22 1534.14 16095.1 697.523 995.201 4140.11 778.698 3361.41 2812.98 2299.45 2041.79 2408.83 1326.65 1917.19 2725.46 1892.25 927.635 415.672 1217.4 5343.21 525.242 27079.9 454439 69781.9 27635.4 42146.5 7005.21 2326.35 13725.6 6239.21 13909.8 10337.6 1610.8 3572.21 35141.3 33966.4 715.551 474.242
internal_count=4493182 661638 621917 413956 81255 49262 20146 4240 31993 7495 332701 79521 15655 63866 13795 50071 30278 11625 253180 49431 203749 738 11035 7510 45048 25496 9797 158701 3525 8661 40770 9600 31170 24625 19871 13159 17119 8724 12425 19793 13877 6959 2317 7989 57303 3918 207961 3831544 653691 234888 418803 68380 27183 139825 51673 95063 60717 20113 34346 350423 340296 7070 4934
is_linear=0
shrinkage=0.176106


Tree=66
num_leaves=64
num_cat=0
split_feature=5 4 4 5 4 3 6 10 0 1 5 4 10 3 6 7 10 8 0 0 1 4 10 1 3 7 5 0 8 6 3 10 0 0 10 7 7 7 1 5 8 7 6 5 6 3 1 7 6 6 5 7 8 7 6 3 8 4 5 8 10 5 8
split_gain=8.48374 19.0905 12.1944 19.3079 46.7869 16.1834 33.0607 25.8286 23.2277 15.9762 14.731 20.4978 27.0035 28.2653 25.9175 20.3651 22.1747 40.0027 49.7805 43.4054 32.8398 43.5955 30.4785 29.4186 43.7431 35.2245 22.4667 20.3247 23.7526 30.7802 18.9708 26.0084 20.4149 18.8994 17.3714 19.9977 18.6248 16.5249 15.8003 15.4468 15.4098 15.1525 14.946 15.7822 14.8753 15.9882 14.5207 22.571 14.4852 18.5582 24.5506 14.3468 14.0507 17.7565 13.9196 13.7831 40.4292 27.8408 23.9664 15.0179 14.2546 21.2703 14.0423
threshold=40.500000000000007 77.500000000000014 116.50000000000001 50.500000000000007 77.500000000000014 7.5000000000000009 70.500000000000014 0.8964694903234508 3.5000000000000004 3.5000000000000004 57.500000000000007 190.50000000000003 0.70487125315873655 14.500000000000002 2.5000000000000004 282.50000000000006 0.78039792282923359 0.8563935865996698 8.5000000000000018 7.5000000000000009 2.5000000000000004 180.50000000000003 0.91278690735642409 4.5000000000000009 13.500000000000002 52.500000000000007 45.500000000000007 8.5000000000000018 0.848122963620355 55.500000000000007 14.500000000000002 0.85297677249019188 5.5000000000000009 4.5000000000000009 0.87431646764156656 91.500000000000014 91.500000000000014 89.500000000000014 1.5000000000000002 55.500000000000007 0.848122963620355 10.500000000000002 281.50000000000006 54.500000000000007 14.500000000000002 6.5000000000000009 6.5000000000000009 6.5000000000000009 5.5000000000000009 11.500000000000002 53.500000000000007 116.50000000000001 0.848122963620355 81.500000000000014 220.50000000000003 14.500000000000002 0.83028932750521267 159.50000000000003 67.500000000000014 0.78730933661789715 0.84899822525172619 66.500000000000014 0.83526014591826703
decision_type=2 2 2 2 2 2 2 2 2 2 2 2 2 2 2 2 2 2 2 2 2 2 2 2 2 2 2 2 2 2 2 2 2 2 2 2 2 2 2 2 2 2 2 2 2 2 2 2 2 2 2 2 2 2 2 2 2 2 2 2 2 2 2
left_child=1 -1 3 -2 -5 6 52 8 -8 -10 15 12 13 -12 37 16 26 22 19 38 -20 -22 30 24 -23 -26 -4 28 55 44 33 51 42 34 36 54 40 -14 -19 -21 -18 -31 43 -33 -30 -46 -7 -48 -24 -50 -51 -32 -6 -54 -36 60 58 -58 59 -57 62 -62 -16
right_child=2 -3 10 4 5 46 7 -9 9 -11 11 -13 14 -15 27 -17 17 18 20 39 21 23 48 -25 25 -27 -28 -29 29 41 31 32 -34 -35 35 -37 -38 -39 -40 -41 -42 -43 -44 -45 45 -47 47 -49 49 50 -52 -53 53 -55 -56 56 57 -59 -60 -61 61 -63 -64
leaf_value=0.0017582289583514385 0.0019244053933095539 -0.022947092635379116 -0.059772463816929765 -0.38656059445793722 0.078111282605320506 0.033689440154505298 -0.019636063239520933 0.049518923937629501 -0.10537666989156867 -0.2925008100777457 0.077284530095138942 -3.7161916446609558e-05 -0.29553333481224986 -0.073208043657430583 0.013467068553947716 0.01642996257578648 -0.035341381631906227 0.015948389120320136 0.012085933069819301 0.035480159879775881 0.0028912725556199249 -0.019646465826004565 -0.3846319708356386 -0.04561036682612455 -0.20407735163003804 0.047853491672005879 0.016394617709354541 -0.013620300264973642 0.032978076619650576 0.010883153520014847 -0.0092340195485019309 -0.030592730308872045 -0.059503669587884847 0.0034587078205932683 0.044877960496518605 -0.24630649872794266 0.0086057531597650786 -0.057985332116722084 -0.0039935560144491056 -0.022124185371860314 0.028778067272882561 0.052418495175943818 -0.07663815369054558 0.031851049300435468 -0.13161292917697484 -0.0038231709057026555 -0.11840624629897122 0.013138640291935653 0.032741922688429397 -0.4638341297941253 -0.090480157875225092 -0.038630461997086363 -0.28490450222080188 0.021106167716594116 -0.1075502634717119 -0.012471868160999692 0.013698334201648723 -0.031119704913511025 0.047103669044440431 0.01828960405322554 0.016188468522528726 0.069915642312120677 -0.015210218873808509
leaf_weight=2446.3238137029111 7430.0433296076953 1607.4198041828349 127.69857687316835 8.719691710546611 93.366406382992864 1694.8300246810541 35.097236417233944 32.967681504786015 27.417552370578051 29.24227443151176 46.618826895952225 478713.46864434052 12.746144937351344 228.02638443559408 2502.4068413227797 1418.7616562619805 1082.3133246246725 1427.8048448860645 340.59302450530231 1454.9257483100519 295.60038198996335 82.446595629677176 7.2175094112753859 333.5764692267403 152.61232095398009 19.40008344873786 2019.2782746534795 1162.1380271334201 390.75729834660888 359.67790913209319 3112.0697138365358 308.72716996818781 849.69254707172513 2600.3759422078729 29.525992769747972 20.44069666787982 643.86593949608505 31.594208838418126 8994.1647196589038 160.27427420578897 130.2305137552321 1122.5001281592995 110.04932870715857 211.53955895081162 31.556436374783516 803.44949834048748 48.662537846714258 239.79763064906001 16.210082653909922 7.994218252599242 17.246072541922331 616.97033725678921 8.0073850490152854 22.143284037709236 50.118095573037863 830.83858466893435 602.23559093847871 1501.8233399689198 552.48389752954245 1207.6189700104296 893.88439998775721 307.01644464209676 671.70129822567105
leaf_count=27901 82807 16867 643 75 1564 17600 384 578 302 341 285 3979207 139 985 21382 13320 8785 16693 5636 14153 3761 1450 69 3748 1294 187 11253 12109 5151 4352 19616 2985 6027 25953 395 285 5891 297 93496 1755 1458 10645 922 1930 471 7789 416 2560 195 90 248 3556 87 378 473 4682 5697 9971 3592 7698 11015 4572 5988
internal_value=-1.24427e-05 -0.0080381 4.91415e-05 0.00624532 0.0205761 0.022167 -0.0202231 -0.084179 -0.132216 -0.201952 -6.63949e-05 0.000152019 0.00698231 -0.0476631 0.00813816 -0.00409968 -0.00525444 -0.00684716 -0.000539317 0.00290164 -0.0343724 -0.0522795 -0.0153703 -0.0800133 -0.125113 -0.175664 0.0118643 0.00859873 0.0107911 0.0252648 -0.0146775 -0.0219371 -0.0416895 -0.00637885 -0.0194539 -0.0909212 -0.0156009 -0.126271 -0.00126152 0.0297642 -0.0284548 0.0423392 -0.0176753 -0.0052032 0.00461873 -0.00865258 0.0274728 -0.00905267 -0.154388 -0.114297 -0.208731 -0.0140977 0.0443582 -0.0601638 -0.0510414 0.00646982 -0.000157166 -0.0182916 0.0145695 0.00575178 0.0135815 0.0299241 0.00739841
internal_weight=532338 4053.74 528285 9670.3 2240.25 2231.53 248.242 124.725 91.7571 56.6598 518614 491973 13259.1 274.645 12984.4 26641.7 25223 23076 13261.4 12037.2 1224.23 883.636 9814.59 588.035 254.459 172.012 2146.98 12940.1 11778 2707.94 9765.92 5209.05 1480.01 4556.87 1956.49 100.085 1856.41 44.3404 10422 1615.2 1212.54 1482.18 630.316 520.267 1225.76 835.006 1983.29 288.46 48.6679 41.4504 25.2403 3729.04 123.517 30.1507 79.6441 9070.01 4695 2104.06 2590.94 2038.46 4375.01 1200.9 3174.11
internal_count=4494154 44768 4449386 107092 24285 24210 3634 1605 1027 643 4342294 4096027 116820 1270 115550 246267 232947 221051 142173 126097 16076 10440 78878 6679 2931 1481 11896 115114 103005 28408 78276 35036 11864 43240 17287 1153 16134 436 110189 15908 10243 14997 5837 4915 13411 8260 20576 2976 602 533 338 23172 2029 465 868 74597 31640 15668 15972 12380 42957 15587 27370
is_linear=0
shrinkage=0.176106


Tree=67
num_leaves=64
num_cat=0
split_feature=2 4 11 11 1 3 11 1 4 10 10 1 7 4 10 10 11 9 7 11 9 11 9 9 9 7 11 4 10 9 7 7 7 10 7 1 7 11 10 10 2 7 1 7 3 2 4 9 9 4 2 7 11 7 9 9 10 9 10 9 11 9 10
split_gain=8.14496 24.3132 17.5925 17.688 18.9851 12.5986 14.9002 11.7556 24.5423 19.2318 12.3238 12.0839 12.6264 12.0069 11.7463 11.5697 13.1184 23.0519 20.4474 15.6237 14.551 12.4321 12.695 11.7519 11.0643 10.8229 10.7055 10.5748 10.0286 9.74677 10.9991 11.9755 9.74618 9.5834 12.3075 9.49784 10.736 9.41628 10.8721 8.6448 10.9406 8.60388 8.45021 8.3 11.4708 22.9115 24.6429 20.5315 29.5021 18.5814 24.2973 38.307 16.261 16.0608 18.3037 15.8539 14.5102 24.7211 34.2947 25.0089 23.8671 18.3317 14.8971
threshold=610.50000000000011 665.50000000000011 0.77878147503720951 0.83221527041210541 6.5000000000000009 5.5000000000000009 0.82713862427871121 4.5000000000000009 1441.0000000000002 0.86501369002994422 0.87324711660086407 6.5000000000000009 15.500000000000002 866.50000000000011 0.87396825112711551 0.81459672985624421 0.81667025701360474 0.90358654932669269 362.50000000000006 0.81319940955957193 0.78885467894210393 0.84891065452471282 0.83253477257070907 0.83055930416159029 0.83470148464705207 97.500000000000014 0.79344242713807944 861.50000000000011 0.82137667740611919 0.82673966244764285 359.50000000000006 155.50000000000003 11.500000000000002 0.84807002284021105 125.50000000000001 2.5000000000000004 11.500000000000002 0.82983545290988137 0.81459672985624421 0.81749065335208415 600.50000000000011 15.500000000000002 6.5000000000000009 53.500000000000007 6.5000000000000009 636.50000000000011 301.50000000000006 0.82673966244764285 0.81687839455030853 304.50000000000006 629.50000000000011 359.50000000000006 0.80379815140147604 79.500000000000014 0.81900813221307578 0.83055930416159029 0.83774435801711344 0.89252151232798049 0.84807002284021105 0.83934877204472325 0.84891065452471282 0.8337046859633922 0.87272533060623958
decision_type=2 2 2 2 2 2 2 2 2 2 2 2 2 2 2 2 2 2 2 2 2 2 2 2 2 2 2 2 2 2 2 2 2 2 2 2 2 2 2 2 2 2 2 2 2 2 2 2 2 2 2 2 2 2 2 2 2 2 2 2 2 2 2
left_child=1 15 -3 4 5 37 28 10 24 -10 27 12 -11 -12 -15 23 17 19 -19 20 -17 22 29 -1 25 -9 35 -5 -7 30 31 -18 -26 -21 -35 -22 -37 38 -4 40 -38 -16 -31 -2 45 46 -45 48 52 50 -48 -52 -47 54 -50 -49 61 59 -59 -58 -61 -57 -60
right_child=43 2 3 7 -6 6 -8 8 9 11 13 -13 -14 14 41 16 21 18 -20 33 26 -23 -24 -25 32 -27 -28 -29 -30 42 -32 -33 -34 34 -36 36 39 -39 -40 -41 -42 -43 -44 44 -46 47 49 55 53 -51 51 -53 -54 -55 -56 56 57 58 62 60 -62 -63 -64
leaf_value=-0.064948425591610653 0.00077322573850235313 0.047015399944180331 0.012721343013536602 -0.019915072545579539 0.046886170282482952 -0.054342096080003809 -0.095442758240902842 -0.11376875824365712 -0.012655812795064428 -0.081031577876046479 0.047141502335719267 -0.025944337066249094 -0.20300488968571551 -0.16645479193897578 0.029852487877680963 0.048740422355205752 0.02588612307045848 0.041089900035362725 -0.29292317772672616 -0.031856412674820471 -0.071581940603337696 0.0098873662211833198 0.047536775384734435 0.072142175718263757 0.09851793315086016 0.004298089050330009 0.014700011663951681 0.036938092485320456 0.0066290794638742085 -0.07901536313413314 0.080882082126789961 -0.066480454345351173 0.012702451003553645 -0.24907712428995182 -0.0080346986864163038 -0.20170304494902677 -0.050086193332959723 0.0151554540779662 -0.11424766786762638 0.046380455836681204 0.052921092432940645 -0.03829957414737533 0.1196768886270196 0.023686601141041791 -0.00046040276364683023 -0.035101097555551318 0.035240313961112976 0.046202832746076263 -0.3886422256618996 -0.0036452433292656948 -0.0099707703887804873 -0.41080917551853274 0.0093220818935540409 -0.057543591279060613 -0.11511229508232917 -0.12411367347095956 0.027156672047346179 -0.20505479112238625 0.062034513124448493 -0.084998306700486123 -0.026765878451235094 0.01526799110990297 0.0019549782730342692
leaf_weight=21.882813647389412 210032.12102684472 174.72760780155659 24.41495169699192 126.10124702192843 81.078964184969664 123.30828751251101 82.57332131639123 39.109417948871851 163.04822283610702 63.332449458539486 80.566578997299075 48.474359687417746 45.039385043084621 18.17316335439682 77.549466570839286 197.74220772460103 161.57704834640026 8.8860343173146266 15.774627462029455 60.082438636571169 104.70895137265325 1894.0171330636367 698.53642591461539 170.44360592775047 48.241368455812335 62.654483038932085 409.55223803222179 519.33917609974742 260.22861668094993 56.389446001499891 70.498585641384125 59.586300618946552 275.1205922588706 17.176524501293901 10.638422086834906 8.636103726923464 127.56077979877591 27.415961239486933 145.92041940242052 78.49334068223834 42.676955584436655 221.65214454010129 7.5240361914038649 1191.2834088597447 305046.66645611823 614.10742743313313 20.646586436778307 161.45053765922785 8.8958051428198797 4327.4164028540254 14.548571744933726 15.036215052008627 437.69015218131244 374.72211881354451 51.575457859784365 30.417865443974733 209.40540935099125 22.219409883022308 171.97148850560188 271.18761125206947 1118.9276053439826 771.84672451764345 500.56247144006193
leaf_count=218 1725939 1643 213 1849 1076 1336 1050 474 2105 818 1372 710 669 256 1173 2199 2049 88 164 739 1098 38273 9924 2197 842 909 5134 7323 3189 792 1061 790 4921 241 157 61 1393 339 1509 772 473 3869 120 19794 2514535 5813 230 1638 80 63691 285 158 5465 3810 518 313 2694 327 3077 3107 16589 10038 10465
internal_value=-5.35271e-06 0.00599247 -0.00703213 -0.0107598 -0.0335601 -0.0433852 -0.0275831 -0.00126264 -0.0181593 -0.0550065 0.0108023 -0.0990319 -0.131724 -0.0135727 -0.0289851 0.0143459 0.0123321 -0.00425361 -0.172567 -0.000327703 0.00611871 0.0184189 0.0337482 0.0565441 0.00956707 -0.0410768 -0.00480379 0.0258306 -0.0129733 0.00666011 0.020309 0.00100052 0.025505 -0.0714215 -0.156885 -0.026865 -0.00867202 -0.0806314 -0.0960486 -0.00196986 -0.0242633 -0.0206354 -0.0556249 -8.44699e-05 -0.000655701 -0.00643188 0.00122977 -0.0154239 -0.032571 -0.00488138 -0.111374 -0.213693 -0.016615 -0.0711341 -0.155351 -0.00759779 -0.0104029 -0.0175316 0.0102059 -0.0295794 -0.038126 0.00998333 0.0173177
internal_weight=532323 6930.45 2708.07 2533.34 744.941 663.862 466.11 1788.4 745.02 319.894 1043.38 156.846 108.372 397.941 317.375 4222.38 4030.06 1081.93 24.6607 1057.27 969.371 2948.13 1054.11 192.326 425.126 101.764 771.628 645.44 383.537 355.575 291.662 221.163 323.362 87.8974 27.8149 362.076 257.367 197.751 170.335 248.731 170.238 299.202 63.9135 525393 315361 10313.9 5568.93 4744.98 1486.99 4377.65 50.2314 29.5848 1051.8 435.193 60.4713 3257.99 3096.54 2294.27 694.753 1599.52 1390.12 802.265 672.534
internal_count=4494154 105588 37645 36002 8712 7636 5575 27290 11448 4302 15842 2197 1487 6670 5298 67943 65528 12519 252 12267 11130 53009 14736 2415 7146 1383 8931 9172 4525 4812 3900 2839 5763 1137 398 3797 2699 2061 1722 2638 1866 5042 912 4388566 2662627 148092 84158 63934 15686 64364 673 443 11278 4408 598 48248 46610 36259 13869 22390 19696 10351 13542
is_linear=0
shrinkage=0.176106


Tree=68
num_leaves=64
num_cat=0
split_feature=8 8 7 4 5 4 10 10 4 5 2 6 6 2 4 1 10 6 10 7 7 5 4 8 5 6 2 7 2 7 2 5 2 6 4 10 5 4 2 8 7 5 10 10 10 2 10 1 6 1 2 8 2 10 4 2 2 4 5 5 10 5 5
split_gain=8.41289 24.6806 37.3201 25.8136 28.2395 29.1864 28.3159 35.24 24.6855 22.0929 19.8115 20.2403 37.4811 19.773 18.4482 17.5338 16.5741 16.5063 16.2223 19.0049 15.9565 15.7793 29.464 28.6801 31.0486 22.6275 25.7778 34.1791 27.5507 44.0291 34.2012 32.4629 46.0502 31.521 48.899 47.2075 22.758 39.7516 52.9277 37.2035 34.8033 40.0398 24.3411 23.4141 40.2929 105.623 30.5327 22.4035 33.7029 22.493 25.4289 37.657 22.7733 22.0758 21.8937 21.3271 21.2954 19.867 33.6902 35.0143 30.9742 20.3435 19.8262
threshold=0.84154593889460827 0.83526014591826703 189.50000000000003 168.50000000000003 77.500000000000014 336.50000000000006 0.89756083927861441 0.85222517922490448 280.50000000000006 40.500000000000007 2115.5000000000005 178.50000000000003 64.500000000000014 610.50000000000011 426.50000000000006 2.5000000000000004 0.82137667740611919 187.50000000000003 0.85319414781819847 72.500000000000014 91.500000000000014 59.500000000000007 227.50000000000003 0.78730933661789715 67.500000000000014 15.500000000000002 1305.5000000000002 32.500000000000007 1400.5000000000002 203.50000000000003 1525.5000000000002 123.50000000000001 1335.5000000000002 112.50000000000001 1563.5000000000002 0.84727644821088099 91.500000000000014 462.50000000000006 1210.5000000000002 0.80652984726770349 69.500000000000014 87.500000000000014 0.74580298193583527 0.83912214740981483 0.83774435801711344 925.50000000000011 0.84526562959527007 4.5000000000000009 139.50000000000003 3.5000000000000004 1435.5000000000002 0.83028932750521267 1529.5000000000002 0.77773195734762213 533.50000000000011 2315.5000000000005 1844.5000000000002 441.50000000000006 170.50000000000003 180.50000000000003 0.86198324875157106 80.500000000000014 267.50000000000006
decision_type=2 2 2 2 2 2 2 2 2 2 2 2 2 2 2 2 2 2 2 2 2 2 2 2 2 2 2 2 2 2 2 2 2 2 2 2 2 2 2 2 2 2 2 2 2 2 2 2 2 2 2 2 2 2 2 2 2 2 2 2 2 2 2
left_child=1 21 3 9 10 8 7 15 -6 -3 11 12 14 -4 -5 -7 -14 -15 19 -9 -17 53 23 24 -23 55 36 47 29 54 33 32 -31 34 -30 -36 37 38 43 42 -39 -42 -40 44 -27 -46 -45 48 -28 -50 51 -51 -52 -1 -29 -24 -55 61 60 -60 -59 -32 -35
right_child=-2 2 13 4 5 6 -8 18 -10 -11 -12 -13 16 17 -16 20 -18 -19 -20 -21 -22 22 25 -25 -26 26 27 28 30 31 57 -33 -34 62 35 -37 -38 40 39 -41 41 -43 -44 46 45 -47 -48 -49 49 50 52 -53 -54 56 -56 -57 -58 58 59 -61 -62 -63 -64
leaf_value=0.0085077948662170642 0.00051938185086052274 -0.048644046526669586 -0.049964692226927357 -0.009146845409117834 -0.0019482447755786337 -0.01743037643398097 0.068868764867077145 -0.056448509793275849 0.040213455191245452 0.0069267479167106861 0.029765682126101069 -0.010991972854777696 -0.0127730123241435 0.0057494034684645095 -0.23598565964959048 0.0030324048538013801 -0.048272762503696297 -0.1450130025171617 -0.024518589317936115 -0.22527171729977982 -0.024217732195875332 -0.016805573291069582 0.0046256594212123105 0.011759886828673299 0.020429345065971504 -0.0082827698612930756 0.0078577461734976959 0.0056420538973837057 0.0010655848953262975 -0.18252113304000836 -0.012114913165257845 -0.020267531208513215 -0.04382502504650608 0.023189107222746995 -0.2787499608679373 -0.026662774348582798 0.0051223579096432827 -0.017333966303704582 -0.10736410484480394 0.056761052400737845 -0.20364828701685186 -0.03261675940876211 0.011542072432681788 0.030507186926700861 -0.1027258503453508 0.018299329117447513 -0.0053338462149071985 0.0071552665600958763 -0.0042774939829137481 -0.029236372011793119 0.053630544159552623 -0.13501608345181035 -0.019570565547104544 -0.0050185778875991216 -0.023985348455180196 0.12386795786190737 -0.023609464750495072 -0.011823780056938437 0.051156673767993446 -0.0030992686698699387 -0.033576964521021734 0.0053694352753631529 0.14158959815132929
leaf_weight=2781.1300139538944 344908.27487457544 234.52847003564239 204.37143374048173 2173.6636961139739 1040.4958852026612 2615.1046587713063 143.4507650397718 298.65208648517728 734.85059938207269 4112.6558420956135 261.01872389018536 4546.4279894530773 504.190474845469 9555.1187465451658 11.17628190666437 5509.7145948633552 2135.1939928755164 22.575555555522442 1502.9101802743971 22.218626722693443 758.12294812873006 2486.6956222802401 21367.587559306994 12318.396304588765 963.68907085806131 4896.3183493688703 5409.9026280995458 1186.4461134970188 4467.8067291304469 135.37396517395973 3442.6310345493257 247.35938284546137 164.40867298841476 1692.0919717215002 37.910228669643402 58.730662789195776 25947.59340210259 281.26056345924735 55.762872129678726 700.17342380434275 85.069143123924732 84.736481573432684 1256.1466572843492 945.5856133364141 501.26405441388488 403.80823218077421 3344.0917173121125 11073.127683369443 7024.2575835473835 385.63110190629959 141.179638043046 143.10674931108952 1985.6004924066365 8927.2619692143053 2222.6924545820802 46.619614794850349 2431.3161802068353 10509.170455463231 429.12817882373929 2628.1420643217862 2516.0685406439006 5153.1407732143998 45.028716571629047
leaf_count=14941 3162932 2272 2869 18417 9169 16809 1664 2320 5171 43304 1773 30392 3344 85340 51 35251 16396 143 11562 177 4452 15339 152909 90968 6031 39147 34397 8201 28610 726 19705 1306 898 10293 208 436 207843 2422 370 6837 557 710 8721 8619 4938 3658 31892 64634 40530 2072 699 990 9724 74863 13714 476 15662 55046 2333 13907 14725 29064 238
internal_value=3.4032e-06 -0.000946708 -0.00506372 -0.00848363 -0.010908 -0.00542904 -0.00885407 -0.00989542 0.0155033 0.00392873 -0.0180899 -0.0194229 -0.0273684 0.00423746 -0.0103072 -0.00531745 -0.0414914 0.00539404 -0.032193 -0.0681386 -0.000263621 4.58694e-05 0.000624824 0.00778501 -0.0064059 -0.00030818 -0.00142477 -0.00367378 -0.00727827 -0.0211171 -0.00551098 -0.067491 -0.106457 0.00606851 -0.00161522 -0.125551 0.0021442 -0.00401119 -0.00209813 0.0239822 -0.055343 -0.1183 0.00648795 -0.00729835 -0.0145928 -0.0487291 0.00256669 0.00113943 -0.00327512 -0.00949714 -0.0233039 -0.0578664 -0.0147113 -0.00555478 -0.0136744 0.00488525 -0.00899798 -0.00846778 -0.0121208 0.00451627 -0.0160258 -0.0016331 0.0262582
internal_weight=532218 187310 36386.4 26604.4 22257.2 12625.5 10850.2 10706.7 1775.35 4347.18 9631.67 9370.65 4824.22 9782.07 2184.84 8882.94 2639.38 9577.69 1823.78 320.871 6267.84 150923 136784 15768.8 3450.38 121015 99600.7 61098.9 34936.1 3956.28 30979.8 547.142 299.783 6301.57 4564.45 96.6409 38501.8 12554.2 12103.2 2012.08 451.066 169.806 1311.91 10091.1 5801.39 905.072 4289.68 26162.8 15089.7 9679.78 2655.52 528.738 2126.78 14139.7 3409.14 21414.2 11358.6 24678.3 16082.5 3057.27 13025.2 8595.77 1737.12
internal_count=4493167 1330235 290876 202524 156948 86575 72235 70571 14340 45576 70373 68600 38208 88352 18468 56512 19740 85483 14059 2497 39703 1039359 933893 112338 21370 821555 668170 352456 199410 24845 174565 2930 1624 39785 29254 644 315714 107871 104182 15928 3689 1267 9091 88254 47743 8596 40511 153046 88412 54015 13485 3062 10423 105466 21915 153385 90525 134780 86011 16240 69771 48769 10531
is_linear=0
shrinkage=0.176106


Tree=69
num_leaves=64
num_cat=0
split_feature=4 8 4 0 9 0 9 10 10 0 1 8 2 2 1 4 2 4 4 8 0 2 10 0 2 2 10 1 11 10 9 8 0 0 1 4 4 10 10 2 3 2 4 1 2 0 9 9 2 4 3 8 9 0 2 2 9 2 0 1 4 9 0
split_gain=8.47722 15.2973 30.4795 27.0352 46.738 103.716 73.2152 47.4701 43.725 31.3383 38.4238 27.2559 39.9901 26.1354 23.3314 23.4262 22.1526 28.2285 21.618 20.4056 127.26 35.1751 72.7483 42.4802 36.9269 31.8043 26.4713 24.2768 23.751 23.7273 24.3691 35.7388 34.5224 45.5401 28.5624 26.3735 23.6823 29.7234 22.6376 20.6292 20.5006 20.2196 19.8815 19.4099 19.0894 19.281 18.9403 18.795 36.6196 18.7687 21.5813 18.3796 33.8598 29.5089 28.0603 40.7096 39.5382 25.5267 18.854 17.8396 17.3732 17.0923 19.814
threshold=1034.5000000000002 0.85370962442027898 2455.5000000000005 5.5000000000000009 0.8254476284454727 4.5000000000000009 0.8205528234104148 0.82495611632445209 0.8919053268973075 3.5000000000000004 4.5000000000000009 0.85824804301739877 551.00000000000011 815.50000000000011 2.5000000000000004 1722.0000000000002 1255.5000000000002 1497.5000000000002 1730.5000000000002 0.85154788907268331 3.5000000000000004 1605.5000000000002 0.81459672985624421 6.5000000000000009 2200.5000000000005 750.50000000000011 0.91278690735642409 6.5000000000000009 0.81355508442816926 0.86501369002994422 0.82893983032068841 0.848122963620355 4.5000000000000009 2.5000000000000004 4.5000000000000009 1373.5000000000002 1156.5000000000002 0.80844796625859361 0.86751522806253079 1055.5000000000002 1.0000000180025095e-35 1650.5000000000002 1928.0000000000002 5.5000000000000009 1140.5000000000002 1.5000000000000002 0.86549379458756304 0.85004938633680538 1045.5000000000002 1101.0000000000002 1.0000000180025095e-35 0.84154593889460827 0.79239690530464058 7.5000000000000009 1509.5000000000002 1025.5000000000002 0.79239690530464058 1020.5000000000001 8.5000000000000018 1.5000000000000002 2127.5000000000005 0.82893983032068841 4.5000000000000009
decision_type=2 2 2 2 2 2 2 2 2 2 2 2 2 2 2 2 2 2 2 2 2 2 2 2 2 2 2 2 2 2 2 2 2 2 2 2 2 2 2 2 2 2 2 2 2 2 2 2 2 2 2 2 2 2 2 2 2 2 2 2 2 2 2
left_child=-1 2 19 4 5 7 14 13 11 10 -9 -5 -13 -3 -7 -16 -6 61 -17 21 27 25 -23 29 26 49 41 -21 47 -24 32 35 33 34 -31 -32 39 -38 -34 -22 -39 -25 -26 -4 -29 -46 -43 51 -49 50 -2 52 -27 -54 55 57 -56 -53 -57 -8 -11 62 -18
right_child=1 3 43 8 16 6 59 9 -10 60 -12 12 -14 -15 15 18 17 -19 -20 20 36 22 23 24 42 28 -28 44 -30 30 31 -33 38 -35 -36 -37 37 40 -40 -41 -42 46 -44 -45 45 -47 -48 48 -50 -51 -52 54 53 -55 56 58 -58 -59 -60 -61 -62 -63 -64
leaf_value=0.00037154998056842939 -0.24121237481014476 -0.18008227207898403 -0.010030195645238348 0.013620454829833512 -0.005441305107412738 0.004361835568833702 -0.010979789726644497 -0.025373286016167691 0.029581111466162685 0.024385998420658452 0.020993305155946114 -0.14396854481387203 -0.001288332654831424 -0.043049602214972504 -0.031947599057762836 -0.24960829896973385 -0.06534659392511441 0.019447365178731382 -0.088084766087514171 0.016176911462465228 -0.0038557448214451319 0.046277922703590137 0.0065373336924645503 0.054178574456423899 0.0093517292014445811 -0.022793484366126191 -0.041488379509913194 0.02359151920470753 -0.00061996270282779265 -0.036753670262225605 -0.0083232956637514788 0.03356995194019162 0.049212242006719288 0.041029039551171639 0.022223516849815276 -0.055100448638710282 0.02886847086620228 -0.098074326973342285 -0.035158595041228612 -0.032083508126546451 -0.011571642688498791 0.013217450742466509 -0.072349329055282116 -0.036718148407222137 -0.061157252639142436 -0.0063635889436352176 0.045677081799807458 0.021102728319072558 -0.037878956104512022 0.0068467429280524754 0.047762129895598804 -0.022553756107689484 0.0069680154424388938 0.063600014758866619 0.062102800426688726 0.010718252844966327 -0.057036869057381971 -0.20186965265481527 -0.033249594963459882 -0.21447155543550864 0.1008954888834141 0.0012979882404966251 0.086436762848612764
leaf_weight=419902.69982820936 8.1456859298050386 48.020934030413628 3152.4894970711321 5156.6006137970835 7413.8925896948203 176.56336694955826 15.017326958477495 1352.3131352737546 2246.4951734375209 508.51863447576761 939.30026503652334 61.302415329962969 9823.7652054084465 426.86079989746213 271.00794166699052 28.532644625753164 214.46964847296476 3637.4895303323865 258.6366215609014 7134.697375651449 1058.0436986088753 1352.2845647111535 3775.6507694777101 580.76608610525727 163.82872300222516 891.91869992390275 202.98099912330508 373.38025800697505 13726.25922132656 631.33405062928796 595.35883103311062 252.7278654910624 109.22715797275305 893.62772394344211 426.85647177696228 1004.5273819901049 572.02605159953237 85.515356238931417 1016.2792381346226 3330.0947990231216 13283.274564260617 3170.2427655719221 211.78547893092036 1154.7534085288644 290.51857202872634 633.40225185826421 676.46701481379569 404.02872879803181 1700.4272545948625 3408.3105097189546 499.93942305631936 2678.9183664284647 1243.717627979815 370.31344928592443 97.824008464813232 2629.9284582063556 738.98571515083313 24.849493429064751 341.78047902882099 121.1461279541254 112.38796983286738 4511.462214242667 30.461656183004379
leaf_count=3571172 115 299 24939 43093 80771 1429 151 10173 21519 4657 7813 778 90761 2859 2045 237 1149 33449 1848 62274 11656 8475 28212 3685 1535 4588 1245 3928 121501 3301 4722 1976 603 5826 2365 7193 3849 1178 5524 21105 105462 17023 1844 9680 1929 4425 5261 3020 9393 38771 5663 16565 7134 2324 531 16046 3718 136 1988 1022 1246 35784 204
internal_value=8.13276e-06 -0.00135131 -0.00280316 0.00155974 -0.00283783 -0.0192134 -0.073417 -0.0052776 0.00666393 0.00314043 -0.00636827 0.00324122 -0.00217317 -0.0569066 -0.0514356 -0.0690856 0.00157342 0.00776918 -0.104133 -0.00192561 -0.00575747 0.000414013 0.00730809 0.00346477 0.0163911 -0.0031963 0.0206989 0.0121475 -0.00552104 -0.00396838 -0.0120143 -0.0279719 -0.00240746 0.0117568 -0.0129633 -0.0376935 -0.0139944 -0.0104429 -0.0269706 -0.0252774 -0.012125 0.0235499 -0.0367144 -0.0171851 -0.0100127 -0.023593 0.0189257 -0.0115693 -0.0265552 0.0115538 0.0431293 -0.0080723 0.00474401 0.0199613 -0.0130041 -0.00856525 -0.0431093 -0.0242018 0.00566145 -0.192029 0.0382347 -0.00116181 -0.0464696
internal_weight=532154 112252 74897.5 37354.2 20066.1 4258.31 870.904 3387.4 17288.2 2912.52 2291.61 15041.7 9885.07 474.882 734.741 558.177 15807.8 8393.88 287.169 70590.2 26761 43829.3 15063.9 13711.7 5006.07 28765.3 4630.46 8432 24849 8705.59 4929.94 1852.61 3077.32 1951.82 1058.19 1599.89 18329 13940.8 1125.51 4388.14 13368.8 4427.48 375.614 4307.24 1297.3 923.921 3846.71 11122.7 2104.46 3916.4 508.085 9018.24 2505.95 1614.03 6512.29 5675.48 836.81 2703.77 2971.71 136.163 620.907 4756.39 244.931
internal_count=4493167 921995 580708 341287 185136 33779 6732 27047 156151 23889 17986 134632 91539 3158 5559 4130 151357 70586 2085 546089 215806 330283 98790 90315 30593 231493 27214 72556 186944 59722 31510 13891 17619 11492 5666 11915 143250 110489 6127 32761 106640 25969 3379 34619 10282 6354 22284 65443 12413 44549 5778 53030 14046 9458 38984 34735 4249 16701 18034 1173 5903 37137 1353
is_linear=0
shrinkage=0.176106


Tree=70
num_leaves=64
num_cat=0
split_feature=5 4 3 10 3 3 3 10 4 1 7 5 7 4 11 8 3 5 3 3 4 10 8 10 7 8 4 10 5 11 10 7 10 10 10 4 4 8 10 8 8 3 5 8 10 10 4 7 5 7 5 7 4 3 10 10 7 8 4 7 11 11 11
split_gain=10.1343 34.3768 34.5323 50.8164 61.1366 35.2978 42.1727 66.1365 68.0523 41.3912 31.5363 30.1458 42.0965 29.5158 27.7291 24.3453 23.4866 22.1296 26.973 41.774 26.3013 21.3483 20.2438 20.1928 28.8818 20.0955 20.056 19.9696 19.4038 18.681 21.9606 27.5211 20.779 20.3351 18.9713 18.4077 18.1166 25.8805 24.5321 21.1787 19.1249 17.2368 35.57 25.5303 22.8955 54.3139 24.0309 17.4516 27.6572 26.3507 16.9574 16.953 17.8886 16.9059 16.7396 16.7046 16.3111 18.6058 16.2106 26.3513 16.0585 19.0832 15.9355
threshold=112.50000000000001 813.50000000000011 15.500000000000002 0.85473329981816248 11.500000000000002 14.500000000000002 11.500000000000002 0.84807002284021105 681.00000000000011 6.5000000000000009 111.50000000000001 122.50000000000001 26.500000000000004 590.50000000000011 0.78888725539504334 0.85824804301739877 6.5000000000000009 141.50000000000003 9.5000000000000018 17.500000000000004 837.50000000000011 0.87324711660086407 0.80652984726770349 0.77773195734762213 61.500000000000007 0.79865757073970556 774.50000000000011 0.84899822525172619 143.50000000000003 0.83908470375818933 0.79706808920871108 106.50000000000001 0.80108121797144727 0.80155467498908761 0.86312371469879767 759.50000000000011 768.00000000000011 0.86628032038578417 0.88843301523498797 0.90127320420397428 0.90127320420397428 12.500000000000002 121.50000000000001 0.90127320420397428 0.87431646764156656 0.87272533060623958 852.50000000000011 131.50000000000003 134.50000000000003 200.50000000000003 149.50000000000003 36.500000000000007 594.50000000000011 22.500000000000004 0.84526562959527007 0.82590030487230581 125.50000000000001 0.848122963620355 669.50000000000011 83.500000000000014 0.83584236963975311 0.83221527041210541 0.83653984881870269
decision_type=2 2 2 2 2 2 2 2 2 2 2 2 2 2 2 2 2 2 2 2 2 2 2 2 2 2 2 2 2 2 2 2 2 2 2 2 2 2 2 2 2 2 2 2 2 2 2 2 2 2 2 2 2 2 2 2 2 2 2 2 2 2 2
left_child=13 2 3 5 -5 6 7 9 10 14 -9 12 -8 -1 22 21 -16 18 20 41 54 -6 25 24 -24 26 -2 -10 -11 30 31 -22 -32 -34 -31 -7 37 -17 -39 -38 -40 42 -20 56 45 -45 47 -46 -49 -50 -25 52 -4 -54 -3 -35 57 -43 59 -13 61 -44 -12
right_child=1 17 51 4 15 35 11 8 27 28 62 58 -14 -15 16 36 -18 -19 19 -21 29 -23 23 50 -26 -27 -28 -29 -30 34 32 -33 33 55 -36 -37 39 38 40 -41 -42 43 60 44 46 -47 -48 48 49 -51 -52 -53 53 -55 -56 -57 -58 -59 -60 -61 -62 -63 -64
leaf_value=-0.00025851961867954176 0.010032567742926973 0.0087741059004981716 0.031200505329083014 0.004939240964253324 0.04740091702207716 0.011530951294029259 0.018488266823246918 -0.042389064645469675 -0.020595456935247735 0.031737899722765223 -0.063645496634520932 0.05396122479724088 -0.028834170485931773 -0.0082300063825267149 -0.010544451089253707 -0.027424007465652819 0.018010612580151745 6.2549975728983694e-05 -0.27110370455093241 0.0037234672399921193 0.084687194505751004 0.023676090132236264 -0.14207059000026687 -0.021446843108645364 0.034844974136846465 0.045101067824840753 -0.049577184572210962 0.039556366265062481 0.10007642069625194 0.033417969422306168 -0.1731940884572285 -0.092675655449970459 0.078723558774916519 -0.076383432445683144 -0.0076566922267484617 0.038900430606454178 0.0012602842885673109 0.013557719580001133 0.085987938548782908 -0.094353343233015835 -0.010444295606378811 -0.032286820493316847 -0.023727022609897487 -0.022038873251107316 -0.005263961217329468 -0.3764642027007789 0.030726234377328281 -0.0084594279475439134 -0.38811380831234754 -0.062206221902374452 0.049013389067859993 -0.0026640739979459553 0.0044642312715261366 -0.10531219476603322 0.073285669601051123 -0.015433291719094982 -0.042486362789991773 -0.0069548592867043849 -0.0056144019416641535 0.0014270128323729033 0.0037663374317088759 -0.18472002543859226 -0.1583475322058327
leaf_weight=265592.62407202646 1153.9619678817689 224.64400541223586 821.30336477793753 7357.5483270203695 2258.5167645327747 3802.2246974557638 711.99112372845411 455.596684679389 347.23260389268398 1297.2935106214136 89.381381385028362 399.60899052768946 3217.7450004927814 15231.609811659902 1045.9626239072531 287.70924136787653 6121.1835981402546 160547.00573270302 15.641072675585745 3822.6812434606254 112.07264943420887 2454.7320109345019 30.769541256129742 2433.728466257453 409.3096285648644 418.94487674534321 206.35218300670385 337.57373383082449 143.06710199639201 694.44459583424032 31.253717243671417 35.799635823816061 52.726340755820274 205.73270391300321 700.53476182743907 953.16050995141268 281.3938798494637 800.59795430675149 322.10812068358064 96.481825515627861 79.531508009880781 1490.3252710662782 533.20025655627251 29.273987468332052 29.966251011937857 24.743899457156658 64.060561750084162 19.821945402771235 21.414072100073099 12.008730813860891 110.7513450756669 24734.684540199116 7452.2235916554928 43.76361570879817 280.51067359838635 432.89293982461095 982.63268707692623 2267.1118089780211 5004.4810525868088 1143.4330208823085 1726.3687503635883 23.855936944484711 143.70022945851088
leaf_count=2332551 6942 2385 5001 89667 19573 21472 5215 4173 3951 14146 855 2613 22655 138591 13212 2618 57167 1314857 99 27049 765 21356 267 17878 4081 3358 1308 4501 1484 9863 246 263 499 1695 11397 5504 3012 8106 3069 869 714 10308 3828 296 298 193 632 237 254 116 742 147139 46136 351 4715 4119 8203 18499 34133 7165 19629 175 1375
internal_value=3.617e-05 0.000848486 0.0039485 0.00718458 0.0159698 0.00309971 0.000475769 0.006546 -0.0302543 0.0103261 -0.0693439 -0.00806696 -0.0202603 -0.000690885 0.00692168 0.0283018 0.0138433 -0.000519796 -0.0072782 -0.0111697 0.00826073 0.0350447 -0.00349192 -0.0123558 0.0224754 0.0113765 0.000990096 0.00905625 0.0385258 0.00015839 -0.0200859 0.0417479 -0.0327394 -0.0263899 0.012791 0.0170168 0.011287 0.0200215 0.0313757 -0.0231524 0.0668927 -0.0190328 -0.00643574 -0.0248938 -0.0863212 -0.18439 -0.0503505 -0.112768 -0.173271 -0.271016 -0.01838 -0.000351275 0.00652673 0.00382333 0.0445972 -0.0350683 -0.0222853 -0.0170024 -0.000748693 0.015032 -0.00462281 -0.0306215 -0.122032
internal_weight=532173 251349 76968 43916.1 13938.6 29977.5 25222.1 14744.8 1373.48 13371.3 688.678 10477.3 3929.74 280824 11931 6581.07 7167.15 174381 13833.7 11063.1 2770.61 4713.25 4763.82 2984.56 440.079 1779.26 1360.31 684.806 1440.36 2265.46 870.478 147.872 722.606 691.352 1394.98 4755.39 1867.82 1489.95 1202.24 377.876 401.64 7240.43 2299.07 4941.36 201.289 54.0179 147.272 83.211 53.2447 33.4228 2544.48 33052 8317.29 7495.99 505.155 638.626 4740.07 3757.44 6547.52 1543.04 2283.42 557.056 233.082
internal_count=4493570 2022428 581808 383181 148984 234197 207221 135440 14855 120585 6403 71781 27870 2471142 104955 59317 70379 1440620 125763 89816 35947 40929 34576 22968 4348 11608 8250 8452 15630 28847 7587 1028 6559 6313 21260 26976 18388 14507 11889 3881 3783 62767 23731 39036 2026 489 1537 905 607 370 18620 198627 51488 46487 7100 5814 37010 28807 43911 9778 23632 4003 2230
is_linear=0
shrinkage=0.176106


Tree=71
num_leaves=64
num_cat=0
split_feature=0 10 7 5 9 0 10 10 5 7 10 4 10 6 9 10 10 0 10 10 4 5 7 9 10 10 7 9 4 11 6 3 9 9 9 9 5 10 4 0 7 7 10 0 5 11 11 3 9 4 10 7 7 4 10 10 0 9 9 6 9 3 6
split_gain=8.5475 32.6823 46.1796 40.6955 33.2338 32.3653 50.6986 81.7225 62.6355 60.1807 132.97 51.5932 79.9186 50.0944 48.8948 44.4166 96.4172 127.234 104.043 74.0151 53.3121 46.2684 63.1318 43.8478 41.2878 46.5809 60.5357 40.9136 40.3241 44.298 41.5096 39.938 35.4882 34.9735 48.4345 36.4912 35.4043 33.7648 33.5134 78.6185 40.1 39.6475 41.6253 56.9043 46.0806 32.3447 32.2167 31.0051 29.9844 29.6253 29.5584 28.8078 28.805 28.4124 28.1794 27.8923 26.8687 49.0407 46.7308 42.5107 31.9062 29.5835 40.5327
threshold=3.5000000000000004 0.81205587606828711 18.500000000000004 272.50000000000006 0.73951713166199806 1.5000000000000002 0.86335829600486258 0.87535686907884336 169.50000000000003 277.50000000000006 0.81515192319611229 1676.0000000000002 0.86751522806253079 20.500000000000004 0.88430007122985399 0.81955834876062483 0.85473329981816248 2.5000000000000004 0.87396825112711551 0.87460570646425662 361.50000000000006 199.50000000000003 102.50000000000001 0.86753701908127434 0.85284329541231307 0.82246118310444694 88.500000000000014 0.88430007122985399 1214.0000000000002 0.79344242713807944 63.500000000000007 11.500000000000002 0.88141824306485994 0.85898181681714003 0.842470519626908 0.77622320405825573 143.50000000000003 0.87574415278457785 1587.5000000000002 2.5000000000000004 243.50000000000003 325.50000000000006 0.83896900224600712 2.5000000000000004 171.50000000000003 0.81597325236050511 0.83701756682081274 12.500000000000002 0.90191647613397075 1279.0000000000002 0.81459672985624421 165.50000000000003 10.500000000000002 426.50000000000006 0.86584564290940436 0.8964694903234508 4.5000000000000009 0.80891849360395851 0.81736366305786812 222.50000000000003 0.81900813221307578 18.500000000000004 123.50000000000001
decision_type=2 2 2 2 2 2 2 2 2 2 2 2 2 2 2 2 2 2 2 2 2 2 2 2 2 2 2 2 2 2 2 2 2 2 2 2 2 2 2 2 2 2 2 2 2 2 2 2 2 2 2 2 2 2 2 2 2 2 2 2 2 2 2
left_child=1 2 -1 -4 -3 6 9 11 45 10 50 -8 23 53 49 20 24 21 33 52 -7 28 54 -13 25 26 47 32 29 30 -18 -11 55 34 35 -19 46 -10 41 -40 -41 42 43 -27 -44 -9 -35 -17 -22 -15 -6 -48 -20 -12 -23 -24 57 -2 61 60 -60 -59 -63
right_child=56 4 3 -5 5 15 7 8 37 31 13 12 -14 14 -16 16 17 18 19 -21 48 22 27 -25 -26 38 -28 -29 -30 -31 -32 -33 -34 36 -36 -37 -38 -39 39 40 -42 -43 44 -45 -46 -47 51 -49 -50 -51 -52 -53 -54 -55 -56 -57 -58 58 59 -61 -62 62 -64
leaf_value=-0.0018159476416291201 0.018115434867393303 -0.076306925909342752 0.017555534248185272 -0.023232495367544348 -0.017734869621717313 0.0055674452688580685 0.022802407064663386 -0.10402611627315951 -0.057367948453734219 -0.0032165444057779559 -0.038109014355360994 -0.13812345246680807 0.029995220662962452 0.0042967466848994043 -0.034090154672691039 0.039842473115671073 -0.11955544751371278 0.065674712010622929 -0.23017128634528594 0.0051707929764070303 -0.020143077786766845 0.020913259987755166 -0.070786102016165142 0.0036607521518760323 0.017442782503995082 0.0006547434636900879 0.076015659671485006 0.014196484056381112 0.033276368469184879 -0.011791256752385957 -0.029147522315514193 -0.034046039155560114 -0.28417211760406774 -0.12951625310486869 0.024488114459303201 -0.016452505125452276 -0.002075800932827076 0.024901462462003279 0.04905271347348409 0.005821569763763826 -0.064832886294993772 0.026271258775648693 0.0054225699965235134 -0.022178270230832031 -0.031434539338244298 -0.0085413722441393253 -0.024374195613987522 -0.0093018300110933698 0.035479413339774425 -0.019830057471364484 0.045464436896568594 -0.076840764684205087 0.03762481778386579 -0.0016261469612208217 -0.02218147091124345 -0.027406027894040511 -6.3058404227331815e-05 -0.017561085592578143 0.04572261139433377 -0.019193113132461886 0.005561874698073596 -0.025411481965766213 0.038609567494335154
leaf_weight=12476.752259368077 6953.0623118393123 185.50236518681049 9253.1240699253976 826.38458263128996 255.23546247929335 3811.7070134356618 9800.9265251159668 111.52037958614528 163.99785589054227 2407.8048944175243 1859.8767685182393 212.05652689188719 347.03092472627759 16630.001286495477 1242.4787748064846 647.03886376321316 219.0865960791707 175.62560534477234 12.510080173611639 11438.198402822018 10739.835874620825 626.1214590203017 1455.19675206393 99.333424508571625 6126.5708320327103 7274.3551572132856 569.85787849128246 263.24004162847996 591.186024941504 20641.84090183489 560.31013567745686 2840.6034556031227 21.558605432510376 108.52545537054539 1490.3572262972593 3760.5203208401799 1518.2205351535231 2733.8952536415309 1363.4850395619869 1109.3548852428794 321.2713540121913 1540.4011871218681 16250.316378761083 6331.3332116995007 1124.8468779996037 8197.4017867166549 2335.740903314203 1035.0153528079391 309.22336361184716 1743.9052090123296 2277.3375886008143 376.93762151151896 2930.4464801605791 1027.9319132566452 1894.292167680338 671.93533538654447 300714.93879570719 5171.7248602062464 625.9358276501298 2157.4141641035676 30909.998470732011 518.67832709848881 750.43450627475977
leaf_count=75294 53883 992 60413 5831 1810 24501 96675 641 1304 21019 14888 1435 2522 133838 11608 5244 983 1094 92 126206 69372 4604 8780 1086 48678 45290 4130 2684 4682 175091 2717 16563 254 715 13838 27315 16046 24075 10995 9664 2869 12402 118975 45214 8393 96251 25305 6344 2803 13064 17480 4070 30415 8955 12968 4139 2519337 43795 5563 20806 358810 3711 5049
internal_value=3.56062e-05 -0.000933872 0.00534607 0.0142115 -0.00180944 -0.00172392 0.00189681 0.00840109 -0.00204771 -0.00275638 0.000837909 0.0195966 -0.0281235 -0.00346748 -0.000279518 -0.00343945 -0.00203599 -0.00723015 0.00205323 0.0115792 -0.0123911 -0.0155496 -0.0309662 -0.0928943 0.00403762 0.00185147 0.0264088 -0.0513332 -0.0120952 -0.0133474 -0.054561 -0.0199024 -0.0593613 -0.0119746 -0.0025504 -0.0127881 -0.0237597 0.0202457 0.000285553 0.0187938 -0.0100451 -0.00130461 -0.00267571 -0.00997048 0.00303649 -0.00982295 -0.0354288 0.0096026 -0.0185864 0.00200682 0.0390951 -0.0316646 0.0364865 -0.0251227 -0.0114759 -0.0570829 0.000549442 0.00446107 0.00209552 0.00472287 0.006359 -0.0116487 0.0124446
internal_weight=532142 184340 22556.3 10079.5 161783 161598 51951.3 21666.2 11206.8 30285.2 25036.8 10459.3 658.421 22504.2 19616.4 109646 94785.7 51091.9 24147.1 14381.2 14860.8 26944.8 4932.34 311.39 43693.8 37567.3 2251.91 2411.93 22012.4 21421.2 779.397 5248.41 2148.69 9765.93 5426.5 3936.15 4339.42 2897.89 35315.4 2794.11 1430.63 32521.3 30980.9 13605.7 17375.2 8308.92 2821.2 1682.05 11049.1 18373.9 2532.57 2712.68 2942.96 2887.81 2520.41 2127.13 347802 47087.2 40134.2 33693.3 31535.9 6440.84 1269.11
internal_count=4493570 1482616 141538 66244 1341078 1340086 463214 223989 122271 239225 201643 101718 5043 182353 158510 876872 780196 461998 245096 156713 96676 216902 33429 2521 318198 269520 15718 15857 183473 178791 3700 37582 13173 88383 42247 28409 46136 25379 253802 23528 12533 230274 217872 90504 127368 96892 30090 11588 72175 146902 19290 29375 30507 23843 17572 12919 3010954 491617 437734 385179 364373 52555 8760
is_linear=0
shrinkage=0.176106


Tree=72
num_leaves=64
num_cat=0
split_feature=5 4 2 2 5 9 0 10 2 2 10 10 10 0 2 11 2 10 5 9 2 5 5 4 2 2 9 11 10 5 11 9 0 11 5 0 11 9 2 2 5 5 4 5 5 2 2 4 9 10 4 4 2 4 9 0 4 4 2 5 4 11 4
split_gain=7.23082 27.3133 30.5958 30.571 36.7731 27.5957 25.6271 36.8998 40.7957 36.967 32.1462 28.1805 27.6353 30.7767 25.6843 29.7321 24.9421 45.8573 27.3974 24.5346 22.9874 37.879 21.6263 20.4163 23.4999 33.8967 44.3792 31.1761 28.0464 25.8963 25.1751 24.2665 23.3 20.9414 23.7958 19.5366 19.3572 35.057 28.5722 19.1078 55.9064 18.8761 36.2689 20.2409 18.7698 28.933 32.4909 21.8169 18.6995 18.6921 17.7682 17.2632 17.1307 16.9662 20.906 16.2856 16.0963 16.0742 16.0673 18.6057 21.1529 17.4997 15.9537
threshold=114.50000000000001 813.50000000000011 1550.5000000000002 1479.5000000000002 150.50000000000003 0.79594321069374219 2.5000000000000004 0.85985200958118513 1235.5000000000002 1145.5000000000002 0.85319414781819847 0.85417600067627553 0.86335829600486258 6.5000000000000009 1255.5000000000002 0.68263815988989207 1005.5000000000001 0.82495611632445209 131.50000000000003 0.85311337052496505 1430.5000000000002 115.50000000000001 132.50000000000003 590.50000000000011 636.50000000000011 755.50000000000011 0.89252151232798049 0.89071764406049803 0.91939793884375931 106.50000000000001 0.89208990838159918 0.81300475711592879 2.5000000000000004 0.7695377724447493 55.500000000000007 8.5000000000000018 0.75063802729798723 0.79239690530464058 1240.5000000000002 1000.5000000000001 123.50000000000001 95.500000000000014 431.50000000000006 90.500000000000014 141.50000000000003 825.50000000000011 1835.5000000000002 903.50000000000011 0.9071446323854947 0.81459672985624421 316.50000000000006 768.00000000000011 740.50000000000011 881.50000000000011 0.88331378835544738 6.5000000000000009 500.50000000000006 790.00000000000011 1305.5000000000002 129.50000000000003 868.50000000000011 0.82904640890544701 681.00000000000011
decision_type=2 2 2 2 2 2 2 2 2 2 2 2 2 2 2 2 2 2 2 2 2 2 2 2 2 2 2 2 2 2 2 2 2 2 2 2 2 2 2 2 2 2 2 2 2 2 2 2 2 2 2 2 2 2 2 2 2 2 2 2 2 2 2
left_child=23 2 3 4 6 -4 16 8 10 12 -8 -12 -9 48 36 -16 17 18 19 -2 51 -22 -15 24 28 26 29 -28 35 31 -29 33 -25 34 -26 49 -10 38 -38 57 -41 42 -27 -44 45 47 58 -3 -14 -1 -32 -11 -31 -48 -55 -5 -45 -19 59 60 61 -47 -34
right_child=1 44 5 55 -6 -7 7 9 14 20 11 -13 13 22 15 -17 -18 39 -20 -21 21 -23 -24 32 25 41 27 30 -30 52 50 -33 62 -35 -36 -37 37 -39 -40 40 -42 -43 43 56 -46 46 53 -49 -50 -51 -52 -53 -54 54 -56 -57 -58 -59 -60 -61 -62 -63 -64
leaf_value=0.05261856602717687 0.015905401233781456 0.030671815374507919 -0.010353057997735593 0.012019115393542846 0.035924200589037489 0.0023231785251032217 0.010769381371552911 0.044488690334731601 0.019305514219943681 0.045664863625661127 -0.070083672527571333 0.021699199045217856 -0.015535247764994502 0.0085071031833084971 -0.13065020970346672 -0.0031277221019669595 0.004182315766118971 -0.029498267892609367 -0.036382980967182843 0.092049028878822201 -0.11776669805315144 0.018230686213393233 0.054589614206391246 0.0059930228690402241 0.10133107553899738 0.00023373367028815893 0.058017160755587528 -0.16992006203536289 -0.19035270963929612 -0.052354381663612275 -0.0087733727436867699 -0.014638786087461199 -0.0076833907749736929 0.016675174688174432 -0.028328774198764325 0.042968883171573956 -0.036210670983861493 -0.032315449378717956 -0.21623439205665226 0.13331643612620747 -0.28101822930259268 0.0036770254101686768 -0.011588420527147276 0.0053811567905003195 0.00012838517751022032 -0.096903835155454213 0.012623898252306039 -0.018041121016149141 0.04429145490716864 0.00587504513698187 0.026538438084064621 0.011042194292520442 0.02256519398401147 -0.036246142879857779 0.038141660381838832 0.031768922496449005 -0.010043885151215884 0.022025398622592472 -0.020608037053966695 -0.0012235921494702807 -0.23610088788069986 -0.011910002440088413 -0.030143726998506731
leaf_weight=277.5080616697669 646.51787380129099 1028.7074902905151 6819.6572724096477 3772.2222912721336 1146.3102868888527 24319.858873959631 10335.083999117836 533.62010226864368 159.38604962825775 2047.0272845420986 289.90826163440943 161.56508881039917 2188.3083646530285 1258.7084976546466 57.296495117247105 5470.3187459111214 4480.584134509787 2442.9377487003803 239.89441796764731 164.66510909050703 76.676297578960657 370.08907207474113 421.63029981777072 3915.2809943910688 47.025153048336506 185464.2626416022 411.21113748662174 25.35773191601038 21.593431191518903 730.08629532344639 1002.862303734757 9216.0997491413727 13994.34267443046 1603.7784976884723 660.01608353853226 535.28852899186313 47.758682332932949 636.33985730260611 63.959949553012848 15.250889070332049 29.901980765163898 38427.135302098468 13447.241533174179 5307.5642085205764 160477.69927950017 99.062055550515652 2518.0570886097848 394.48017434217036 174.98463828489184 6039.4025790244341 790.10992284864187 571.27838909998536 108.75235540885478 508.05259655043483 152.29353794828057 1971.6985972672701 3469.6432054340839 203.42470106855035 5547.6583452820778 3316.3279273565859 16.451600167900324 310.96701709926128 1054.7191088311374
leaf_count=3570 5095 16112 34627 25387 9753 151908 98202 6670 929 21113 2620 2821 27392 17629 247 35806 34692 22238 1533 1502 638 3363 4866 32439 299 1558624 6907 285 564 6750 20688 111757 125964 16516 4551 12294 331 4914 401 149 226 286783 121410 42035 1314641 741 17266 5276 3601 102061 20021 5495 952 3539 1517 11395 31798 2021 42708 34762 236 3593 9393
internal_value=7.56846e-05 0.000777115 0.00368581 0.00690961 0.0049148 -0.000452959 0.00384047 0.00665905 0.00213968 0.0168432 0.00876002 -0.0372381 0.00682048 0.00184958 -0.00895745 -0.00444956 -0.00468191 -0.0152941 0.0159002 0.0313621 0.0318108 -0.00510992 0.0200701 -0.00052523 -0.000129498 -0.000397474 -0.00864336 0.0142264 0.0100344 -0.0127668 0.0043232 -0.0105927 -0.00610898 0.0055439 -0.0197051 0.0106659 -0.0364169 -0.0482894 -0.139276 -0.0274759 -0.141072 9.15286e-05 -0.00057187 -0.00729468 -0.000409197 -0.00661922 -0.00933445 0.0171695 -0.0111055 0.00792853 0.0067875 0.0381107 -0.0426413 0.00603494 -0.0190903 0.0187986 -0.000716385 -0.0255377 -0.0145925 -0.00567627 -0.0403004 -0.0324443 -0.00925753
internal_weight=532036 245487 71116.9 39977.3 34233.4 31139.5 33087.1 24863.9 17221.6 7642.32 10786.6 451.473 4577.25 4043.63 6435.06 5527.62 8223.18 3742.59 1051.08 811.183 3065.07 446.765 1680.34 286549 267585 260711 14595.3 2229.54 6873.79 12365.8 1818.33 11526.9 18964.3 2310.82 707.041 6852.2 907.445 748.058 111.719 2691.52 45.1529 246116 207689 22224.4 174370 13892.1 12468.9 1423.19 2363.29 6316.91 1792.97 2618.31 838.839 3178.4 660.346 5743.92 8777.21 2646.36 9290.47 3742.81 426.481 410.029 15049.1
internal_count=4493616 1977955 537564 351029 314247 186535 304494 237038 146271 90767 103643 5441 60158 53488 42628 36053 67456 32764 8130 6597 30609 4001 22495 2515661 2347865 2229376 188726 47901 118489 140825 40994 133123 167796 21366 4850 117925 6575 5646 732 24634 375 2040650 1753867 195243 1440391 125750 104362 21388 30993 105631 40709 26608 7702 22322 5056 36782 73833 24259 82040 39332 4570 4334 135357
is_linear=0
shrinkage=0.176106


Tree=73
num_leaves=64
num_cat=0
split_feature=8 0 8 2 8 10 0 10 4 0 0 5 4 2 4 6 2 0 2 4 2 0 0 6 2 5 9 5 2 4 2 9 6 0 4 2 2 10 2 2 6 5 2 9 5 5 2 12 10 5 2 10 2 6 2 5 9 5 6 4 2 2 9
split_gain=10.304 93.2765 108.388 84.3941 81.8829 57.7706 57.9215 51.8233 45.4782 35.9604 34.7911 32.4377 30.44 27.2208 22.8749 21.9728 21.924 21.0234 31.7094 24.2647 20.7896 20.5227 41.3504 24.6705 30.6388 20.0498 19.9646 21.298 19.6451 19.4069 23.7645 31.6263 24.0039 19.7882 18.2801 33.6326 33.3656 24.5424 17.2564 22.2617 24.3477 17.2504 16.8776 16.8379 16.8304 16.4994 16.2825 15.7982 15.6468 19.5854 15.6315 15.5012 15.2198 18.0882 14.9945 14.6496 14.5745 16.8703 14.5159 17.7119 15.3692 17.7048 22.7543
threshold=0.79865757073970556 5.5000000000000009 0.78730933661789715 1979.5000000000002 0.78730933661789715 0.85368079833836763 6.5000000000000009 0.84807002284021105 1184.0000000000002 8.5000000000000018 8.5000000000000018 59.500000000000007 271.50000000000006 1310.5000000000002 435.50000000000006 51.500000000000007 1935.5000000000002 2.5000000000000004 845.50000000000011 448.50000000000006 1145.5000000000002 4.5000000000000009 2.5000000000000004 202.50000000000003 640.50000000000011 58.500000000000007 0.78652607420230658 67.500000000000014 2220.5000000000005 134.50000000000003 1140.5000000000002 0.82603058359836112 346.50000000000006 1.5000000000000002 237.50000000000003 805.50000000000011 657.50000000000011 0.82495611632445209 730.50000000000011 950.50000000000011 367.50000000000006 65.500000000000014 905.50000000000011 0.76001425473962181 75.500000000000014 72.500000000000014 1900.5000000000002 0.80854474376661079 0.85368079833836763 77.500000000000014 1555.5000000000002 0.77540682828143503 1920.5000000000002 8.5000000000000018 621.50000000000011 76.500000000000014 0.8205528234104148 73.500000000000014 222.50000000000003 1184.0000000000002 1135.5000000000002 600.50000000000011 0.90358654932669269
decision_type=2 2 2 2 2 2 2 2 2 2 2 2 2 2 2 2 2 2 2 2 2 2 2 2 2 2 2 2 2 2 2 2 2 2 2 2 2 2 2 2 2 2 2 2 2 2 2 2 2 2 2 2 2 2 2 2 2 2 2 2 2 2 2
left_child=1 4 3 5 8 9 20 11 17 16 15 29 55 -12 -15 47 43 19 25 -1 -7 22 42 24 54 -19 27 -13 38 52 -31 32 33 50 36 45 37 -28 -21 40 -40 -38 -9 -3 56 -36 -11 -4 -27 -50 -32 -17 -6 -54 -24 -5 57 -37 60 -60 61 62 -45
right_child=-2 2 10 12 7 6 -8 21 -10 46 13 26 -14 14 -16 51 -18 18 -20 28 -22 -23 23 -25 -26 48 34 -29 -30 30 31 -33 -34 -35 35 44 41 -39 39 -41 -42 -43 -44 58 -46 -47 -48 -49 49 -51 -52 -53 53 -55 -56 -57 -58 -59 59 -61 -62 -63 -64
leaf_value=0.015576176057629579 0.00034334632149522461 0.070682790606249588 0.048775633054588659 0.010057539817021616 -0.0048282009419296345 -0.067166288797566476 0.032755875345746643 -0.0067425289524008242 -0.13117466339774281 -5.4056124990261338e-05 0.023754330001847363 -0.044057836003959468 0.055983741627991426 0.00084634315446240223 -0.043964009853722237 0.047955462290097631 -0.07083199844169312 -0.088108533208022755 5.2558446143073576e-05 -0.048818077047039748 -0.0034324080916506251 -0.074796994632942024 -0.030696060497540988 -0.058631859070541054 0.021457369191590286 -0.0095753226186135482 -0.19980131130064513 0.086773932707494977 -0.10269743753492411 -0.013786130074930444 -0.34216201556018361 -0.028371982370193779 -0.0050977918354880858 -0.10131485111360994 -0.11055181443574592 -0.042662995485974554 -0.009478271796893473 -0.038551449223929467 0.088140188467619687 -0.0057182127443142139 -0.043437949744276116 0.016869523478825806 -0.064536842012690152 -0.049963102710623403 -0.015094329468865991 0.022325588036373356 0.056128515052213564 0.025182722394968878 0.027690807698410817 -0.080989010570927056 -0.15297709676394858 0.012762794076872698 -0.17296654425079511 -0.035466884071274511 -0.22050899344596964 -0.1285176449738645 -0.033492277453059285 -0.19275359730791133 -0.010367996726799686 -0.11690217616618896 -0.036130250089261115 -0.0049556434012817067 -0.31942673669799426
leaf_weight=4847.819396160543 472344.92629348952 62.729139760136604 1257.877227537334 580.72163743153214 864.67439199239016 266.1279453150928 1620.2503748871386 187.61352901160717 80.741846442222595 1714.2141700088978 881.43454609252512 54.757440809160471 858.03223935328424 997.00766144320369 547.22725219652057 419.622463978827 275.03569661080837 157.41287270188332 8589.2853333503008 236.33749007061124 393.32174740731716 435.44529682770371 27.683183677494526 203.12667705863714 649.82266050204635 890.08247032389045 38.313521407544613 130.68930733203888 64.748039811849594 378.67398323863745 19.662902668118477 323.74510923027992 63.535592705011368 245.00842010974884 29.958524614572525 53.6434585750103 1376.1933568194509 124.06136205047369 166.01859035715461 1536.6157326474786 59.156890951097012 1751.4652249440551 951.28874276578426 150.17340079322457 7748.4563109837472 888.43182174116373 176.44771038740873 2931.852991104126 66.438700739294291 227.59360141865909 43.532924383878708 5176.9277180358768 33.860804311931133 239.83927498012781 24.181795071810484 24.664352551102638 626.99733430147171 40.959432646632195 3076.2661157194525 49.172927893698215 2555.2292353641242 1144.3445626161993 10.391304433345793
leaf_count=29769 4110880 285 6752 2907 6214 2349 13331 1233 507 12386 10641 432 4903 7709 3485 2375 1277 1616 51728 1662 2631 3236 401 1109 4812 7682 323 752 363 2557 95 1858 296 1175 229 259 8894 1424 1079 8323 365 10683 5021 1852 43800 7631 1083 24971 891 2255 197 32198 270 1328 211 112 4138 176 15366 226 12042 8776 85
internal_value=6.79295e-05 -0.0021131 0.00603777 -0.00518166 -0.00806329 -0.0102531 0.0148475 -0.0164893 0.000678108 -0.0164634 0.0179418 -0.0126093 0.0346495 -0.000938548 -0.015033 0.0226216 -0.0220535 0.00131024 -0.00388021 0.00876902 -0.0291529 -0.0400847 -0.0326887 -0.00458467 0.0110611 -0.0290602 -0.00922157 0.0481428 -0.00722798 -0.032306 -0.0492851 -0.0686134 -0.103659 -0.123978 -0.0100606 -0.0140192 0.00123543 -0.0765995 -0.00413436 0.00185979 0.0535727 0.00527629 -0.0550163 -0.02015 -0.01749 0.017991 0.00518923 0.032266 -0.0212105 -0.056432 -0.211841 0.0154015 -0.0162846 -0.0524777 -0.119195 0.00441177 -0.043214 -0.107646 -0.0209657 -0.0120441 -0.0281893 -0.0126395 -0.067402
internal_weight=531992 59646.9 25169.1 12957.1 34477.9 11493.7 2279.7 17555.6 16922.3 9214 12211.9 15076.5 1463.42 2425.67 1544.23 9786.28 7323.34 16841.5 9930.81 6910.7 659.45 2479.16 2043.72 904.814 701.688 1341.53 12863.9 185.447 2062.88 2212.53 1074.16 695.485 371.74 308.204 12678.5 9388.45 3290.03 162.375 1998.13 1761.79 225.175 3127.66 1138.9 7048.31 8470.06 918.39 1890.66 4189.73 1184.11 294.032 63.1958 5596.55 1138.37 273.7 51.865 605.386 721.6 94.6029 6985.58 3125.44 3860.14 1304.91 160.565
internal_count=4493616 382736 167742 79611 214994 71689 18311 108754 106240 53378 88131 92731 7922 21835 11194 66296 39909 105733 64172 41561 4980 16023 12787 6533 5424 12444 78741 1184 11792 13990 6178 3621 1763 1467 77557 56233 21324 1747 11429 9767 1444 19577 6254 38632 48373 7860 13469 31723 10828 3146 292 34573 7812 1598 612 3019 4573 435 38347 15592 22755 10713 1937
is_linear=0
shrinkage=0.176106


Tree=74
num_leaves=64
num_cat=0
split_feature=8 8 11 4 6 9 6 6 9 8 9 2 5 2 2 4 6 11 2 5 4 5 12 2 6 5 2 5 4 8 2 5 2 11 6 2 5 4 4 4 2 9 5 9 4 9 5 4 5 4 2 6 11 2 2 11 4 5 6 2 2 4 8
split_gain=7.6326 19.0884 41.4409 43.2761 47.0258 27.2961 25.3696 23.7811 18.1453 37.2904 38.0048 32.9586 33.6888 31.6494 35.2323 30.244 29.2855 23.753 23.1297 21.712 17.9589 17.088 16.3921 30.8789 90.8055 19.6847 16.2485 16.0919 23.4333 32.6263 23.2761 19.1056 17.7491 20.6995 16.0098 15.9049 16.8986 25.7937 21.5489 19.5123 15.8539 33.8527 27.0824 21.4494 18.7495 17.5412 21.5495 17.7271 16.7758 16.1943 25.7316 15.5625 16.8839 18.8402 16.546 16.3992 15.3291 24.9382 22.6751 17.4865 41.7199 39.3513 29.4393
threshold=0.84154593889460827 0.83526014591826703 0.84361433488420368 184.50000000000003 40.500000000000007 0.83305629480984378 290.50000000000006 314.50000000000006 0.80544011607658417 0.80652984726770349 0.76001425473962181 705.50000000000011 106.50000000000001 940.50000000000011 850.50000000000011 334.50000000000006 7.5000000000000009 0.82208472073140071 1844.5000000000002 341.50000000000006 859.50000000000011 56.500000000000007 0.80854474376661079 1530.5000000000002 226.50000000000003 139.50000000000003 1940.5000000000002 57.500000000000007 188.50000000000003 0.79865757073970556 1329.5000000000002 54.500000000000007 1245.5000000000002 0.81801948465694785 109.50000000000001 1435.5000000000002 48.500000000000007 141.00000000000003 159.50000000000003 95.500000000000014 1255.5000000000002 0.86753701908127434 82.500000000000014 0.89127477498379648 185.50000000000003 0.8254476284454727 74.500000000000014 398.00000000000006 59.500000000000007 415.00000000000006 1020.5000000000001 15.500000000000002 0.7682612232644499 1625.5000000000002 1729.5000000000002 0.68263815988989207 220.50000000000003 62.500000000000007 46.500000000000007 725.50000000000011 1045.5000000000002 509.00000000000006 0.82113268084446045
decision_type=2 2 2 2 2 2 2 2 2 2 2 2 2 2 2 2 2 2 2 2 2 2 2 2 2 2 2 2 2 2 2 2 2 2 2 2 2 2 2 2 2 2 2 2 2 2 2 2 2 2 2 2 2 2 2 2 2 2 2 2 2 2 2
left_child=1 8 5 21 -5 -3 40 -7 9 10 16 -11 13 14 15 -13 -1 -16 -15 -14 -9 -4 23 24 -12 -24 -18 28 35 31 -31 32 33 -30 -17 -10 39 -38 -39 -37 41 45 43 -43 -42 46 -6 -47 -46 50 -44 -25 53 -53 -55 -56 58 -58 -29 -59 61 62 -61
right_child=-2 2 3 4 6 7 -8 20 27 11 22 12 19 18 17 34 26 -19 -20 -21 -22 -23 25 51 -26 -27 -28 56 29 30 -32 -33 -34 -35 -36 36 37 38 -40 -41 44 42 49 -45 48 47 -48 -49 -50 -51 -52 52 -54 54 55 -57 57 59 -60 60 -62 -63 -64
leaf_value=-0.034586257011990536 0.00047497214729452542 0.0052682621245768524 -0.0070587111603829661 -0.0072865490198106234 -0.12953841551487469 -0.004086621689892724 0.011003097917377308 -0.024433874174557082 0.0060471222173761521 0.029048392525543698 -0.039828817584139295 0.038755084265670377 -0.021767583845593432 0.009941436925883557 -0.049769301354406999 -0.011676896063254774 0.050979913379381243 -0.19795356703969058 -0.012343445460356692 0.015284056219083032 -0.1004059953001839 0.016060272690445375 0.0011704259084404393 0.0038053290216655089 0.063230233298888189 0.029390463239600168 -0.028635335233680448 -0.0013834150370583196 -0.35894919305286138 0.020522462769429716 -0.039464605133166741 -0.04697372145166636 -0.0695245810078612 -0.11177408431920674 -0.12249413546551663 -0.010731893742620896 0.017314689127219115 -0.050480665552915457 -0.00088474183812717799 -0.052278534061655502 -0.063678772906419087 -0.2486434951257209 -0.012927607920663669 -0.10685086784722381 -0.1147421030960817 -2.3941689030265065e-05 -0.014757199065969456 -0.053868930121561361 -0.018416884118563112 0.025557705531318215 -0.15931582588886123 -0.028013146469744808 -0.029154300170293631 0.025932865702743835 -0.039143689506375957 0.0045703215323770604 -0.028286695795959865 -0.0070045255292943811 0.015366818749173965 -0.0043700784016734422 8.9111666901144369e-05 0.018283797431816136 0.023515967085188418
leaf_weight=173.30145538970828 344750.07751854882 13012.291455779225 2387.7447458058596 4741.8421063181013 114.56860026717186 9332.2354166805744 373.38081140816212 893.97332947701216 3393.6398326922208 649.04486207291484 457.06552473083138 304.67538843676448 7513.5084499139339 4027.0713971368968 580.67238210141659 106.7737415060401 896.91875909641385 35.604930214583874 2252.3036459051073 524.7531438395381 108.17536430060863 1695.6541729401797 16499.604213168845 1454.7250659037381 631.47631793469191 803.94535092264414 87.232773825526237 4370.223830955103 22.834291897714138 312.39613261818886 560.59669933840632 81.016016900539398 30.836470048874617 19.464379698038101 65.07249740511179 1061.0555667430162 1187.3862270228565 437.0248771160841 718.19444428011775 523.57310411706567 385.21957785636187 38.826258953660727 85.516943335533142 223.84103840216994 57.75466475635767 486.21026930585504 91.03631891310215 310.86517128348351 1925.9347896724939 70.382398173213005 65.965208068490028 964.71926081180573 2039.7149302884936 615.20037305355072 392.35160110890865 827.46983049809933 890.65963692590594 7182.7210495341569 5877.1755559835583 6213.0814375095069 65926.697985351086 8540.2888905256987 1447.6651830077171
leaf_count=786 3163529 81390 32521 47290 1085 61242 3496 5816 33213 5764 2338 2483 39520 24758 3668 726 5251 281 10974 2439 656 22430 100711 7071 3586 5520 409 35763 141 3697 4203 755 156 272 441 7474 7411 2680 5288 3355 2498 491 1139 2883 368 5123 879 3203 16133 965 821 4284 9852 2783 1664 3693 6812 76746 46869 51568 427056 72183 14825
internal_value=-1.65041e-05 -0.000922092 -0.00454135 -0.0124875 -0.0193282 -9.80799e-05 -0.0328285 -0.00685498 -4.78632e-05 -0.00316162 0.000979696 -0.00982603 -0.0114633 -0.00286539 -0.0305251 0.00543508 0.0321681 -0.0583305 0.00194823 -0.0193488 -0.0326346 0.00254158 -0.000482618 -0.00743004 0.019957 0.00248157 0.043923 0.00115141 -0.00627797 -0.0311875 -0.0179985 -0.10588 -0.171133 -0.245208 -0.0536397 -0.00278307 -0.0104135 -0.000912446 -0.0196471 -0.0244592 -0.0370726 -0.051324 -0.0895452 -0.12781 -0.0281256 -0.032854 -0.0787164 -0.0210239 -0.0212214 -0.0442433 -0.0766746 -0.0121665 -0.0169675 -0.00808903 0.0023856 -0.00949015 0.00176884 0.00103557 0.00822332 0.00132799 0.00205674 0.0100636 0.000899598
internal_weight=531851 187101 36401.4 13054.7 8971.34 23346.7 4229.5 10334.4 150700 41903.2 25843.7 16059.5 15410.4 7372.17 1092.8 476.522 1157.45 616.277 6279.38 8038.26 1002.15 4083.4 24686.3 7382.72 1088.54 17303.5 984.152 108797 8348.02 1027.14 872.993 154.151 73.1351 42.2987 171.846 7320.87 3927.23 2342.61 1155.22 1584.63 3856.12 1487.21 484.532 262.667 2368.91 1002.68 205.605 797.075 1983.69 221.865 151.482 6294.18 4839.46 2799.74 1835.02 1219.82 100449 90201.1 10247.4 89310.5 82127.7 16201 7660.75
internal_count=4493427 1329898 290429 141325 86374 149104 39084 67714 1039469 239002 147948 91054 85290 43331 7599 3650 6446 3949 35732 41959 6472 54951 141502 35271 5924 106231 5660 800467 68645 9224 7900 1324 569 413 1167 59421 26208 15379 7968 10829 35588 16589 6299 3374 18999 10290 1964 8326 16501 2925 1960 29347 22276 12424 8140 5357 731822 649190 82632 642378 565632 138576 66393
is_linear=0
shrinkage=0.176106


Tree=75
num_leaves=64
num_cat=0
split_feature=7 1 7 6 2 7 6 0 6 11 11 0 2 0 0 6 8 1 5 6 7 2 0 11 7 2 11 11 3 7 2 8 2 3 11 8 0 0 11 0 5 8 2 11 6 2 2 2 1 11 7 5 2 6 1 2 11 5 6 2 0 6 5
split_gain=7.79554 16.2377 10.878 11.5266 13.3988 22.4434 20.7343 17.1463 11.4367 12.6959 11.9533 10.9763 20.1273 18.8986 17.4151 12.4348 12.6412 12.0596 14.613 14.3821 14.1018 13.9756 14.7545 11.7194 11.7058 32.533 10.7261 17.0559 10.3812 12.0189 11.5176 10.3396 9.71902 10.58 11.0185 9.51818 9.37331 43.3956 14.7823 10.4724 10.1097 9.05032 15.4472 9.25892 13.5877 10.1872 8.81151 8.80574 8.71921 8.50676 8.46532 8.42376 8.01196 7.66034 8.40212 7.56737 14.7977 7.53629 10.3572 8.3772 7.48424 16.4362 9.20969
threshold=408.50000000000006 1.5000000000000002 375.50000000000006 187.50000000000003 629.50000000000011 378.50000000000006 124.50000000000001 3.5000000000000004 301.50000000000006 0.77750259667364718 0.88282887584257452 5.5000000000000009 1700.5000000000002 3.5000000000000004 7.5000000000000009 14.500000000000002 0.848122963620355 3.5000000000000004 112.50000000000001 117.50000000000001 378.50000000000006 715.50000000000011 2.5000000000000004 0.84704395032349233 394.50000000000006 1205.5000000000002 0.86032723900370967 0.89396080673993483 11.500000000000002 401.50000000000006 1055.5000000000002 0.8563935865996698 645.50000000000011 6.5000000000000009 0.87670304785239639 0.78730933661789715 6.5000000000000009 5.5000000000000009 0.85409036675831318 3.5000000000000004 132.50000000000003 0.79865757073970556 715.50000000000011 0.81910254968893337 55.500000000000007 710.50000000000011 1730.5000000000002 1155.5000000000002 6.5000000000000009 0.79108615885452604 383.50000000000006 111.50000000000001 1729.5000000000002 4.5000000000000009 6.5000000000000009 1130.5000000000002 0.83081238304045801 166.50000000000003 34.500000000000007 1240.5000000000002 6.5000000000000009 10.500000000000002 87.500000000000014
decision_type=2 2 2 2 2 2 2 2 2 2 2 2 2 2 2 2 2 2 2 2 2 2 2 2 2 2 2 2 2 2 2 2 2 2 2 2 2 2 2 2 2 2 2 2 2 2 2 2 2 2 2 2 2 2 2 2 2 2 2 2 2 2 2
left_child=2 -2 -1 4 5 36 7 -7 9 -5 -11 12 13 17 15 23 26 20 19 21 -6 -19 -23 53 31 -26 -17 -28 30 -30 32 41 -15 34 -34 -20 37 38 39 40 -4 -16 43 44 -43 -45 -14 55 49 -18 -9 -50 -10 -13 -55 -22 -57 59 -59 -37 61 62 -25
right_child=1 -3 3 8 11 6 -8 50 52 10 -12 14 46 28 24 16 48 18 35 -21 47 22 -24 60 25 -27 27 -29 29 -31 -32 -33 33 -35 -36 57 -38 -39 -40 -41 -42 42 -44 45 -46 -47 -48 -49 51 -51 -52 -53 -54 54 -56 56 -58 58 -60 -61 -62 -63 -64
leaf_value=9.8630456844363028e-06 0.035105849459396189 0.0030376953867736474 -0.057194165293613007 -0.14700615194416675 -0.10567049147330826 -0.0079365874033669095 -0.29349873622131933 0.035502033102477092 -0.0099930220503229618 0.059471241128235409 -0.10202804714250369 -0.16341650435244123 0.091301517912860258 0.062624372125123076 0.046527166982932924 0.031588858823597556 -0.13377844274089001 0.0089143436195477169 -0.091362739198591558 -0.20496762228899718 0.011243057756250062 -0.047057041141143376 -0.15814414817565528 -0.19125748101823398 0.0020330366133434561 -0.11962543640910731 -0.13454975754924051 0.089159271450880095 -0.0042819215644872132 -0.10602903966402831 0.061040021606606459 0.066658229707217811 -0.045648676833165883 0.0045443541675942037 -0.27682727945769015 0.02348357983593604 0.021934907169859689 -0.34640832513168091 0.077385836115005102 0.012274050177455196 -0.31381999074517308 -0.28240587101281772 0.0076110078198220474 0.0022674347527085557 -0.054686419675495493 -0.19938403478077163 0.0099094895983341032 0.08159429824729128 -0.082542307828974551 -0.046847031728760272 0.096110091061273467 0.064437696206875422 -0.15889067434459928 -0.013325887789494435 -0.17327351093661172 0.00074422621996843546 -0.23452239022551383 -0.12520926654702264 -0.01542413085522561 -0.084959424109037007 -0.086845986568710135 -0.38802057266439793 0.033622391958129341
leaf_weight=523368.57452452648 579.25815950334072 3167.1807149741799 9.4868829101324099 10.641022615134714 35.698418974876404 192.12259797565639 6.1031436920166007 180.52765488997102 72.70665043592453 229.89109409227967 15.150109097361563 14.955384142696856 87.141868099570274 78.204271018505096 95.048491347581148 144.1768542341888 38.470062829554081 61.86194372177124 52.769275709986687 24.224639378488064 217.09679602645338 95.996460538357496 60.41846514493227 17.272162094712261 239.06066177785397 95.362777285277843 33.447788223624229 15.452748004347084 175.72059886530042 45.284887544810772 154.36229735985398 82.929602447897196 34.560959037393332 362.73663778230548 7.8455418683588496 182.55497049167752 30.829383876174688 16.442780677229166 25.723683573305607 14.597123604267834 9.55699425190687 14.200641259551047 242.46311623230577 43.728322684764862 18.998190335929394 9.4485346265137178 78.332297679036856 46.80141507089138 17.532867982983589 377.34450500831008 118.31163777410984 38.977862291038036 13.250119164586065 101.90535150840878 11.316648144274948 26.236368738114834 12.122318323701618 35.114840809255838 110.56198154389858 25.134291276335716 53.918694317340851 9.5816995911300165 8.3922759853303415
leaf_count=4405478 7256 33400 93 75 346 2533 67 2511 504 2052 167 149 753 1161 922 1197 273 598 338 182 2402 711 484 224 2454 632 251 154 1740 359 1434 1028 447 4040 100 1602 409 170 357 191 96 148 2345 636 171 131 792 377 210 3418 1876 439 80 782 122 202 116 330 1004 175 539 105 89
internal_value=-8.92887e-06 0.00799593 -6.57224e-05 -0.00851831 -0.0109708 0.0133714 0.0290988 0.033109 0.0226262 0.0413086 0.0494863 -0.0149056 -0.00606554 -0.0113417 -0.0252163 -0.0424951 -0.0305495 -0.0279686 -0.0420227 -0.0762302 -0.000994624 -0.0619428 -0.0899667 -0.079067 -0.00708496 -0.0326586 0.0074154 -0.0638569 0.00776127 -0.0251303 0.0191602 0.00978981 0.00578544 -0.00518611 -0.0884186 -0.0215975 -0.0599383 -0.0932345 -0.0231106 -0.0999555 -0.185979 -0.00133596 -0.0151705 -0.0791198 -0.152092 -0.0335623 0.0527721 0.0113682 -0.0460689 -0.0548897 0.059497 0.0188361 -0.0329454 -0.0449597 -0.0293128 -0.00149771 -0.073606 -0.0111793 -0.0418874 0.0103599 -0.128097 -0.191203 -0.117722
internal_weight=531795 3746.44 528049 4680.11 4338.47 603.702 497.065 490.962 341.639 255.682 245.041 3734.77 2010.78 1845.31 1723.99 882.745 665.403 986.592 648.637 242.502 337.955 218.277 156.415 217.342 841.24 334.423 193.077 48.9005 858.715 221.005 637.71 506.817 483.347 405.143 42.4065 406.135 106.637 75.8075 59.3647 33.641 19.0439 423.887 328.839 86.3757 33.1988 53.1769 165.474 302.257 472.325 415.815 298.839 56.5107 85.9568 128.177 113.222 255.455 38.3587 353.366 145.677 207.689 89.1648 35.2461 25.6644
internal_count=4493427 40656 4452771 47293 44415 8303 6987 6920 2878 2294 2219 36112 19693 18148 16419 7952 5942 8867 5424 1975 3443 1793 1195 2010 8467 3086 1602 405 9281 2099 7182 5381 5748 4587 547 3449 1316 907 737 380 189 4353 3431 1086 319 767 1545 3097 4340 3691 4387 649 584 1053 904 2720 318 3111 1334 1777 957 418 313
is_linear=0
shrinkage=0.176106


Tree=76
num_leaves=64
num_cat=0
split_feature=6 8 11 11 6 9 8 9 2 5 6 0 11 0 11 6 2 13 2 9 9 11 9 2 5 2 5 11 2 11 11 9 0 5 5 2 5 5 5 8 9 5 2 5 2 11 2 11 8 0 11 0 5 11 6 2 9 9 2 6 5 2 5
split_gain=6.91748 12.9862 15.4411 11.8699 8.73536 8.30717 6.94788 12.1491 16.7798 22.111 15.5556 18.6748 25.7862 29.7336 26.1475 19.8226 19.1515 22.6098 23.9168 17.1207 28.5567 15.1799 20.8295 14.8017 14.119 14.034 13.4368 13.221 13.1173 17.3755 12.5772 18.2408 12.4353 12.0001 11.6764 14.7364 28.4862 16.3097 16.1703 15.0301 14.319 14.7424 13.1934 12.4767 13.9893 12.246 11.7652 13.3119 11.6154 51.7087 66.3665 27.9782 20.6297 20.6199 22.7182 27.0953 19.669 40.383 22.7981 19.0521 28.6833 18.695 18.393
threshold=3.5000000000000004 0.85154788907268331 0.71472257633703651 0.95466933535381793 2.5000000000000004 0.93286682721131287 0.84154593889460827 0.87557902611684479 1854.5000000000002 114.50000000000001 36.500000000000007 4.5000000000000009 0.90208673459456123 7.5000000000000009 0.93612407575109235 149.50000000000003 1040.5000000000002 0.84614648536586468 636.50000000000011 0.88846895294068473 0.89252151232798049 0.87569678085690539 0.88430007122985399 2322.5000000000005 133.50000000000003 1905.5000000000002 285.50000000000006 0.89129370182685352 1779.5000000000002 0.86657581672183237 0.90855054798096002 0.89252151232798049 6.5000000000000009 80.500000000000014 144.50000000000003 1610.5000000000002 138.50000000000003 122.50000000000001 66.500000000000014 0.80652984726770349 0.88503865993721753 89.500000000000014 1200.5000000000002 103.50000000000001 615.50000000000011 0.84704395032349233 1640.5000000000002 0.93612407575109235 0.85154788907268331 3.5000000000000004 0.81801948465694785 4.5000000000000009 70.500000000000014 0.75281012157378235 132.50000000000003 1100.5000000000002 0.8762973453133257 0.87517040895370191 1210.5000000000002 6.5000000000000009 71.500000000000014 835.50000000000011 252.50000000000003
decision_type=2 2 2 2 2 2 2 2 2 2 2 2 2 2 2 2 2 2 2 2 2 2 2 2 2 2 2 2 2 2 2 2 2 2 2 2 2 2 2 2 2 2 2 2 2 2 2 2 2 2 2 2 2 2 2 2 2 2 2 2 2 2 2
left_child=1 5 -3 -4 -5 -1 7 23 10 25 34 19 16 15 -15 30 17 18 32 24 -21 22 -19 -2 -12 -10 -11 28 -18 -30 31 -14 -13 -23 35 37 38 40 39 -37 42 -42 45 -43 -45 -9 47 -41 49 53 52 -52 61 54 -8 -56 57 59 -59 60 -55 -51 -53
right_child=6 2 3 4 -6 -7 48 8 9 26 11 12 13 14 -16 -17 27 21 -20 20 -22 33 -24 -25 -26 -27 -28 -29 29 -31 -32 -33 -34 -35 -36 36 -38 -39 -40 46 41 43 -44 44 -46 -47 -48 -49 -50 50 51 62 -54 56 55 -57 -58 58 -60 -61 -62 -63 -64
leaf_value=0.014479484063383679 -0.00049642861301111326 -0.21567630601472937 -0.001656325435751233 -0.23774227141244691 -0.050762196906174804 0.07773001483809007 0.031974683701303463 0.013159161823585912 0.070293494209907798 -0.03248495720451354 -0.036227962106318387 0.038161317659447122 -0.15786878879331898 -0.054554414947957777 0.03611117682560331 -0.1165425811699331 -0.025726210788709188 -0.017157594809951562 0.058691511998390428 0.066433974447418095 -0.0019633022295177053 -0.1161589756148048 -0.15137658218324562 0.045958259282121404 0.020363537205678781 0.017381485832238443 0.056317715392239627 0.01269098277064235 -0.045808964675552892 -0.19477557442689181 -0.067975127221202913 0.035296570909759878 -0.12656915835258711 0.057069700791623879 -0.02740476741486279 0.014115501385214087 -0.2701827493162729 0.03337787576113993 -0.0018556579416210723 -0.17622046993349313 0.00077968352407264323 0.04989166931806794 0.0066316577745322916 -0.096059998182152592 0.016388066313111928 -0.033071573055563547 -0.037482229042259528 -0.030415585540768841 -0.00017869649215165683 -0.046107917927681652 0.022261899543065632 0.0093065008734608563 -0.0029702674626617418 0.092933247520428003 -0.060510351000570055 0.013591797925582412 0.0059668360864253761 -0.0018540420627243071 -0.0922845243544516 -0.0060552158037682413 0.00052527533916344176 0.026140666097354884 -0.0043225883716939643
leaf_weight=1961.4778329245746 169683.3092714455 10.969516060315071 959.98175081983209 10.444957766681908 30.020620919764042 66.58456471376121 1030.2996013648808 220.605249684304 206.31620137766004 354.24353377893567 602.40098467841744 23.24947065860033 18.262204218655825 198.89085660502315 195.73272364959121 203.24912416189909 1008.6296095959842 113.70776838809252 323.20262189954519 226.52609560638666 1152.3982858769596 14.750773034989832 52.37698458135128 212.98424209654331 176.86976616084576 630.70671877451241 62.108992382884026 246.69735135138035 87.812784217298031 33.56566072255373 291.18832829222083 89.288783773779869 36.56234747171402 77.892500780522823 565.13707982376218 154.04263907670975 13.333984009921549 508.51391205564141 1519.9643198661506 43.573132067918777 2999.5787435565144 396.16176417842507 702.50830567628145 37.431801851838827 411.64373594895005 913.629549395293 457.24845929443836 35.034208033233881 245081.09088318981 122.28761640191078 4819.1508534066379 29863.666881643236 24682.143243644387 150.68862694874406 218.71065875887871 509.60419826209545 4809.1427759639919 129.07211586087942 261.896349824965 26894.198617318645 337.48745047301054 1211.4132319092751 3422.9099324624985
leaf_count=14232 1153295 69 9760 292 850 1233 5724 2155 2102 2859 4551 259 206 2312 3344 2866 6362 1268 3048 2826 12309 181 463 1741 1426 7503 717 2327 427 212 4240 873 374 1059 4974 1427 87 4639 11956 304 42112 4027 6007 346 3082 10577 4603 521 2346778 1404 59901 275469 158197 1240 1164 2784 51870 1387 1929 203105 2671 8559 29000
internal_value=4.97084e-05 0.00842703 -0.00787314 -0.00559466 -0.0990254 0.0165561 1.56071e-06 -0.000867578 -0.00560311 0.0139268 -0.00733282 -0.0150247 -0.0239767 -0.0471542 -0.00958441 -0.0717824 -0.0125327 0.0125924 0.0397604 -0.00251856 0.00927282 -0.0276264 -0.0594853 -0.000438192 -0.0233835 0.0304237 -0.0192379 -0.0242447 -0.0323083 -0.0870038 -0.0489668 0.00249701 -0.0625367 0.029488 -0.00290085 -0.00125487 -0.0135532 0.00316215 -0.0120048 -0.034365 0.00045777 0.00656839 -0.0123335 0.0271113 0.00701518 -0.0240798 -0.0483017 -0.111237 0.000470359 0.00208591 0.00503933 0.00972069 -0.0018175 -0.00342872 0.0151458 -0.00866084 -0.00443127 -0.00623177 -0.0624303 -0.00542937 0.0290495 0.0195162 0.007905
internal_weight=531885 3039.48 1011.42 1000.45 40.4656 2028.06 528845 185301 15405 1253.38 14151.7 5173.26 3015.06 996.612 394.624 601.988 2018.45 641.742 383.014 2158.2 1378.92 258.728 166.085 169896 779.271 837.023 416.353 1376.71 1130.01 121.378 398.739 107.551 59.8118 92.6433 8978.41 8413.27 2223.2 6190.07 2209.86 689.898 5681.56 3844.82 1836.74 845.237 449.076 1134.23 535.856 78.6073 343544 98462.7 64121.6 38105.7 26015.8 34341.1 1758.61 728.315 32582.5 27773.3 390.968 27382.4 488.176 1333.7 33286.6
internal_count=4493585 26436 10971 10902 1142 15465 4467149 1315967 160931 13181 147750 50933 29821 13841 5656 8185 15980 6652 3681 21112 15135 2971 1731 1155036 5977 9605 3576 9328 7001 639 5319 1079 633 1240 96817 91843 18898 72945 18811 6855 68306 49567 18739 7455 3428 12732 5428 825 3151182 804404 532530 364370 168160 271874 9672 3948 262202 210332 3316 207016 3911 9963 304469
is_linear=0
shrinkage=0.176106


Tree=77
num_leaves=64
num_cat=0
split_feature=11 7 8 7 8 5 5 1 1 9 12 9 3 9 8 1 1 8 8 1 9 1 5 9 9 3 11 9 1 11 9 1 11 3 8 5 10 9 9 9 1 10 8 9 11 9 10 5 1 11 10 9 7 10 9 11 5 9 8 3 5 8 5
split_gain=6.81174 6.85646 21.7002 32.7167 27.882 26.0662 26.0231 20.6803 20.2038 16.828 17.7388 16.3589 15.5319 33.0721 46.5261 35.8086 57.0844 30.6331 41.9789 35.5079 40.5254 30.5857 30.0884 28.6341 43.6975 66.0037 28.5757 24.1468 84.341 47.7948 42.9497 33.5215 30.1647 24.9186 24.0905 23.2909 22.6637 22.2558 42.6727 42.3236 22.6291 21.9575 21.2511 33.5452 45.2262 36.7447 24.4105 20.8041 19.432 19.1026 18.8664 18.4589 17.3056 17.1535 17.111 24.7706 17.8689 16.8937 21.7905 24.7068 16.6274 16.4984 16.334
threshold=0.97339709565736265 102.50000000000001 0.86628032038578417 103.50000000000001 0.85824804301739877 158.50000000000003 133.50000000000003 1.5000000000000002 5.5000000000000009 0.87395318374103115 0.80854474376661079 0.88430007122985399 17.500000000000004 0.8337046859633922 0.85824804301739877 6.5000000000000009 5.5000000000000009 0.8563935865996698 0.85154788907268331 4.5000000000000009 0.842470519626908 4.5000000000000009 48.500000000000007 0.80443753362022608 0.77976848407006161 20.500000000000004 0.7603205610219278 0.79594321069374219 2.5000000000000004 0.79721073355379801 0.81900813221307578 3.5000000000000004 0.79108615885452604 19.500000000000004 0.85824804301739877 58.500000000000007 0.82137667740611919 0.84299907274087305 0.86549379458756304 0.87517040895370191 6.5000000000000009 0.87808337419913018 0.86628032038578417 0.85335723161619847 0.8793449869399238 0.84299907274087305 0.82495611632445209 129.50000000000003 3.5000000000000004 0.86801676483914825 0.81845101074711291 0.86821570056551922 28.500000000000004 0.83896900224600712 0.88366744526877017 0.84521891626411871 121.50000000000001 0.86365011283325088 0.8806295869237083 21.500000000000004 94.500000000000014 0.8806295869237083 70.500000000000014
decision_type=2 2 2 2 2 2 2 2 2 2 2 2 2 2 2 2 2 2 2 2 2 2 2 2 2 2 2 2 2 2 2 2 2 2 2 2 2 2 2 2 2 2 2 2 2 2 2 2 2 2 2 2 2 2 2 2 2 2 2 2 2 2 2
left_child=1 12 4 7 -3 6 -6 -4 -5 10 -8 -7 -1 15 17 16 27 18 21 20 41 48 -20 24 25 -18 -16 28 -14 -30 31 33 -32 34 -29 -27 -34 -23 -39 40 -40 -19 46 45 57 -44 -28 49 -15 60 -24 -48 -35 -37 55 -53 -57 58 -45 -60 -47 -17 -46
right_child=-2 2 3 8 5 11 9 -9 -10 -11 -12 -13 13 14 26 61 23 19 22 -21 -22 37 50 -25 -26 35 42 30 29 -31 32 -33 36 52 -36 53 -38 38 39 -41 -42 -43 43 44 62 47 51 -49 -50 -51 -52 54 -54 -55 -56 56 -58 -59 59 -61 -62 -63 -64
leaf_value=0.0013236949500524534 0.026052004413981929 -0.0014555612168306541 -0.13426775936058152 0.0013245092063954085 -0.0061941571803292485 -0.0057315598172976902 -0.11531187395124533 -0.028251401448241047 0.011172895611752541 -0.065184797282900053 0.14564325788504195 0.075182506820983666 0.0074668076578119757 0.0074563488005354572 0.10401174245072002 -0.013900880540490535 0.018600874177243182 0.00021062018111336539 -0.13175883683944309 0.037075356686015644 0.03373825970948631 0.031721504702192621 0.018231371239323679 0.0046975380211417188 0.044367106981244159 -0.32951993039646882 -0.22952991472964021 -0.0043895718289402906 -0.010747768601320802 -0.037280519008553739 -0.025834555372451416 0.014658230168718579 0.013362037713386603 -0.0014360212393453311 -0.035140825600184514 0.0020867587278140393 -0.0095439254701257421 -0.0061201895103945025 0.061808360227447574 6.4651154751079099e-05 0.017952661397199018 -0.048291388597180143 0.00043949945526332421 0.12833507823069604 -0.0126197709637522 -0.040537950866960604 0.01505891981043078 0.0011149272590720636 -0.0091630441064374096 -0.0093209560267736788 -0.009404146826420115 -0.0063396840083175723 0.023672249802961218 -0.18262006402125319 -0.0080087892857099077 -0.085126923768537574 -0.03261892577818485 0.0060522890267451068 0.027799017564733106 -0.029675154897590986 -0.086769124349085541 -0.059900277703175936 8.622064377420232e-05
leaf_weight=230731.93796050455 312.15954313706607 154067.02498344518 66.988107176497579 26593.785787956789 475.18890591710806 484.38333175703883 12.167554900050161 385.18646902404726 8533.2393775116652 696.87921084091067 24.040910884737968 92.250319711863995 5071.9560938365757 7312.8864736203104 76.390319470316172 7673.7899210415781 268.23465037345886 1403.5993057303131 59.60761845856905 2026.1243800893426 1061.3764265235513 2292.7404204085469 869.00783675909042 3159.7211529836059 1584.7773547507823 19.348247587680817 16.706683553755283 3650.0614091940224 5450.3049376085401 3431.0205562338233 2768.3718014843762 6104.7503771707416 1727.9460436478257 2145.0150026418269 1008.3440793827176 25.812904804944992 5961.147917792201 2417.3852271810174 955.83676248043776 1116.0226192176342 590.20790985971689 364.69009067863226 2042.8355080001056 60.645517088472843 5479.2148780021816 928.15808256715536 498.58034009858966 447.23077712208033 3109.7536848727614 424.12129335477948 6471.6595644392073 534.72970084100962 1411.5886433646083 39.385596506297588 1384.6816707067192 350.79751328751445 470.70670763775706 4817.3062868565321 2089.8866683132946 260.92589120194316 326.01859858632088 249.68647436052561 7342.9189252983779
leaf_count=2068046 13883 1249623 669 280963 4230 4135 64 3574 97119 6598 217 833 28600 61596 393 41066 1442 9469 361 15868 10040 16135 6131 22203 10570 97 88 20161 24862 18169 13948 31972 10286 13163 5873 152 37543 16771 7934 12378 4839 2417 13892 473 59721 5606 3189 3090 20708 3182 51091 3403 8525 231 10710 2505 3385 36702 13429 1803 2047 1324 74088
internal_value=4.50974e-05 2.98236e-05 -0.000813229 0.00311104 -0.00170909 -0.0235931 -0.038295 -0.0439574 0.00371693 -0.0591029 0.0579514 0.00721314 0.00050437 -0.00122437 0.0016785 -0.00445547 -0.00248581 0.00647086 0.00400246 0.0192785 0.00653548 0.0086381 -0.00714447 0.0150335 0.0318891 -0.024165 -0.00354853 -0.0047915 -0.0106511 -0.0209979 -0.00149168 0.00477409 -0.0100716 -0.00257103 -0.0110459 -0.159845 -0.00439634 0.0173193 0.0108184 0.0262002 0.0450663 -0.00979238 -0.00384758 -0.00205174 0.000936573 -0.0164263 -0.0172049 -0.0326359 0.0024977 -0.0416298 -0.00613258 -0.0161099 0.00852926 -0.109492 -0.0217795 -0.0358392 -0.0550408 0.0120757 0.0241085 0.0214197 -0.0525556 -0.0153504 -0.00534336
internal_weight=531829 531517 191431 35579.2 155852 1784.91 1208.28 452.175 35127 733.088 36.2085 576.634 340086 109354 57602.8 51751.3 43827.8 30050.9 25195.1 4855.79 2829.67 17794.8 7400.28 5097.28 1937.56 352.781 27551.9 38730.5 13953.3 8881.33 24777.2 14319.8 10457.5 8215.01 4658.41 84.5467 7689.09 7372.19 5079.45 2662.07 1546.04 1768.29 27475.5 24219.3 20050.9 4168.36 3256.2 2125.53 10422.6 1678.3 7340.67 3239.5 3556.6 65.1985 2740.92 1356.23 821.504 7228.76 2411.46 2350.81 1254.18 7923.48 12822.1
internal_count=4493585 4479702 1648025 382325 1265700 16077 11109 4243 378082 6879 281 4968 2831677 763631 473444 290187 247797 235738 197944 37794 21926 140361 57583 34695 12492 1922 237706 213102 71631 43031 141471 79694 61777 47722 26034 480 47829 58057 41922 25151 12773 11886 237313 214033 186216 27817 23280 13925 82304 10835 57222 23192 21688 383 20003 9293 5890 52407 15705 15232 7653 42390 133809
is_linear=0
shrinkage=0.176106


Tree=78
num_leaves=64
num_cat=0
split_feature=0 10 10 1 10 10 4 4 4 7 1 10 10 1 9 10 10 1 1 7 6 1 3 1 1 10 1 1 1 9 7 10 1 10 7 10 7 7 1 10 4 10 1 4 1 3 10 7 9 1 7 10 4 7 6 7 9 3 7 1 1 10 3
split_gain=5.8478 36.4971 56.6666 70.0819 52.5225 73.6669 46.8351 49.1539 45.2021 56.5482 50.0951 39.2984 39.2062 36.5847 41.9236 35.6087 62.1716 54.5417 86.9901 71.8099 46.3046 36.1712 29.795 29.2813 28.4904 28.022 110.56 101.6 43.3498 27.0168 26.7729 25.9645 25.4831 27.3644 39.2903 25.6045 30.4687 23.8263 23.5865 23.4731 40.7461 34.8093 39.4608 29.7971 29.5281 27.6064 23.2562 22.4946 21.762 21.4907 25.6043 19.7481 19.1931 23.5318 18.8568 18.5522 18.2996 17.9472 17.823 41.9631 59.0955 22.5044 17.6936
threshold=1.5000000000000002 0.86335829600486258 0.87535686907884336 6.5000000000000009 0.87324711660086407 0.86501369002994422 533.50000000000011 328.50000000000006 1373.5000000000002 277.50000000000006 2.5000000000000004 0.87574415278457785 0.8584426194535355 6.5000000000000009 0.8205528234104148 0.81515192319611229 0.81459672985624421 5.5000000000000009 1.5000000000000002 241.50000000000003 28.500000000000004 4.5000000000000009 11.500000000000002 1.5000000000000002 5.5000000000000009 0.82495611632445209 4.5000000000000009 3.5000000000000004 2.5000000000000004 0.83470148464705207 287.50000000000006 0.81499633825503093 6.5000000000000009 0.82495611632445209 80.500000000000014 0.84751455920893759 225.50000000000003 124.50000000000001 4.5000000000000009 0.86676583029970911 1676.0000000000002 0.86850071324367673 2.5000000000000004 500.50000000000006 3.5000000000000004 11.500000000000002 0.81051633939570789 179.50000000000003 0.88331378835544738 3.5000000000000004 88.500000000000014 0.88047417976671827 1847.0000000000002 7.5000000000000009 93.500000000000014 125.50000000000001 0.85993059602852273 12.500000000000002 35.500000000000007 3.5000000000000004 2.5000000000000004 0.80108121797144727 12.500000000000002
decision_type=2 2 2 2 2 2 2 2 2 2 2 2 2 2 2 2 2 2 2 2 2 2 2 2 2 2 2 2 2 2 2 2 2 2 2 2 2 2 2 2 2 2 2 2 2 2 2 2 2 2 2 2 2 2 2 2 2 2 2 2 2 2 2
left_child=1 8 3 4 5 -3 7 47 9 15 12 -8 -10 29 -15 16 21 18 -18 -20 -17 58 -11 -9 55 26 -24 28 -27 -12 -29 -19 33 34 -22 36 -34 -5 49 40 -7 -41 43 -43 -42 -45 -31 -4 -35 -6 56 -49 -13 -54 62 -23 -51 -21 -1 60 -60 -62 -44
right_child=-2 2 6 37 38 39 11 23 10 22 13 52 -14 14 -16 20 17 31 19 57 32 24 25 -25 -26 27 -28 30 -30 46 -32 -33 35 48 -36 -37 -38 -39 -40 41 44 42 54 45 -46 -47 -48 51 -50 50 -52 -53 53 -55 -56 -57 -58 -59 59 -61 61 -63 -64
leaf_value=0.0070211493543804104 -0.00013835947755918025 0.036522894949588533 -0.0014730274181830871 -0.0014260968303646507 0.042768343264560089 -0.0059740092957767214 -0.042352410749582077 -0.078352985022878685 -0.04596465112677952 -0.0015734681632553241 -0.042855059531160679 0.0098777335943677439 -0.21281838456924346 0.10632294534878117 -0.06172380116823014 -0.018796956424184972 0.084790675061788057 0.092270974434090519 0.021148234081137859 0.020173726164228793 0.00080008374134811022 -0.021323998611938899 -0.084300079806775632 -0.022741468834775971 0.0052731932437112376 -0.011672089856172914 0.024053595525155014 -0.20019405858816472 0.091146251717102875 -0.028700426630668432 -0.043132976912636858 0.0084872873236958735 0.0045895001459340208 0.011270685388933404 -0.053043962851467688 -0.044906974813894808 -0.080957113900063854 -0.048038740257863116 0.063465516646739745 0.027939199939280592 -0.16080066235848714 0.0079491100170708574 -0.0065854863127772882 -0.16452710420489447 -0.03312840003311953 -0.049534518819142406 0.018412976731888547 -0.094324212685740913 -0.025558310856275926 0.0057001040297854711 -0.017344513238844329 0.073723212608639344 -0.16175549095369537 0.04241971292271942 -0.016653413245065793 -0.081938572089148065 0.11515234461726905 -0.10474015513179358 0.045848607383465093 0.07532904322853276 -0.006085045269692748 -0.092916593688167903 0.063719685026072045
leaf_weight=2775.5823509059846 471967.20035310183 2383.3785602152348 2982.1362788854167 904.2868025302887 1437.5416762940586 615.54187001474202 400.17192003130913 336.41534270904958 940.48514517396688 2118.0737002007663 362.43835494294763 4068.9425274804235 45.802074378356338 50.339067503809929 539.29534428566694 3602.854511603713 406.32748803123832 623.1036982871592 593.13847849145532 41.804603815078735 1976.3679876439273 1106.8364254683256 870.35463236272335 2309.2403416838497 1601.280492156744 215.82493402063847 439.54598931223154 35.113190531730652 309.60883424431086 403.32756989821792 813.12015126645565 140.59633575379848 1512.4289995543659 11118.846462903544 533.82651876658201 610.8166564963758 141.17428501322865 545.10246755741537 1004.3433749433607 1106.5569187235087 106.56708022579551 135.23390628024936 202.66200594604015 104.07882241532207 118.82525403797626 171.3322311937809 1671.8468073382974 24.265576839447021 520.90009936876595 96.922372214496136 475.34661437757313 204.14414111338556 17.862637545913458 878.13420600816607 554.2216710075736 182.40793161094189 92.669985888525844 243.16288260370493 574.48997645825148 455.19634272530675 212.45346653088927 164.04454445466399 245.50432567112148
leaf_count=18101 3979397 23003 36017 7840 16073 6101 3845 3901 7553 18344 2555 43077 412 332 3776 29333 3065 4888 4806 410 14803 6559 4502 25076 10911 1538 2287 224 2023 2586 4555 1177 10829 92110 3913 4771 865 4858 10605 10725 729 1739 2713 1120 802 1624 13753 234 5326 715 4477 2843 185 7001 4999 1148 1008 1635 4288 2853 1459 1120 2498
internal_value=6.90136e-05 0.00171466 0.00750796 0.01694 0.0228184 0.0128411 -0.00114974 -0.0120396 -0.00157048 0.000519511 -0.0192439 0.0107369 -0.0537132 -0.00801371 -0.0473771 0.00343762 0.0125582 0.0395769 0.0174171 -0.0137589 -0.000717968 0.00473355 -0.0171883 -0.0298129 -0.0104149 -0.0295128 -0.0479413 -0.0119397 0.048913 0.0015079 -0.0496346 0.0768465 0.00325026 0.00602608 -0.0106506 -0.0140953 -0.00271393 -0.0189567 0.0412645 -0.00395474 -0.0294313 0.00454828 -0.0137693 -0.0597491 -0.0934927 -0.0929906 0.00925609 0.00260659 0.00962252 0.0306591 0.00448008 0.0558703 0.0150158 0.0383493 0.00506705 -0.0299 0.0591988 -0.0864153 0.0152045 0.0313571 0.0103096 -0.0439186 0.0319275
internal_weight=531441 59474.2 21521.4 10300.1 8850.73 5743.9 11221.3 5856.2 37952.8 33939.3 4013.53 5365.11 986.287 3027.25 589.634 29137.6 9120.43 2048.13 1284.43 878.106 20017.2 7072.29 4801.64 2645.66 2890.52 2683.57 1309.9 1373.67 525.434 2437.61 848.233 763.7 16414.4 14149.9 2510.19 2264.42 1653.6 1449.39 3106.82 3360.52 840.934 2519.59 1413.03 410.645 225.392 275.411 2075.17 3210.55 11639.7 2102.48 664.939 228.41 4964.94 895.997 1002.39 1289.24 189.592 284.967 4181.77 1406.18 950.988 376.498 448.166
internal_count=4492015 512618 223808 101629 88931 56053 122179 68071 288810 257843 30967 54108 7965 23002 4108 224370 62420 15981 9916 6851 161950 46439 33473 28977 18618 15129 6789 8340 3561 18894 4779 6065 132617 116152 18716 16465 11694 12698 32878 33050 7632 25418 14693 4483 1531 2744 16339 39094 97436 22273 6200 3077 50263 7186 10210 7707 1723 2045 27821 9720 6867 2579 5211
is_linear=0
shrinkage=0.176106


Tree=79
num_leaves=64
num_cat=0
split_feature=5 5 7 6 7 10 2 2 2 8 9 7 2 2 9 6 5 6 6 2 7 7 3 7 10 12 7 10 2 7 7 5 7 7 2 7 2 5 9 2 10 5 9 6 2 7 10 7 5 7 2 6 5 8 9 7 2 10 10 2 5 2 2
split_gain=7.99996 8.6078 8.39561 9.42857 8.45302 7.73015 11.7782 14.1025 10.048 9.91563 13.0569 12.1273 10.0021 8.40082 8.21791 7.05159 6.98114 9.4033 11.9718 6.71067 6.64934 26.0342 62.2364 17.3193 19.162 19.3763 17.1673 28.897 15.9458 48.8093 19.5445 17.3607 16.4343 30.1982 77.518 15.9764 18.0808 15.813 14.3382 13.4451 40.6153 26.1859 20.3887 14.7551 13.8725 14.8034 21.5905 22.9805 13.7179 12.9609 19.2973 12.5649 12.535 12.4886 12.3518 11.9427 16.4177 16.0364 26.7723 11.8653 13.7888 11.6255 51.0181
threshold=364.50000000000006 360.50000000000006 61.500000000000007 191.50000000000003 71.500000000000014 0.86501369002994422 1730.5000000000002 1739.5000000000002 1740.5000000000002 0.85824804301739877 0.85898181681714003 83.500000000000014 1740.5000000000002 810.50000000000011 0.87472056448365165 7.5000000000000009 375.50000000000006 79.500000000000014 113.50000000000001 2040.5000000000002 264.50000000000006 241.50000000000003 13.500000000000002 237.50000000000003 0.81459672985624421 0.80854474376661079 233.50000000000003 0.87431646764156656 1515.5000000000002 249.50000000000003 257.50000000000006 224.50000000000003 245.50000000000003 243.50000000000003 1479.5000000000002 251.50000000000003 1810.5000000000002 106.50000000000001 0.89054754110155787 1250.5000000000002 0.82495611632445209 226.50000000000003 0.85981433926680995 189.50000000000003 621.50000000000011 251.50000000000003 0.86422021755895906 247.50000000000003 133.50000000000003 235.50000000000003 1815.5000000000002 83.500000000000014 87.500000000000014 0.86628032038578417 0.86695768040484344 249.50000000000003 1620.5000000000002 0.82495611632445209 0.87431646764156656 1479.5000000000002 161.50000000000003 1135.5000000000002 1025.5000000000002
decision_type=2 2 2 2 2 2 2 2 2 2 2 2 2 2 2 2 2 2 2 2 2 2 2 2 2 2 2 2 2 2 2 2 2 2 2 2 2 2 2 2 2 2 2 2 2 2 2 2 2 2 2 2 2 2 2 2 2 2 2 2 2 2 2
left_child=1 20 -3 4 -4 9 13 -8 -9 10 11 -2 -13 16 -11 -10 17 -7 -19 -12 21 23 39 26 -25 -26 -1 38 29 32 59 52 33 34 -24 55 37 -37 -28 40 41 42 51 53 -42 46 47 -46 -45 50 -29 -23 -32 -41 -36 -30 -57 -58 -59 60 -31 62 -22
right_child=5 2 3 -5 -6 6 7 8 15 14 19 12 -14 -15 -16 -17 -18 18 -20 -21 61 22 28 24 25 -27 27 49 35 30 31 -33 -34 -35 54 36 -38 -39 -40 43 44 -43 -44 48 45 -47 -48 -49 -50 -51 -52 -53 -54 -55 -56 56 57 58 -60 -61 -62 -63 -64
leaf_value=3.9422428068263307e-05 -0.0017731713700389511 -0.072840146217938648 0.1218502621881988 -0.1456966454526043 -0.012229057617631954 -0.14123323406258054 -0.077226954857080476 0.069940427816881007 0.11778775206770647 0.031040193547527729 0.027828242983312754 -0.024449847369744992 -0.088222742987772579 0.044456190713713511 -0.057629113821878471 0.0013073491063135959 0.038976001964985921 0.043014600233161622 -0.17843773234087831 -0.069448494159684515 0.0007851540795688831 0.025694495775004968 -0.27987196540406051 -0.048635406280254 0.032502628622060201 0.0045213200874497043 -0.029690360705878681 -0.027147581557853993 -0.010443013632365926 0.041731907790271125 0.012838744731138274 -0.16363346513435706 -0.089753225577538454 0.021335189162094471 -0.038982358411074974 -0.050975683089748439 0.0077925841460258624 -0.018776659438772911 0.023087275327538619 0.015073034673952391 0.088930719261946636 -0.048917662905639099 0.06012425090739746 -0.095417558309441944 -0.028682658263026559 -0.004864262787135097 -0.016864119737341369 -0.13064158132903356 0.011170640962560204 0.03873388746933025 0.076677797500020531 -0.019496346058047967 -0.043466269409011431 0.055575121343184458 0.12009291862249051 0.060365242962535468 -0.022540962397447167 0.16737402120012859 -0.028160246983925538 -0.021279208588954854 -0.043522917175996753 -0.0004783215431107483 0.021505888031351991
leaf_weight=456369.10956905037 515.21941043436527 89.031149324029684 15.268009126186369 15.72400279343128 324.90302965044975 21.185369570739567 61.332662269473076 79.197637032717466 16.488630048930645 388.35788784176111 324.38485711626709 249.94516858458519 109.77008341997862 554.57827800139785 35.368712618947029 718.58912306837738 58.933625344187021 38.624695025384426 9.4167779274284822 23.593358749523759 18909.838648039848 793.26767794042826 47.320859283208847 151.23616027832031 1263.5540167037398 1955.0710504353046 1812.1268590427935 298.50873783230782 2178.7958197444677 355.10128425806761 173.99536489881575 30.251280926167965 432.92671358585358 149.15016248077154 125.758261539042 772.90909634158015 450.62423078715801 1219.128957465291 175.06395303457975 1631.0458535514772 39.631863256916404 150.47162658721209 437.07647047564387 67.320897065103054 153.18846820667386 1493.9109507501125 756.09115697443485 124.09668747708201 84.388312593102455 374.70247420854867 68.203933835029602 251.2495808750391 415.3416563346982 276.07212832570076 17.209957797080278 190.5278135985136 294.87522754073143 40.847689524292946 46.36791417747736 241.26717659831047 70.519436631351709 28264.356033174321 4577.2644689008594
leaf_count=3890170 3149 577 109 102 2170 254 438 497 172 3774 2899 1839 617 5084 245 5365 569 460 109 377 203712 6490 224 682 7438 15612 10963 2395 12419 2185 1142 222 2328 896 643 4363 2547 6742 1488 11331 655 1154 4417 474 1162 14938 8405 927 589 3757 476 2013 2685 2115 125 1182 1350 239 404 1495 471 189266 40918
internal_value=6.45791e-05 1.13509e-05 -0.0244733 -0.0123738 -0.00621113 0.00883646 0.0177269 0.00420758 0.0103414 0.000422717 -0.00762145 -0.0190973 -0.0439107 0.0350654 0.0236389 0.00392014 -0.00557086 -0.0434941 -0.00039305 0.0212328 3.19938e-05 -0.000174129 -0.00779414 4.8485e-05 0.0126275 0.0155061 -4.38472e-05 -0.013971 -0.0188964 -0.0320119 -0.0110019 -0.0335216 -0.0670068 -0.0379956 -0.0844995 -0.0136977 -0.0240636 -0.0312699 -0.0250409 0.00507363 -0.00064225 0.021079 0.0281879 0.0167312 -0.0144528 -0.016074 -0.0322795 -0.0743135 -0.0361278 0.0156992 -0.00783737 0.0148242 -0.0268428 0.0209361 -0.0198335 -0.004495 0.018137 -0.00291988 0.0634188 0.00992051 0.0276064 0.00192779 0.0048233
internal_weight=531380 528175 444.926 355.895 340.171 3204.99 1558.35 875.608 814.275 1646.64 1222.91 874.935 359.715 682.739 423.727 735.078 128.16 69.2268 48.0415 347.978 527730 475978 13510.7 462468 3369.86 3218.63 459098 2728.61 7252.92 2058.84 1286.48 619.588 772.366 339.439 190.289 5194.08 2442.66 1992.04 1987.19 6257.81 4198.98 1632.07 1481.59 2058.83 2566.92 2527.29 1033.38 277.285 151.709 741.415 366.713 1044.52 589.337 1907.12 142.968 2751.41 572.619 382.091 87.2156 666.888 425.621 51751.5 23487.1
internal_count=4492015 4466167 2958 2381 2279 25848 12948 6472 6034 12900 8881 5605 2456 6476 4019 5537 1392 823 569 3276 4463209 4029313 96332 3932981 23732 23050 3909249 19079 41662 12416 8200 4049 4216 1888 992 29246 13652 11105 12451 54670 40161 14074 12920 14509 26087 25432 10494 2089 1063 6628 2871 8503 3827 13446 768 15594 3175 1993 643 4151 2656 433896 244630
is_linear=0
shrinkage=0.176106


Tree=80
num_leaves=64
num_cat=0
split_feature=2 11 2 11 7 10 11 0 7 0 2 10 4 7 2 2 4 0 10 2 7 7 0 0 0 7 7 4 7 11 10 11 0 4 4 2 4 7 7 11 11 4 11 0 10 0 11 11 4 11 10 7 1 10 0 0 0 10 0 0 10 0 1
split_gain=5.78185 13.6667 18.2791 15.5469 17.0146 11.3086 12.5937 7.20782 6.53176 6.51942 8.924 6.39159 5.7844 5.76366 10.8949 10.6978 8.95015 18.9316 10.6232 18.7378 16.3641 13.0967 10.6086 23.2121 14.409 9.33115 9.43192 13.956 12.0103 11.9397 11.0233 8.95532 8.89407 8.22761 8.09703 8.04491 18.9743 22.0923 17.7312 11.5764 28.0121 18.3065 13.5332 11.5827 10.6581 12.3912 9.86706 9.51423 10.8493 9.42561 8.96597 11.5323 15.5777 19.9844 59.1098 62.6491 54.6233 47.0951 57.8929 15.3451 11.9692 49.2492 68.1641
threshold=2345.5000000000005 0.85325302511453061 2356.5000000000005 0.8693786748773481 9.5000000000000018 0.83422014451034787 0.86536854687490583 6.5000000000000009 16.500000000000004 2.5000000000000004 2350.5000000000005 0.88563453713947482 2714.0000000000005 90.500000000000014 524.50000000000011 2151.0000000000005 2383.5000000000005 7.5000000000000009 0.84745112996063121 1310.5000000000002 99.500000000000014 155.50000000000003 6.5000000000000009 5.5000000000000009 1.5000000000000002 91.500000000000014 138.50000000000003 2455.5000000000005 169.50000000000003 0.85499847116947503 0.86342884418218024 0.92142774795270188 6.5000000000000009 2480.5000000000005 2534.5000000000005 1940.5000000000002 733.50000000000011 136.50000000000003 103.50000000000001 0.81059873961884021 0.81234203049250475 843.50000000000011 0.74317300411747722 3.5000000000000004 0.86751522806253079 1.5000000000000002 0.79108615885452604 0.88345426503321256 410.50000000000006 0.82713862427871121 0.8964694903234508 264.50000000000006 5.5000000000000009 0.86342884418218024 4.5000000000000009 6.5000000000000009 3.5000000000000004 0.87324711660086407 2.5000000000000004 8.5000000000000018 0.82495611632445209 3.5000000000000004 6.5000000000000009
decision_type=2 2 2 2 2 2 2 2 2 2 2 2 2 2 2 2 2 2 2 2 2 2 2 2 2 2 2 2 2 2 2 2 2 2 2 2 2 2 2 2 2 2 2 2 2 2 2 2 2 2 2 2 2 2 2 2 2 2 2 2 2 2 2
left_child=13 9 3 8 7 -4 12 -5 -3 -2 -11 -8 -7 -1 -15 16 35 18 19 20 22 -20 23 24 -18 -19 27 -27 -28 -30 34 -31 33 -22 -29 50 37 38 -37 41 43 -38 -43 -41 -42 -46 -40 49 -49 -48 51 52 -16 54 56 -56 -54 58 -55 -59 61 62 -53
right_child=1 2 5 4 -6 6 11 -9 -10 10 -12 -13 -14 14 15 -17 17 25 21 -21 32 -23 -24 -25 -26 26 28 30 29 31 -32 -33 -34 -35 -36 36 39 -39 46 40 44 42 -44 -45 45 -47 47 48 -50 -51 -52 60 53 57 55 -57 -58 59 -60 -61 -62 -63 -64
leaf_value=0.00047908459597839089 0.053473912337030298 -0.10281937865554559 0.11010177237391915 -0.17333317222756675 0.01748476009520716 -0.10307207979055742 0.035739291753051336 -0.020765216428776715 -0.27644034920416161 -0.11695754916245048 0.005610774979670421 -0.04116804392173655 0.031420191215531246 0.049287532155923817 -0.0029419029128349232 0.063860438110730083 -0.21018817392703751 0.12155193243654099 -0.018485641317755614 0.050362052747448725 0.018467994067161937 0.0084239520269750109 0.032668402643357054 -0.25155538250297604 0.006477883496493861 -0.076499573592534523 0.016263279785826271 0.0046248507342883695 -0.0054581797417202864 -0.11492057615024816 0.02743139381464503 -0.011930562235197176 0.052912599448280161 -0.031906362372098492 -0.05868519492596809 0.025283024080189159 -0.045995199859524875 0.026802213722254491 0.028160645418279423 -0.28202909592293263 0.024681838628225389 -0.036398368187036456 0.027562074368832335 -0.088694916671904142 0.03688557847855839 -0.022755139091213059 -0.0068764675819560916 -0.010308411424118495 0.048985975174367292 -0.044542954797893997 0.0035965079000845022 -0.021510079371718137 0.0016882660940802504 -0.015116254432612261 -0.029279369696377185 -3.8617299996400564e-05 0.040965439525022788 -0.0051157706057704368 0.024039198684697855 0.021692661446096821 0.0031372877226097272 0.0045810288485810553 0.029779745986872996
leaf_weight=314290.41276843008 80.27642896771431 10.945635810494425 21.593209482729435 35.864413022994995 45.039789067581296 63.225476529449224 89.966249771416187 13.115389592945574 17.407498329877853 20.028082944452763 229.83628417924047 53.409758906811476 11.762946505099533 135.12970377877355 107835.14131888282 79.489719156175852 12.055654771625994 12.858121529221533 1437.287133179605 301.2266321927309 242.37450710684061 919.92524546943605 25.320587113499641 22.101812742650509 45.245981514453888 246.25705801695585 249.29718136787415 88.78908334672451 156.90720501169562 76.911896262317896 99.961976077407598 39.700024984776974 115.07435369864106 171.85332122445107 212.82604621723294 649.11441114172339 161.32559639215469 1899.9526643762365 190.15257311612368 14.948565393686293 214.77229743078351 119.16159808635712 737.99586234986782 26.912438310682774 118.38243239372969 1236.4710437208414 395.65847983956337 403.15794819965959 125.49229669384658 429.91989117115736 13509.1477204822 5808.518747407943 5483.330214921385 1461.7886516619474 3832.6169166341424 5582.1831087050959 1373.097791088745 7981.8524232218042 5888.9526666915044 722.08983324840665 33337.774741735309 11378.055112034082 932.63762734085321
leaf_count=2622712 581 105 310 340 577 606 945 126 182 170 1919 551 87 1848 878813 621 89 120 12859 2451 2007 8301 165 171 411 1592 2150 519 972 716 1320 587 816 1566 1659 4779 758 13231 938 81 1373 559 3931 171 982 8769 2129 5066 1209 2928 168570 39466 39505 12563 29156 42369 13351 85923 62816 10642 295062 91235 6855
internal_value=-2.35648e-05 -0.016105 -0.0397208 -0.0951101 -0.0606398 -0.0114736 -0.0234957 -0.13248 -0.209415 0.00981345 -0.00421379 0.00709013 -0.0819752 -2.58658e-06 -0.00070169 -0.000732904 -0.000756639 -0.00854967 -0.00168295 0.014198 -0.00298358 -0.00798391 -0.0665893 -0.0982412 -0.0391064 -0.0276526 -0.0292914 -0.0434919 -0.0116952 -0.0371778 -0.0232508 -0.0798581 0.00960102 -0.00243113 -0.0400481 -0.000591988 0.0054023 0.0129011 0.000860364 -0.00626935 -0.0155579 0.00842744 0.0186703 -0.157735 -0.0117662 -0.0175439 -0.00940465 -0.0146793 0.00376704 -0.0264913 -0.000788462 -0.0010976 -0.0019254 0.00146552 -0.00288394 -0.0119421 0.00955408 0.00587365 0.0162526 -0.00289171 0.00115719 -0.00248602 -0.0144141
internal_weight=531524 692.471 362.33 122.373 94.0196 239.958 218.364 48.9798 28.3531 330.141 249.864 143.376 74.9884 530832 216541 216406 216327 4475.97 3292.47 935.253 634.026 2357.21 104.724 79.4034 57.3016 1183.51 1170.65 647.834 522.816 273.519 401.577 116.612 529.302 414.228 301.615 211851 6723.42 4093.45 2193.5 2629.97 1611.49 1018.48 857.157 41.861 1569.63 1354.85 1544.38 1354.23 528.65 825.578 205127 191618 140161 32325.9 16271.2 9414.8 6856.43 16054.7 7350.74 8703.94 51457 18119.2 6741.16
internal_count=4493381 6499 3829 1330 1043 2499 2189 466 287 2670 2089 1496 693 4486882 1864170 1862322 1861701 38471 28836 7676 5225 21160 836 671 500 9635 9515 5090 4425 2275 3498 1303 4389 3573 2178 1823230 46904 30280 17049 16624 11376 5248 4490 252 11124 9751 12270 11332 6275 5057 1776326 1607756 1175138 296325 124381 71525 52856 171944 75379 96565 432618 137556 46321
is_linear=0
shrinkage=0.176106


Tree=81
num_leaves=64
num_cat=0
split_feature=6 9 12 3 9 3 3 3 8 0 10 6 11 6 6 0 0 8 3 8 0 1 6 0 10 1 0 1 0 9 1 1 9 9 9 9 1 6 10 9 1 6 3 9 3 1 9 10 6 3 8 1 3 1 1 11 6 11 11 1 3 9 8
split_gain=5.8205 14.5185 24.4728 31.9093 20.4127 101.249 40.1502 49.297 45.5638 57.8452 49.174 31.6021 26.4982 21.4794 32.1731 53.8869 20.9625 19.7651 21.6868 19.6277 19.0528 17.3858 17.241 16.8957 23.8548 16.8902 16.2302 21.2736 16.0604 34.0306 31.1389 42.3172 131.319 27.7579 46.9083 41.2067 28.96 59.0394 46.3128 38.3158 36.5411 35.8376 27.3556 34.6098 23.2329 27.946 22.326 22.2083 33.5622 21.1244 27.8826 21.8812 46.1363 20.4503 44.1029 20.2326 19.7061 19.669 19.3889 19.1664 27.3999 39.8651 38.5633
threshold=55.500000000000007 0.90191647613397075 0.86947312089378326 9.5000000000000018 0.8762973453133257 14.500000000000002 9.5000000000000018 12.500000000000002 0.90127320420397428 3.5000000000000004 0.89433885133650681 65.500000000000014 0.89208990838159918 96.500000000000014 102.50000000000001 6.5000000000000009 1.5000000000000002 0.84496713270957635 21.500000000000004 0.83526014591826703 1.5000000000000002 2.5000000000000004 129.50000000000003 6.5000000000000009 0.8919053268973075 6.5000000000000009 8.5000000000000018 4.5000000000000009 1.5000000000000002 0.86080317720381305 3.5000000000000004 2.5000000000000004 0.87472056448365165 0.84299907274087305 0.85335723161619847 0.85004938633680538 3.5000000000000004 159.50000000000003 0.84433810094781336 0.80891849360395851 5.5000000000000009 98.500000000000014 18.500000000000004 0.79239690530464058 14.500000000000002 1.5000000000000002 0.85392096578175769 0.84648772220272439 158.50000000000003 9.5000000000000018 0.83028932750521267 1.5000000000000002 15.500000000000002 5.5000000000000009 3.5000000000000004 0.81597325236050511 78.500000000000014 0.90264412190924748 0.84176889878583394 6.5000000000000009 9.5000000000000018 0.87395318374103115 0.85824804301739877
decision_type=2 2 2 2 2 2 2 2 2 2 2 2 2 2 2 2 2 2 2 2 2 2 2 2 2 2 2 2 2 2 2 2 2 2 2 2 2 2 2 2 2 2 2 2 2 2 2 2 2 2 2 2 2 2 2 2 2 2 2 2 2 2 2
left_child=-1 4 17 23 28 6 11 8 13 16 -11 -6 -12 -8 -15 20 -10 18 25 -13 -16 -22 -9 -4 26 -3 27 -25 29 33 31 -31 58 36 35 -35 37 47 40 49 -38 -40 -42 -44 45 -37 -36 -2 -49 50 -39 -51 -53 54 -46 -32 59 -48 -33 -57 61 -61 -63
right_child=1 2 3 -5 5 -7 7 22 9 10 12 19 -14 14 15 -17 -18 -19 -20 -21 21 -23 -24 24 -26 -27 -28 -29 -30 30 55 32 -34 34 46 44 38 39 41 -41 42 -43 43 -45 53 -47 57 48 -50 51 -52 52 -54 -55 -56 56 -58 -59 -60 60 -62 62 -64
leaf_value=0.0007608051923615319 0.007140463103753816 -0.0083760114040203129 0.0099531118722884643 -0.02657673311598803 -0.036380611260414558 0.017822875574375095 -0.016822445964135065 -0.0092457829777030081 -0.083384118577870536 -0.24370702940763939 0.043992276988170674 0.049660132066114249 -0.11823508624681446 -0.11644472639477793 -0.11924658866573547 0.01159260815987846 0.034696249375629443 0.009793384914841375 0.073318462912607629 5.0025820794021803e-05 -0.0048089230261662182 -0.069134847303408103 0.054875813789946652 -0.011717035202191434 0.035990412591898495 -0.06137732766705057 0.010775174279475682 -0.062059295967339979 -0.000916654944596541 0.021222131514729382 -0.011398120240235461 -0.031251083644701298 -0.13459388823949167 -0.0078901837997154729 0.076365904939812324 -0.1468124590083576 -0.019967556223876803 0.029302499512768927 0.032860463833171386 0.03410753984674799 0.013222525220559157 0.0018995966054546757 0.034623474505540326 -0.05959894292730232 -0.047043482137970917 -0.0063150292363819936 -0.0071857336815372014 -0.014291096346912847 -0.24984619274921699 0.044282166344574853 -0.079260794471947685 0.041477018367602272 -0.03528359785125619 -0.015026585712580514 -0.17041731568868257 0.025373083766260674 0.04136851615964024 0.056439594727267207 0.04247498424871142 0.03957629737354601 -0.0084781128510260234 -0.02621019753084353 -0.51892884578715892
leaf_weight=191458.95910381619 2785.0111105926335 1228.6032684780657 3031.9003509311005 1621.9630729462951 726.71222656685859 3481.2168531008065 1516.6654669046402 1766.9494240023196 78.314760141074657 92.049586422741413 37.711069598793983 272.0724206790328 181.58695691078901 180.29507361724973 157.64278057217598 453.75009864196181 115.23658740520477 13980.309336965904 88.62984712049365 2719.940306333825 181.79139464348555 460.13104344159365 140.38067376613617 658.33646922931075 272.83261285815388 219.83699415251613 376.91102676372975 430.61150403227657 272125.91854488011 1084.4623936060816 360.35842315480113 161.95367019623518 260.148985106498 761.22640563175082 128.93982757255435 52.566783372312784 5223.1390338968486 116.22722276300192 1463.9765104018152 3420.8763531111181 2312.8866324145347 5574.6192523241043 176.0306042432785 386.0715588517487 175.51394595205784 266.52460490912199 1332.9772127550095 2288.5165769364685 18.914332263171673 431.32064265012741 198.97609663009644 417.35474065318704 580.7426740527153 86.925977550446987 184.13680048286915 437.60027608275414 2049.709020966664 169.89090685546398 349.06956617161632 14.982910418882964 143.78765563294291 7.8341427445411709 13.272691538557408
leaf_count=1802628 20158 14627 46653 19150 11154 35777 14980 17048 605 835 346 2644 2596 1382 1285 3732 1096 157170 1737 39826 1820 4177 1344 8354 6635 2511 6091 5505 2018439 12204 2294 1201 2885 6421 1061 404 32048 934 11277 28774 16849 42823 1217 2306 1314 2124 11325 18203 127 3321 1741 3589 3748 589 1152 4409 20555 2318 4193 219 1203 84 164
internal_value=-1.58534e-05 -0.000453156 0.00393168 -0.00523831 -0.000755149 -0.00771243 -0.0175012 -0.0272524 -0.0397977 -0.0886831 -0.135681 -0.00343962 -0.090338 -0.0314316 -0.0468872 -0.036881 -0.0130814 0.00770935 -0.0112458 0.00456122 -0.0643896 -0.0509178 -0.00452639 0.00201658 -0.011823 -0.0164203 -0.0207223 -0.0316243 -0.000469118 0.0031732 0.0167587 -0.0012041 -0.032741 0.00084981 -0.0147191 -0.0369049 0.00278634 0.0100105 -0.00210939 0.023276 -0.011191 0.00833923 0.00475394 -0.0300918 -0.0657513 -0.0294604 0.00604039 -0.00344527 -0.016222 0.0020374 -0.0392295 0.0111372 -0.00318612 -0.0916821 -0.110209 0.0277685 0.0330602 6.75686e-06 0.0191097 0.0054808 -0.0429125 -0.180105 -0.336048
internal_weight=531494 340035 21909.9 6392.56 318125 12562.4 9081.23 5362.5 3455.17 504.899 311.348 3718.72 219.298 2950.28 1433.61 1253.32 193.551 15517.4 1537.07 2992.01 799.565 641.922 1907.33 4770.59 1738.69 1448.44 1465.86 1088.95 305562 33436.5 4883.18 1855.63 771.172 28553.4 3158.7 1526.89 25394.7 10257.9 15136.7 5165.5 8098.13 7038.6 2874.99 562.102 765.668 319.091 1631.81 5092.44 2307.43 1744.62 315.203 1429.42 998.097 446.577 359.651 3027.55 2667.19 1502.87 511.023 617.478 179.877 36.0897 21.1068
internal_count=4493381 2690753 268433 92388 2422320 140647 104870 51246 32854 5478 3777 53624 2942 27376 12396 11014 1701 176045 18875 42470 7282 5997 18392 73238 26585 17138 19950 13859 2281673 263234 49411 20483 8279 213823 26708 12004 187115 80595 106520 42107 52420 54100 20372 3523 5583 2528 14704 38488 18330 13333 2675 10658 7337 3055 2466 28928 26634 13643 5394 6079 1670 467 248
is_linear=0
shrinkage=0.176106


Tree=82
num_leaves=64
num_cat=0
split_feature=5 0 7 0 4 7 0 2 5 4 4 2 8 7 1 8 5 1 0 1 5 2 7 2 2 4 2 5 2 4 8 0 0 7 1 7 4 4 8 7 5 7 7 2 1 1 8 4 1 2 4 4 5 5 2 2 7 7 8 7 2 7 7
split_gain=8.48468 24.6883 55.4367 33.5153 27.3675 26.7667 28.1353 26.6057 18.9174 17.8897 17.7807 20.125 17.3599 18.7988 17.1518 16.093 15.8682 15.2467 15.1887 29.1084 16.8272 15.1334 13.997 13.9331 13.3793 12.5171 12.5103 12.1122 12.0053 11.7046 12.5146 20.6982 23.4647 14.7121 14.4798 11.6933 11.6559 11.5133 14.2857 14.1897 10.8911 10.7972 10.7826 11.3171 10.6326 14.1785 11.9373 9.90042 10.921 9.81487 9.72903 14.6117 18.7155 9.57284 10.2746 9.34817 9.33341 13.3457 14.6457 9.28744 8.95654 9.77173 8.90361
threshold=307.50000000000006 5.5000000000000009 33.500000000000007 7.5000000000000009 2402.5000000000005 106.50000000000001 4.5000000000000009 1500.5000000000002 384.50000000000006 2250.5000000000005 2383.5000000000005 1330.5000000000002 0.86628032038578417 165.50000000000003 2.5000000000000004 0.8563935865996698 285.50000000000006 2.5000000000000004 8.5000000000000018 4.5000000000000009 323.50000000000006 2215.5000000000005 76.500000000000014 955.50000000000011 2145.5000000000005 2587.0000000000005 1355.5000000000002 327.50000000000006 1015.5000000000001 2179.0000000000005 0.86628032038578417 2.5000000000000004 1.5000000000000002 145.50000000000003 3.5000000000000004 140.50000000000003 2567.0000000000005 2534.5000000000005 0.8563935865996698 80.500000000000014 372.50000000000006 15.500000000000002 72.500000000000014 1779.5000000000002 4.5000000000000009 6.5000000000000009 0.85824804301739877 2340.0000000000005 5.5000000000000009 636.50000000000011 2250.5000000000005 2402.5000000000005 332.50000000000006 323.50000000000006 1140.5000000000002 805.50000000000011 31.500000000000004 70.500000000000014 0.85154788907268331 129.50000000000003 657.50000000000011 108.50000000000001 7.5000000000000009
decision_type=2 2 2 2 2 2 2 2 2 2 2 2 2 2 2 2 2 2 2 2 2 2 2 2 2 2 2 2 2 2 2 2 2 2 2 2 2 2 2 2 2 2 2 2 2 2 2 2 2 2 2 2 2 2 2 2 2 2 2 2 2 2 2
left_child=10 2 44 9 7 28 29 56 14 -3 -1 16 13 37 -6 18 -12 27 19 -16 36 -14 -18 59 55 -10 -17 -8 -4 -7 34 32 33 -32 -31 -24 -20 38 -13 -39 -25 47 -9 -44 46 50 -2 -11 -49 -43 -46 52 62 -34 -55 -21 -5 58 -58 -19 -36 -62 -52
right_child=1 3 5 4 8 6 17 42 25 41 11 12 21 -15 15 26 22 23 20 24 -22 -23 35 40 -26 -27 -28 -29 -30 30 31 -33 53 -35 60 -37 -38 39 -40 -41 -42 49 43 -45 45 -47 -48 48 -50 -51 51 -53 -54 54 -56 -57 57 -59 -60 -61 61 -63 -64
leaf_value=-8.542203293219504e-05 -0.032103563980300086 0.058710010497817898 0.00080091048050166445 0.12267359672827062 -0.041600087246589687 0.018791463072200986 -0.050342883589504249 0.041062334755818955 -0.097859467506368675 -0.048964819234627262 -0.25385266073041585 0.005367067584084062 0.07038376657280955 -0.20161157015264128 0.014651470931282679 -0.0060958891719563686 -0.015004634312805116 -0.023186825721400857 -0.018020369293807906 -0.13034231982259153 0.038680670104227766 -0.031812132200374495 -0.086193762335867438 -0.042561988516663408 -0.18684018634833879 0.04474797909220414 0.051082498537953477 0.056338401401733552 0.022864517459073391 -0.040165464538218752 -0.030014978112086595 0.051461900461673579 0.075482391932520293 0.072609142236271906 0.12940139736733158 0.0030697505367484001 -0.16262416717128997 -0.14295101124031812 -0.13136923629565156 0.015330872478621284 0.050050606746750118 -0.13976259157858373 -0.047296982519722586 0.0088704107470598016 0.087541023108220373 -0.01356362774073081 0.014804193343674084 0.070988644278570351 0.0036826910383166377 0.015861555608545165 -0.066396599982097348 -0.055732517228762324 0.06436696296473024 -0.14118500955221222 -0.041261186745451338 -0.045618955783820886 0.033606242180567597 0.054539190766988509 -0.14630192549780274 -0.11288564672656057 -0.11128879855672465 0.00081902568420119443 -0.21103857624757685
leaf_weight=514628.65344071854 606.45873540267348 392.20232904329896 1159.3746202811599 50.779100388288498 627.07943082600832 828.76853528246284 54.612550914287567 128.00795405358076 20.756545953452587 31.805731266736984 10.926210552453993 448.98885363526642 156.06768181733787 16.682817094027996 226.13624040037394 263.37061117589474 328.98148699477315 47.971805099397898 105.30499651283026 45.93923108279705 224.13043819740415 63.111195016652346 227.62566594406962 326.63664365559816 25.826593942940235 237.51046149805188 216.00303580611944 83.427979860454798 2247.5451812185347 491.30747625045478 76.91298995912075 259.30492999404669 13.146191623061894 99.2027248442173 16.113117255270481 56.888362728059292 20.683161269873381 42.330371670424938 25.016755394637585 30.024713877588511 44.779422461986542 12.622700881212948 205.52080268785357 242.55977226793766 12.445805642753838 240.67425021342933 232.85820138826966 283.89450408145785 101.49597730115056 2923.2745722644031 17.802904680371284 378.27731510531157 12.039469137787817 53.97030071169138 78.089367218315601 334.34951191395521 36.977806448936462 408.56437862105668 22.616352736949921 141.08338752016425 25.083085097372532 623.44672876223922 51.033631935715675
leaf_count=4357876 4535 2784 9604 541 4949 5701 498 834 110 257 117 5212 2422 239 1461 2710 3040 422 768 364 1994 1097 2215 2226 204 2070 1806 785 17210 4083 681 3092 167 1022 125 518 209 337 138 301 399 154 1303 1398 94 1763 2095 2061 837 22016 146 2990 100 466 506 1987 240 3686 204 1206 178 4756 395
internal_value=-1.78701e-05 0.00405411 -0.00253628 0.0115935 -0.000950666 0.00443763 -0.00695961 0.022039 -0.0116764 0.0231222 -0.000139467 -0.0199121 -0.00109184 -0.0174604 -0.0172358 -0.00678363 -0.0434885 -0.038294 -0.0196916 -0.0359868 0.0097347 0.0409571 -0.039742 -0.0512063 -0.0641836 0.0332868 0.0196684 0.0141324 0.0153563 0.00157236 -0.00664533 0.0144486 -0.0154209 0.0277913 -0.0172407 -0.0683456 -0.0417596 -0.0118375 -0.00184951 -0.0772698 -0.0313962 0.0189596 -0.00401432 -0.0168918 -0.0325193 -0.0483444 -0.0190896 0.0454695 0.053263 0.0151925 -0.0660943 -0.0702587 -0.138201 -0.0678316 -0.0820982 -0.0558536 0.0509616 0.0431833 -0.03467 -0.090125 -0.000294576 -0.00351695 -0.17363
internal_weight=531445 15409.8 8222.37 7187.41 3442.12 6670.78 3263.86 1095.03 2347.09 3745.3 516035 1406.64 782.222 563.044 2088.82 1461.74 624.422 698.512 982.37 632.252 350.119 219.179 613.496 560.471 406.115 258.267 479.374 138.041 3406.92 2565.35 1736.58 580.627 321.322 176.116 1155.95 284.514 125.988 546.361 474.006 72.3551 371.416 3353.09 576.089 448.081 1551.59 712.273 839.317 417.196 385.39 2935.9 471.599 459.153 80.876 145.206 132.06 380.289 518.938 468.159 59.5942 189.055 664.643 648.53 68.8365
internal_count=4493704 120192 65245 54947 26838 53127 26313 8206 18632 28109 4373512 15636 9746 6227 16452 11503 5890 5536 6987 4016 2971 3519 5773 4253 2555 2180 4516 1283 26814 20777 15076 5934 2842 1703 9142 2733 977 5988 5350 638 2625 25325 3535 2701 12118 5488 6630 3155 2898 22170 3725 3631 641 1139 972 2351 4671 4130 444 1628 5059 4934 541
is_linear=0
shrinkage=0.176106


Tree=83
num_leaves=64
num_cat=0
split_feature=1 8 1 3 10 8 10 10 6 9 9 8 10 6 9 6 6 13 3 6 11 9 10 8 8 9 11 8 10 5 6 5 9 6 6 9 9 6 6 3 3 9 9 8 9 5 6 6 6 6 3 9 1 1 9 8 6 9 3 6 6 5 8
split_gain=8.00992 21.3606 13.7645 26.8703 35.1033 33.5581 22.0642 16.5012 16.0845 13.822 39.4751 16.4945 17.2581 14.2455 33.7986 27.3949 26.2862 23.1606 18.0259 16.5974 13.0294 12.8046 18.5189 22.4778 28.2473 17.3988 22.6532 15.8038 15.9623 27.0522 17.3474 15.2903 14.3553 25.553 55.4313 13.427 24.2871 17.8896 47.1423 31.8786 12.6885 12.5274 12.0273 26.0771 23.1498 22.2388 21.2171 13.1983 13.1906 35.9928 11.1741 26.7181 43.8803 52.8487 48.3326 34.7425 25.6926 25.6951 35.0813 26.0125 24.7416 24.0481 29.2359
threshold=1.5000000000000002 0.90127320420397428 2.5000000000000004 10.500000000000002 0.87574415278457785 0.90127320420397428 0.89837950049573323 0.8964694903234508 438.50000000000006 0.82893983032068841 0.82603058359836112 0.82113268084446045 0.80844796625859361 156.50000000000003 0.81500855093345759 161.50000000000003 123.50000000000001 0.84614648536586468 7.5000000000000009 134.50000000000003 0.8494151491198737 0.80007737908718268 0.80155467498908761 0.86628032038578417 0.8563935865996698 0.87924733125910104 0.89034410043928547 0.848122963620355 0.81515192319611229 101.50000000000001 263.50000000000006 79.500000000000014 0.81736366305786812 154.50000000000003 149.50000000000003 0.87472056448365165 0.87115700405521557 143.50000000000003 136.50000000000003 16.500000000000004 14.500000000000002 0.93349481475758289 0.89252151232798049 0.84154593889460827 0.87472056448365165 75.500000000000014 37.500000000000007 39.500000000000007 123.50000000000001 138.50000000000003 17.500000000000004 0.80007737908718268 5.5000000000000009 6.5000000000000009 0.77976848407006161 0.8806295869237083 381.50000000000006 0.76001425473962181 20.500000000000004 42.500000000000007 397.50000000000006 123.50000000000001 0.90127320420397428
decision_type=2 2 2 2 2 2 2 2 2 2 2 2 2 2 2 2 2 2 2 2 2 2 2 2 2 2 2 2 2 2 2 2 2 2 2 2 2 2 2 2 2 2 2 2 2 2 2 2 2 2 2 2 2 2 2 2 2 2 2 2 2 2 2
left_child=1 -1 3 4 9 42 7 -7 21 10 11 12 -2 14 19 -15 17 18 -16 -13 -17 -5 31 24 27 35 40 -24 -29 30 -30 -23 -26 34 41 36 -25 38 -37 -40 -27 -34 44 -44 46 47 -6 -46 -47 -50 -4 52 54 56 -52 60 57 58 -54 -60 -53 62 -57
right_child=2 -3 50 8 5 6 -8 -9 -10 -11 -12 13 -14 15 16 20 -18 -19 -20 -21 -22 22 23 25 32 26 -28 28 29 -31 -32 -33 33 -35 -36 37 -38 -39 39 -41 -42 -43 43 -45 45 48 -48 -49 49 -51 51 55 53 -55 -56 61 -58 -59 59 -61 -62 -63 -64
leaf_value=-0.0022059435903893079 -0.016832332688657331 0.01402318553510532 0.00042139162877817787 0.011726070045821073 -0.10034760090129329 -0.06204037150759819 -0.020629248022526945 -0.15286796149950102 -0.048474355762977053 0.0042831432764772531 -0.068263814680780355 0.0097833320725954666 0.016692286306765232 -0.15027396329626885 -0.013812346216115075 -0.025598127391580048 -0.19502407537188574 0.0030317329224211127 -0.09555236990140803 0.070564436518356491 0.025968843079629107 -0.002882897774232623 -0.0013176207897975841 0.0049667742640432432 -0.029138238581194603 0.016888585033789941 0.0091394435283679212 -0.0059735804405771972 0.039876471332494959 0.0062913935055000066 -0.01527051996529029 0.021586903184791912 -0.0075057986133118294 0.041030946252365891 -0.20624621495430701 -0.019692098295860969 0.071120722833666578 0.01686404409234861 -0.064616611335687246 -0.37734203560919211 0.050654850736378432 -0.10152350143610914 -0.08211918014661311 0.021559803476877037 -0.021060526858933115 -0.025293888909892148 -0.0072893444998975467 -0.22255612979707368 -0.50709317399658405 -0.028028856376214502 0.010489532948284882 0.0010763608023015838 0.016640467399776298 -0.0094187089819994796 -0.020652069770848561 -0.013492662275946218 -0.10168668304101286 0.039033011792997431 -0.0066543934293440705 -0.19827360799953594 0.032242922359936831 0.0072878784889226292 0.0053022042917766641
leaf_weight=75157.820058151148 646.69058482721448 2602.2892689369619 284321.78794667218 7165.6692376472056 80.283993009477854 152.01885020267218 195.85503417253494 104.79947639256716 176.1939173489809 9549.9322142917663 304.05283804237843 988.29413484409451 1806.7106819264591 51.410381998866796 156.2118742801249 1276.5545779615641 28.314047321677208 466.33545788377523 180.18212005123496 162.20018395781517 172.49478546530008 1080.9128636829555 14082.534866705537 5794.8935384750366 1197.0170228928328 603.70090141147375 3009.2583128446713 1974.5002084895968 1337.9373556356877 5700.2498465776443 203.86022888123989 2962.6543207615614 3218.1663817670196 315.04001602903008 44.696390315890312 662.26511543244123 177.38147729821503 370.22583924233913 20.961042337119579 19.527220584452152 805.84247777424753 44.561991278082132 86.903893599286675 560.39997084904462 13.512593533843754 167.65453065745533 1418.9383419109508 39.707801545038819 6.8204361163079765 16.95454178377986 1885.7658884599805 63883.572040149942 326.00886763632298 3302.9112845174968 8569.624852322042 12965.100648775697 47.588600993156433 1651.0397054683417 41.326213136315346 46.912254668772221 799.84257306903601 3045.4573879670352 3200.3745601270348
leaf_count=622170 4472 39715 2516506 46439 1177 2687 3988 2051 926 117809 2928 9785 15037 390 1571 11698 338 4635 1698 1657 2118 7144 112083 51070 8519 5982 48825 14315 13829 49875 1662 18843 29295 2599 410 6967 2170 3747 202 202 8540 590 1307 13470 336 3056 16463 669 106 266 8546 422817 1835 16751 41409 88307 361 11146 237 234 4899 22258 42567
internal_value=-1.1399e-05 -0.00166283 0.000271648 0.00255032 -0.00317246 -0.0211833 -0.065151 -0.0991043 0.0046425 7.15012e-05 -0.00637472 -0.00320433 0.00785555 -0.0109971 -0.00119514 -0.0239417 -0.0282568 -0.0223745 -0.0575946 0.0183524 -0.0194596 0.00482676 0.00369353 0.00253385 -0.000145762 0.0091063 0.0177692 0.00239286 0.00806233 0.0118891 0.0325848 0.0150457 -0.0124184 -0.00689339 -0.0114583 0.00367292 0.0069316 -0.0144651 -0.03097 -0.215442 0.0361929 -0.00878988 -0.0128598 0.00764036 -0.0204692 -0.0706979 -0.0122727 -0.171397 -0.0427021 -0.16546 -0.000141276 -0.00174482 -0.0083708 0.00449524 -0.0150353 -0.000491317 0.0262459 0.0291938 -0.0100218 -0.108529 0.00146175 -0.00706732 -0.00977173
internal_weight=531449 77760.1 453689 69601.3 18633.2 2843.85 452.673 256.818 50968.1 15789.4 6239.45 5935.4 2453.4 3482 1981.54 1500.46 831.043 802.729 336.394 1150.49 1449.05 50791.9 43626.2 39582.6 28118.6 11464.1 4418.8 23299.1 9216.55 7242.05 1541.8 4043.57 4819.48 3622.46 3307.42 7045.25 5972.28 1072.98 702.753 40.4883 1409.54 3262.73 2391.18 647.304 1743.87 244.65 1499.22 53.2204 191.43 23.775 384087 99765.5 15871.2 5415.79 10455.4 83894.3 2112.88 2065.29 414.247 88.2385 64683.4 19210.9 16165.5
internal_count=4493704 661885 3831819 653946 219712 45576 8726 4738 434234 174136 56327 53399 19509 33890 19684 14206 8242 7904 3269 11442 13816 433308 386869 360882 233177 127705 63347 191764 79681 65366 15491 25987 41413 32894 30295 64358 53240 11118 7371 404 14522 29885 36850 14777 22073 4433 17640 1005 3428 372 3177873 661367 80519 30564 49955 580848 13813 13452 2306 471 427716 153132 130874
is_linear=0
shrinkage=0.176106


Tree=84
num_leaves=64
num_cat=0
split_feature=2 0 0 8 8 8 1 6 6 11 1 2 6 10 1 8 0 6 6 0 8 6 11 11 8 5 8 1 10 8 1 11 2 1 0 6 6 5 10 5 6 0 5 11 10 6 1 6 2 0 11 2 2 11 1 6 10 10 6 8 11 11 10
split_gain=5.21777 36.0244 22.8279 32.2404 44.4036 26.0988 24.9246 24.1398 53.9635 37.119 22.8769 22.4997 22.134 21.2714 19.5625 25.0569 21.7335 24.0123 22.4 28.7397 19.5011 18.0501 16.4101 16.1484 15.5352 15.5322 14.4165 14.0156 13.9347 13.7167 16.2908 13.4506 12.6722 13.1456 20.7074 15.2131 12.6388 12.7184 12.4061 12.3805 12.0419 11.9773 11.9317 15.4566 11.4895 11.637 19.4913 15.7691 12.1192 15.3336 13.0363 30.4244 16.5465 11.2706 15.8631 13.2064 13.0844 12.11 10.9787 11.9651 10.8318 10.7181 10.7166
threshold=2050.5000000000005 8.5000000000000018 6.5000000000000009 0.85370962442027898 0.79865757073970556 0.85824804301739877 2.5000000000000004 87.500000000000014 104.50000000000001 0.86467027660895368 1.5000000000000002 2140.5000000000005 202.50000000000003 0.86501369002994422 4.5000000000000009 0.80652984726770349 1.5000000000000002 268.50000000000006 218.50000000000003 2.5000000000000004 0.85154788907268331 115.50000000000001 0.81476614590937857 0.81319940955957193 0.82113268084446045 109.50000000000001 0.78730933661789715 3.5000000000000004 0.81499633825503093 0.84496713270957635 5.5000000000000009 0.82208472073140071 2110.5000000000005 3.5000000000000004 2.5000000000000004 164.50000000000003 7.5000000000000009 51.500000000000007 0.81145975209652665 111.50000000000001 2.5000000000000004 5.5000000000000009 54.500000000000007 0.8494151491198737 0.86335829600486258 116.50000000000001 3.5000000000000004 136.50000000000003 2225.5000000000005 7.5000000000000009 0.88090199163019911 2140.5000000000005 2105.5000000000005 0.72012961028567279 5.5000000000000009 31.500000000000004 0.85297677249019188 0.82137667740611919 9.5000000000000018 0.90127320420397428 0.94124444638457228 0.7603205610219278 0.86342884418218024
decision_type=2 2 2 2 2 2 2 2 2 2 2 2 2 2 2 2 2 2 2 2 2 2 2 2 2 2 2 2 2 2 2 2 2 2 2 2 2 2 2 2 2 2 2 2 2 2 2 2 2 2 2 2 2 2 2 2 2 2 2 2 2 2 2
left_child=-1 2 6 4 10 44 7 24 9 11 -4 41 28 42 15 22 -17 18 25 -20 -15 26 32 -19 -2 38 -16 39 -3 31 -31 -23 -8 35 -35 -34 -7 -38 -18 -12 -28 -9 -6 62 45 48 -47 -48 50 -50 52 -52 -5 54 -42 -56 -55 -57 -26 -60 -10 -29 -44
right_child=1 12 3 5 13 36 14 8 60 -11 27 -13 -14 20 21 16 17 23 19 -21 -22 29 -24 -25 58 -27 40 61 -30 30 -32 -33 33 34 -36 -37 37 -39 -40 -41 53 -43 43 -45 -46 46 47 -49 49 -51 51 -53 -54 56 55 57 -58 -59 59 -61 -62 -63 -64
leaf_value=-9.4614777656201098e-05 0.053017250048937106 0.044264451072324323 0.074817482262388241 -0.0023372257576187313 -0.070297542018163101 -0.052159196496106265 0.020767985432202207 -0.13289551670888919 0.008898742849446372 0.022567981279061136 -0.033830303179280201 0.038210475163051955 0.061522384041071243 0.012067197950550083 0.051797178732362406 0.022782793772401135 -0.036206440922127069 0.031564753355765467 -0.066687923534461041 0.09228050313791647 -0.04391654954311628 0.014907724159906689 -0.060165001506578462 -0.15670608547570855 -0.01601043230965327 -0.022023477580746163 -0.14682073027164411 -0.018847629350702243 0.0084094053804366613 0.0083665732562611204 0.044089871448597294 -0.01898859670285084 -0.064404607903483152 -0.1066585088381764 -0.018472098271930325 0.021563683592675239 0.049244748825173358 -0.0056695968875195664 0.0045815058797344342 0.11008842890194483 0.0303175408269694 -0.27210635549724621 -0.019647699413080821 -0.053358543693879365 0.048075952304825031 0.037977631788044447 -0.14076219011749413 -0.0048047941385952345 0.041865783236423849 -0.15008812352436784 -0.16076380953127992 0.061949453683024319 0.065236409016634897 0.0090583859387174497 0.021058984369389886 -0.036418334943119184 -0.0093249288863358828 -0.18671742373845868 0.022252993411098862 0.13529084214016482 0.12210662123624415 0.032151838016105723 -0.099567555817690376
leaf_weight=500470.80217042007 538.91296591423452 418.78652549162507 163.7510609254241 169.58918398618698 246.80883613601327 168.2437746450305 216.14800514280796 105.68873149901628 2239.8270503412932 72.867400510236621 317.33467458561063 21.049891371279955 382.17592186480761 710.45450367406011 156.2854918204248 921.18476738780737 257.50422469899058 19.16807646304369 46.622529722750187 144.85505176335573 264.92581841722131 1244.9617678746581 377.27705266326666 53.746734760701656 239.82118383888155 1536.9629640821368 17.871701573953032 173.45898848772049 1703.816717075184 735.85788390785456 856.96711621247232 512.53908113949001 88.420504912734032 132.62715658545494 218.83924214541912 229.6417144536972 140.20521282125264 1950.2188532873988 2270.1472526779398 19.687695652246475 49.496619984507561 23.413644224405289 1874.3424158394337 645.08102732151747 458.63141888938844 85.090003177523613 54.864420905709267 51.100021012127399 25.078737311065197 26.590560674667358 33.746289875358343 43.601697400212288 333.16336197406054 2297.628555689007 23.736410856246948 26.517080590128899 2515.2443093713373 44.571355551481247 1746.8389542624354 29.532406645826995 26.522355541586876 485.54731668904424 53.521169543266296
leaf_count=4254907 4200 3424 784 897 1267 1451 1062 714 18297 1062 1593 191 2987 5403 1099 7882 1549 126 325 1110 1741 6793 2297 429 2939 12372 159 763 18297 5714 8372 4001 512 614 1080 1161 1548 14603 17605 102 226 160 9312 4787 2922 425 282 281 224 212 308 353 2008 17133 122 134 20865 205 17969 569 962 2670 267
internal_value=4.27981e-05 0.00225843 0.000480884 -0.00716949 -0.0163398 0.00566568 0.00372402 0.0144321 0.00208986 -0.0805658 0.0138175 -0.130616 0.0225081 -0.0255558 0.000121674 -0.00713709 -0.00177974 -0.00700649 -0.00528977 0.0535736 -0.00313871 0.00569574 -0.029408 -0.107213 0.0264568 -0.00806273 -0.000868764 0.00378885 0.0154836 0.0157499 0.0275863 0.00502256 -0.0163062 -0.0282751 -0.0517496 -0.00233529 -0.00572375 -0.00198648 0.000426238 -0.0254231 -0.0025232 -0.158142 -0.03331 -0.029762 0.0257404 0.0132909 -0.0247932 -0.0751984 0.024808 -0.0569194 0.0320874 -0.0352185 0.0424424 -0.00200298 -0.0504947 -0.0926771 -0.000548876 -0.130654 0.0193574 0.0241323 0.0102236 0.0187281 -0.0218664
internal_weight=531510 31039.1 28534.3 8495.04 4954.91 3540.12 20039.3 5044.47 2489.37 223.02 1159.78 150.152 2504.78 3795.13 14994.8 6513.15 5250.19 4329.01 4256.09 191.478 975.38 8481.68 1262.95 72.9148 2555.11 4064.61 5131.35 996.029 2122.6 3350.33 1592.83 1757.5 885.677 669.529 351.466 318.062 2258.67 2090.42 2527.65 337.022 4975.07 129.102 2819.75 2572.94 1281.46 822.824 191.054 105.964 631.77 51.6693 580.101 77.348 502.753 4957.19 144.321 94.8248 4812.87 71.0884 2016.19 1776.37 2266.35 659.006 1927.86
internal_count=4493828 238921 214213 54203 28689 25514 160010 47063 21386 2127 5912 1065 24708 22777 112947 48124 41398 33516 32961 1435 7144 64823 6726 555 25677 31526 39943 5128 21721 24880 14086 10794 4429 3367 1694 1673 17602 16151 19154 1695 38844 874 15633 14366 7912 4990 988 563 4002 436 3566 661 2905 38685 687 461 37998 339 21477 18538 19259 3433 9579
is_linear=0
shrinkage=0.176106


Tree=85
num_leaves=64
num_cat=0
split_feature=9 7 7 1 5 9 10 9 2 5 6 2 7 2 6 7 9 7 5 2 6 2 2 2 6 2 6 7 6 10 5 1 9 7 2 1 2 9 5 5 2 10 5 1 10 7 7 10 7 7 7 2 10 2 7 10 2 10 7 7 2 10 9
split_gain=5.72918 5.42773 10.2502 7.32061 8.29505 9.74096 7.05306 12.8743 8.25228 7.3051 12.4823 6.86111 6.81407 12.5112 10.1444 9.13606 11.1083 21.021 15.5236 13.0139 10.4087 9.54743 12.361 18.4919 12.7415 11.7396 21.5065 15.7375 12.3565 11.8978 11.5934 10.2489 19.1112 9.33914 8.76382 8.64771 12.3053 20.6248 11.6184 8.24217 7.88538 7.76957 12.8587 7.74591 18.4342 29.7069 26.639 25.5424 71.7123 29.9778 82.7463 40.4027 25.4248 27.3171 23.7309 25.1048 22.5434 22.5132 21.2169 24.6319 21.2281 18.4533 17.8795
threshold=0.98140982454928116 470.50000000000006 464.50000000000006 3.5000000000000004 138.50000000000003 0.83509183109032337 0.82495611632445209 0.82673966244764285 650.50000000000011 69.500000000000014 28.500000000000004 645.50000000000011 408.50000000000006 825.50000000000011 222.50000000000003 375.50000000000006 0.86753701908127434 383.50000000000006 122.50000000000001 1420.5000000000002 189.50000000000003 1714.5000000000002 1155.5000000000002 1050.5000000000002 8.5000000000000018 636.50000000000011 119.50000000000001 378.50000000000006 187.50000000000003 0.82495611632445209 125.50000000000001 6.5000000000000009 0.83509183109032337 401.50000000000006 1135.5000000000002 4.5000000000000009 705.50000000000011 0.86549379458756304 236.50000000000003 119.50000000000001 600.50000000000011 0.87431646764156656 87.500000000000014 1.5000000000000002 0.86342884418218024 147.50000000000003 214.50000000000003 0.82495611632445209 279.50000000000006 299.50000000000006 312.50000000000006 1100.5000000000002 0.83896900224600712 1779.5000000000002 212.50000000000003 0.86796934363609091 1750.5000000000002 0.85985200958118513 279.50000000000006 275.50000000000006 1329.5000000000002 0.87324711660086407 0.87654219386534227
decision_type=2 2 2 2 2 2 2 2 2 2 2 2 2 2 2 2 2 2 2 2 2 2 2 2 2 2 2 2 2 2 2 2 2 2 2 2 2 2 2 2 2 2 2 2 2 2 2 2 2 2 2 2 2 2 2 2 2 2 2 2 2 2 2
left_child=1 2 12 4 -3 11 7 -4 -8 -9 -11 -6 15 35 -15 43 21 18 39 33 -20 22 23 25 -24 26 27 -17 29 -27 31 -25 -33 -19 -35 -14 37 -37 -39 -18 -28 -38 -43 44 45 57 54 58 52 51 -51 -50 53 -49 55 -46 -56 -1 59 -47 -60 62 -57
right_child=-2 3 6 -5 5 -7 8 9 -10 10 -12 -13 13 14 -16 16 17 19 20 -21 -22 -23 24 30 -26 28 40 -29 -30 -31 -32 32 -34 34 -36 36 41 38 -40 -41 -42 42 -44 -45 46 47 -48 48 49 50 -52 -53 -54 -55 56 61 -58 -59 60 -61 -62 -63 -64
leaf_value=-0.00030956216496803119 0.092465707979240017 0.071332293941967093 0.0089331453525188422 -0.00051853958268712299 0.12474911953467475 -0.036721684779625154 0.0013586350404630972 0.038508787084504156 -0.05551386992810603 -0.21710141723902132 -0.059873805926476675 -0.02628203114994376 0.0095767882649560009 0.026939579525037907 -0.030232981524897388 -0.052360748383892479 -0.046659251511728783 0.023038312092482183 -0.0005569787005812437 0.084236640550554048 0.14020380759560333 0.020137921699995835 -0.11003575705739799 0.027364904443955999 -0.029341832589526988 -0.050936209644180795 -0.29773974072725051 0.02886574562019599 0.034374835111333449 -0.016911772219325393 0.097111724409552486 0.04612468394522256 -0.25410055710504226 0.008089575592391476 -0.070816360285318708 0.019767089656675271 -0.045070295806324295 -0.07537185278935557 0.087879613899536788 -0.21483581148934705 -0.073998202146544609 -0.34057883385015381 -0.068863440406148668 0.00034669795697409971 0.010564796195471165 0.0021657764167314791 0.018305817213099901 -0.059127907776313382 -0.0013012199408696289 -0.08903062051086183 0.0097693479832729295 0.091445369956075009 -0.00053733392910720542 -0.01078960001409437 -0.013363516459159092 -0.0092008285662452775 -0.143620845427014 -0.018393358871271782 -0.0016496205586178521 0.10010064382700244 -0.037115496510856709 -0.00033770240040554807 -0.046576279427842489
leaf_weight=36624.551232541911 20.798309329897165 127.81894826702774 47.913634698837996 298.9077493082732 26.863997384905815 66.454904833808541 303.97617209516466 9.1371743977069837 106.97104992717505 28.242406703531742 35.149420909583569 14.291078735142944 817.48230452276766 1117.9529053196311 105.31739000976086 90.286657325923443 265.16727576218545 688.72595069557428 185.45861202850938 89.046149842441082 17.861462015658617 243.03168490156531 67.966205231845379 180.22064330801368 566.54409502074122 465.32380156964064 8.7567426413297653 409.49113125354052 106.89022136479616 1011.82517956011 65.96285218372941 14.518157035112383 12.019990168511866 116.8817542642355 69.678122140467167 327.37231003120542 106.10856153070927 135.20609843544662 15.022354971617458 9.3566807843744737 11.049338161945343 7.8671814911067512 17.235218949615955 446615.95891398005 6007.4597604870796 3445.5263517722487 2823.8103565536439 1713.8305373266339 371.7987294010818 332.19370558857918 1260.2719787098467 239.50489773973823 398.9776962697506 459.86870664358139 104.18948416039348 1975.4811318814754 68.165694236755371 2267.2173440661281 1142.2524735666811 81.532710589468479 966.10069816932082 15640.084654727019 496.76486429851502
leaf_count=272919 626 2326 502 4082 420 1184 4177 122 703 298 420 177 9815 8421 664 971 3115 8236 2258 1034 188 1706 496 1616 4227 3800 79 5468 992 10370 561 109 90 1330 479 3907 961 1944 199 100 127 101 199 3759764 54736 20748 28433 9063 2603 2039 9379 1805 4043 2330 951 16412 467 21055 9286 540 5566 176987 6102
internal_value=3.86354e-05 3.50182e-05 1.71636e-05 0.0177752 0.0410015 0.00497468 -0.0244293 -0.0619059 -0.0134455 -0.108703 -0.129922 0.0723036 4.16566e-05 0.00895014 0.0220173 -3.06995e-06 -0.00773605 0.0051294 -0.0250745 0.020096 0.0118087 -0.0134382 -0.0161484 -0.0103177 -0.0379854 -0.0159113 0.00705936 0.0141919 -0.0234459 -0.02763 0.0328278 0.0123191 -0.0898571 0.0135707 -0.0213809 -0.002257 -0.0181468 -0.00502381 -0.0590472 -0.0523913 -0.17292 -0.0659138 -0.15402 6.63604e-05 -0.00157201 -0.00360043 0.00211618 -0.0119551 -0.0214295 0.00188515 -0.0108407 0.0350363 -0.041401 -0.0489014 0.000234233 0.000699524 -0.0648797 -0.00136377 -0.0039248 0.00442967 -0.017901 -0.00257257 -0.0167109
internal_weight=531468 531447 530913 534.337 235.429 107.61 531.39 120.443 410.947 72.529 63.3918 41.1551 530381 2649.56 1223.27 527732 4696.06 1442.18 477.844 964.332 203.32 3253.89 3010.86 2376.34 634.51 2103.62 519.584 499.778 1584.04 1477.15 272.722 206.759 26.5381 875.286 186.56 1426.29 608.812 477.601 150.228 274.524 19.8061 131.211 25.1024 523036 76419.6 49303.6 27116 10411.9 4776.45 2203.77 1592.47 611.304 2572.68 2173.7 24292.1 24119.8 172.355 38891.8 5635.41 3527.06 2108.35 18112.3 2472.25
internal_count=4493828 4493202 4485013 8189 4107 1781 6222 1342 4880 840 718 597 4478791 26211 9085 4452580 47352 16740 5661 11079 2446 30612 28906 24183 4723 21807 6645 6439 15162 14170 2376 1815 199 10045 1809 17126 7311 6050 2143 3215 206 1261 300 4405228 645464 361376 284088 67402 31262 15826 11418 4408 15436 11393 255655 254237 1418 293974 36140 21288 14852 199501 22514
is_linear=0
shrinkage=0.176106


Tree=86
num_leaves=64
num_cat=0
split_feature=4 2 4 7 2 7 1 8 2 7 0 4 8 1 0 2 7 7 10 7 2 7 7 10 2 4 2 7 10 2 2 0 10 7 1 2 0 7 0 0 7 7 10 8 2 7 2 4 10 0 1 7 0 0 2 0 0 2 0 0 7 2 7
split_gain=5.3401 22.7247 16.0971 15.8043 14.2926 10.4927 9.98116 10.3007 9.51067 11.3748 10.7403 15.3503 12.8144 12.4317 13.5294 23.0635 11.0941 10.2318 9.70614 8.94095 15.0428 17.2841 27.6602 16.3668 17.5218 13.5931 17.8356 12.5786 11.9862 13.9901 18.8708 18.8138 11.6472 11.0622 10.8556 14.4958 10.2321 10.212 9.81093 21.5207 19.6492 9.20347 9.0537 8.81917 9.54075 10.4491 8.69505 10.5713 8.61121 12.0041 9.13482 9.42738 8.5407 8.43081 8.41435 11.2015 20.2808 8.23726 7.85887 7.768 7.57464 7.27898 7.61034
threshold=109.50000000000001 1015.5000000000001 77.500000000000014 214.50000000000003 650.50000000000011 209.50000000000003 2.5000000000000004 0.8563935865996698 920.50000000000011 173.50000000000003 5.5000000000000009 108.50000000000001 0.82113268084446045 2.5000000000000004 1.5000000000000002 705.50000000000011 93.500000000000014 198.50000000000003 0.88031900387626039 14.500000000000002 1750.5000000000002 150.50000000000003 108.50000000000001 0.8097981692236772 1120.5000000000002 108.50000000000001 1429.5000000000002 155.50000000000003 0.86584564290940436 1654.5000000000002 1210.5000000000002 1.5000000000000002 0.8964694903234508 146.50000000000003 4.5000000000000009 1914.5000000000002 6.5000000000000009 116.50000000000001 6.5000000000000009 7.5000000000000009 179.50000000000003 115.50000000000001 0.88271248409958758 0.83028932750521267 1844.5000000000002 15.500000000000002 1700.5000000000002 87.500000000000014 0.85633858525166873 2.5000000000000004 6.5000000000000009 161.50000000000003 4.5000000000000009 6.5000000000000009 1940.5000000000002 5.5000000000000009 7.5000000000000009 2145.5000000000005 6.5000000000000009 3.5000000000000004 72.500000000000014 615.50000000000011 18.500000000000004
decision_type=2 2 2 2 2 2 2 2 2 2 2 2 2 2 2 2 2 2 2 2 2 2 2 2 2 2 2 2 2 2 2 2 2 2 2 2 2 2 2 2 2 2 2 2 2 2 2 2 2 2 2 2 2 2 2 2 2 2 2 2 2 2 2
left_child=1 2 6 5 -5 8 -1 -8 10 -10 13 12 16 14 15 -4 -12 -11 -17 -3 23 22 43 -21 27 28 38 36 37 30 33 42 52 -30 35 -24 -25 -26 -27 40 -40 -36 -31 57 45 58 47 -39 -15 -50 51 -51 -28 -49 -37 -56 -57 -22 -45 -52 -46 -13 -63
right_child=-2 19 3 4 -6 -7 7 -9 9 17 11 61 -14 48 -16 18 -18 -19 -20 20 21 -23 34 24 25 26 32 -29 29 31 -32 -33 -34 -35 41 54 -38 46 39 -41 -42 -43 -44 44 60 -47 -48 53 49 50 59 -53 -54 -55 55 56 -58 -59 -60 -61 -62 62 -64
leaf_value=-0.019719604354918676 -9.2009612335621939e-05 0.0011312071051131052 0.02391624038901137 -0.051767305217902543 0.036381771956967839 -0.17936996213755571 -0.0076477706304773846 0.049912691013716287 -0.041361540781362276 -0.24615418556656621 0.014554399300683744 0.15090643003018731 0.05452429285840367 -0.03500035523728149 -0.039754384747312452 -0.13144723926735979 -0.085610357448222013 0.030276959620982265 -0.3096816072568625 0.05094363062824845 0.022140255507130956 0.067046536021150502 0.027453875537468159 0.0032160754141569974 0.011985531744350885 0.013916520487384558 0.064879618503793673 0.10486245813435906 -0.12313331530350981 -0.3680866018126383 -0.0011703237476310469 -0.050501525998956326 0.08837349842324134 -0.014448792709703564 -0.11604315529942989 -0.15092492571734081 0.074625382349031974 0.0052835392032990055 -0.25363000974749772 0.0085882860928332555 0.0032499140728874994 0.033469803425233945 -0.11912006528029496 -0.22160793267382373 0.043839857737002177 0.020664861732703963 -0.080399914017364474 -0.020394060260071619 0.051272132192440444 -0.039532166741724675 -0.26098342286149684 0.079452065107086564 -0.010838583005363131 -0.11195074069360615 -0.0065037134223469356 -0.23412081634326651 0.042153857093076674 -0.045522637975570268 0.027480928939669892 -0.047240231889988493 0.096370798231399629 0.049061872806277725 -0.084584153209664295
leaf_weight=186.33632876258343 519844.72438808344 3591.8324812501669 18.188768602907658 73.55069425702095 254.22339170705527 13.680289808660744 150.34406312555075 268.82614186033607 360.00437105819583 15.788589645177128 128.18621944263577 5.1174259074032298 181.72473864257336 297.06960591301322 174.64102958515286 19.679060792550445 46.819298353046179 5.6347440779209128 18.275894813239574 238.29029113426805 263.90807215869427 272.4965978320688 47.379101658239961 220.6345622446388 1051.6132305935025 205.59982899203897 80.735783576965332 72.595898397266865 70.061543043702841 9.0833453088998812 571.33619221486151 111.96386833116412 141.57586357183754 49.609562583267689 14.714798547327517 42.233726527541876 86.678530562669039 384.97111121937633 24.233291136100888 67.034706206992269 14.921285714954136 96.542742038145661 9.0366335380822402 10.222800813615324 451.34387682005763 165.33993281051517 60.260934587568045 92.391633160412312 113.7487904522568 72.431563747115433 8.6289106644690055 28.889001427218318 108.00455258414149 47.089301712810993 55.629497455433011 22.533873233944178 12.991413641721008 70.761310756206512 6.3798290956765404 13.559640187770126 104.91926330886781 15.579030202701686 87.055106855928898
leaf_count=2558 4366912 33893 202 1143 3318 204 1711 4333 3304 271 1357 112 3228 2661 2159 156 451 108 183 1476 1347 3054 690 2726 7762 3153 1287 1166 844 80 8856 1429 2856 683 134 380 1365 3416 397 1157 191 1165 134 176 5690 2264 374 524 1538 1422 156 523 1670 274 692 310 238 316 99 289 1364 237 1692
internal_value=-8.95476e-06 0.00374384 -0.0108938 -0.0186736 0.0166016 -0.0257901 0.0141923 0.0292674 -0.024486 -0.0487803 -0.0169497 0.00417449 0.0217696 -0.0297737 -0.0639306 -0.139133 -0.0122427 -0.173448 -0.21727 0.00792882 0.0124882 0.0265524 0.0184679 0.00629385 0.003236 -0.00113926 0.0216759 0.0389319 -0.00710069 -0.0244633 -0.0144895 -0.0774443 0.0501914 -0.0780782 -0.0295847 -0.0562224 0.0233573 0.00161169 -0.00853413 -0.0520023 -0.155737 0.0136954 -0.243924 0.0315473 0.042298 0.00729129 -0.0170458 -0.00976622 -0.0150208 0.00999543 -0.0280194 -0.00560682 0.0215507 -0.0513039 -0.0859439 -0.055837 -0.133089 0.00783385 -0.125892 -0.130363 0.053748 -0.0540771 -0.0642978
internal_weight=531350 11504.9 2557.98 1952.48 327.774 1624.7 605.507 419.17 1611.02 381.428 1229.59 464.482 356.73 765.112 230.785 56.1437 175.006 21.4233 37.955 8946.95 5355.12 1637.4 1364.9 3717.72 3479.43 3099.52 642.105 379.909 2457.42 821.091 691.007 130.084 330.316 119.671 292.025 180.768 307.313 1636.33 311.789 106.189 39.1546 111.258 18.12 1072.88 738.206 181.943 584.713 524.452 534.328 237.258 123.509 101.321 188.74 139.481 133.389 91.1548 35.5253 334.669 16.6026 22.1886 556.263 107.752 102.634
internal_count=4493860 126948 33316 24714 4461 20253 8602 6044 20049 3683 16366 7077 5036 9289 2700 541 1808 379 339 93632 59739 17919 14865 41820 40344 35087 10711 5257 24376 12026 10383 1643 5813 1527 3609 2310 4091 12350 4898 1745 588 1299 214 11256 9593 2539 4588 4214 6589 3928 2390 1945 2957 798 1620 1240 548 1663 275 445 7054 2041 1929
is_linear=0
shrinkage=0.176106


Tree=87
num_leaves=64
num_cat=0
split_feature=6 4 4 10 10 5 10 7 5 5 10 11 7 9 7 10 9 5 0 7 9 0 11 12 7 0 0 4 4 10 4 4 6 4 5 6 0 11 0 9 7 5 0 5 5 11 11 5 7 7 5 0 4 7 4 12 0 6 10 9 9 6 7
split_gain=6.55886 14.2204 10.9995 12.8557 11.5077 10.3501 11.9618 14.6868 19.6021 8.24361 7.43427 10.5569 7.81461 6.99524 8.99341 6.50367 6.91247 6.24929 5.87254 8.93141 7.77114 6.66383 7.22833 11.1812 6.28257 8.17151 5.55165 8.8473 6.97503 6.41099 5.54758 7.76373 7.31391 5.57233 5.4298 11.4367 6.15759 5.89465 5.66924 8.63508 5.35784 7.03147 6.71764 5.4526 5.69986 7.87037 13.1324 7.73047 6.17206 5.27012 5.22167 11.3824 10.0044 9.41798 10.5053 8.77111 12.0713 18.0178 13.8554 11.6417 13.5695 7.96564 8.85632
threshold=3.5000000000000004 696.50000000000011 209.50000000000003 0.90998995518769543 0.85297677249019188 136.50000000000003 0.84807002284021105 38.500000000000007 220.50000000000003 55.500000000000007 0.82137667740611919 0.7603205610219278 181.50000000000003 0.83270944138661751 323.50000000000006 0.84899822525172619 0.83934877204472325 71.500000000000014 3.5000000000000004 272.50000000000006 0.83666570067506907 8.5000000000000018 0.82460786992758583 0.83534825092633291 228.50000000000003 7.5000000000000009 4.5000000000000009 246.50000000000003 247.50000000000003 0.82622120873249949 325.50000000000006 282.50000000000006 2.5000000000000004 296.50000000000006 115.50000000000001 2.5000000000000004 4.5000000000000009 0.89327493159014904 1.5000000000000002 0.87270790946083432 144.50000000000003 44.500000000000007 7.5000000000000009 62.500000000000007 44.500000000000007 0.94765148566238488 0.92142774795270188 51.500000000000007 126.50000000000001 121.50000000000001 364.50000000000006 3.5000000000000004 2402.5000000000005 225.50000000000003 2587.0000000000005 0.86947312089378326 6.5000000000000009 130.50000000000003 0.82495611632445209 0.84079282354959461 0.87594858245229612 189.50000000000003 27.500000000000004
decision_type=2 2 2 2 2 2 2 2 2 2 2 2 2 2 2 2 2 2 2 2 2 2 2 2 2 2 2 2 2 2 2 2 2 2 2 2 2 2 2 2 2 2 2 2 2 2 2 2 2 2 2 2 2 2 2 2 2 2 2 2 2 2 2
left_child=1 2 3 4 18 15 7 8 -7 -5 11 -4 26 -13 -15 -3 -17 -14 19 -1 -21 24 -23 -24 -20 -26 27 -12 -28 -30 31 32 -31 -33 36 -36 37 38 -19 -40 42 -42 43 44 -6 46 47 -46 -47 -18 -2 53 -53 54 -52 56 57 -54 -58 -59 61 -61 -63
right_child=50 5 10 9 40 6 -8 -9 -10 -11 12 13 17 14 -16 16 49 34 21 20 -22 22 23 -25 25 -27 28 -29 29 30 -32 33 -34 -35 35 -37 -38 -39 39 -41 41 -43 -44 -45 45 48 -48 -49 -50 -51 51 52 55 -55 -56 -57 58 59 -60 60 -62 62 -64
leaf_value=-0.04568058900993946 -9.4166551233904963e-05 -0.037560954425620338 -0.0082890590506829037 -8.8737274441016798e-06 0.027973822509729719 -0.31129516068000113 0.034249465433297925 -0.01712178307685918 0.0081404203869837547 -0.21197188944371198 -0.018103269554375488 0.070414294643897174 0.033526253560281466 0.035660064240742091 -0.11841906745713861 -0.26847327125356529 -0.16407252714169926 -0.12044709246752519 0.031671903360503115 0.066903770285135097 -0.063918830697398565 0.030223362253955471 -0.0039948960620862905 -0.24535801812266272 -0.03931593323376141 0.08250748957351238 0.061895611595092014 0.048528265071014293 -0.11052083485582913 0.12685305855253526 0.02356346770684252 -0.15374902840576352 -0.019547506908140676 -0.032452566614606992 -0.10517299606772106 0.051056950556980188 -0.082034863156981913 0.07949982092451241 0.028553807583446889 -0.1190271400726152 0.13683910972008689 0.035373492308043618 0.098457981158537516 0.077499954224238235 -0.14700324075658072 -0.33820473469981743 0.090123862431968182 -0.017597954231902749 -0.038609341796618464 -0.0042342662063366877 0.00299607347133904 0.087225279254622742 0.044286293519104951 0.077802248930053677 -0.030646941715024349 0.0379256930369666 0.047248962044905148 0.013902174262382876 -0.019309593227831538 -0.036226408285446265 0.090180880221010312 -0.074062685611047854 -0.25017098717886832
leaf_weight=240.3409425765276 525154.67704527639 50.060484848916531 119.36917822808027 9.3298195628449339 59.624838430434465 13.120563320815565 119.37453199923038 138.61818116903305 10.913357645273207 14.588057762943206 75.403136709704995 246.38383824005723 79.263128664344549 178.88140803016722 12.574506413191555 9.1106620095670205 13.799112003296615 18.022796280682087 193.09590485878289 46.393656633794308 20.219549790024757 15.011858750134705 11.793720196932556 12.018186541274188 103.23051109910011 20.460783015936613 57.251680994406343 342.61956628225744 16.971701379865408 13.640482537448404 147.32112779468298 19.568833414465189 47.217170923948288 29.382795056328177 19.001224361360073 61.783220883458853 68.242212459445 17.46747980453074 48.549323998391628 16.466047707945108 26.424579797312617 106.7553189303726 23.356377528980374 23.118812017142773 23.488739866763353 4.7025342322885972 22.288890324532986 36.665813332423568 3.9023053906857967 11.927071083337067 924.17495227232575 59.678394149057567 449.64405450318009 41.395754564553499 418.06459908373654 370.22994736395776 115.84141524508595 124.75695981830359 596.29528228379786 27.442573241889477 13.003494516015051 17.611374467611313 17.814345851540565
leaf_count=1597 4441622 327 650 206 723 96 1268 946 116 163 843 1559 537 1318 130 77 176 112 1463 310 142 103 117 157 739 119 638 3258 104 150 1590 188 520 341 139 404 579 283 299 122 353 1695 265 255 201 110 324 371 81 171 6599 448 4367 454 3126 4036 912 838 4514 181 98 121 109
internal_value=-4.33983e-06 0.00818054 0.012676 -0.00170695 0.00136641 -0.0243136 -0.00808578 -0.0391567 -0.166245 -0.12929 0.0216187 0.0381353 0.0130828 0.0507921 0.0255404 -0.0782221 -0.136652 -0.00955174 -0.0120204 -0.0298657 0.0271943 0.00338323 -0.0654796 -0.125814 0.0118227 -0.0191641 0.0230139 0.0365092 0.00598883 -0.00568842 0.00123097 -0.0287305 0.0132664 -0.0809419 -0.0232353 0.0143103 -0.0412095 -0.0134895 -0.0330502 -0.00882312 0.0282174 0.0555056 0.00978337 -0.00213385 -0.0143526 -0.042071 -0.0253435 -0.0681272 -0.202338 -0.0899689 -5.11119e-05 0.00706813 0.0163313 -0.00493108 -0.00748265 0.0138894 0.00735768 0.024705 -0.00848269 -0.01918 -0.0735775 -0.107449 -0.162621
internal_weight=531350 3019.12 2652.19 1016.81 992.893 366.924 282.027 162.652 24.0339 23.9179 1635.38 557.209 1078.17 437.84 191.456 84.8973 34.8368 328.795 662.565 306.954 66.6132 355.611 38.8238 23.8119 316.787 123.691 749.376 418.023 331.354 274.102 257.13 109.809 60.8577 48.9516 249.532 80.7844 168.748 100.506 83.0382 65.0154 330.328 133.18 197.148 173.792 150.673 91.0483 82.4434 60.1546 8.60484 25.7262 528331 3175.95 1792.32 1383.64 1342.24 1732.64 1362.41 650.273 712.137 200.629 75.8718 62.8683 35.4257
internal_count=4493860 26435 23258 9494 9125 3177 2426 1158 212 369 13764 3657 10107 3007 1448 751 424 2475 4747 2049 452 2698 377 274 2321 858 7632 4101 3531 2893 2789 1199 670 529 1938 543 1395 816 533 421 4378 2048 2330 2065 1810 1087 896 572 191 347 4467425 25803 15624 10179 9725 15176 11140 5714 5426 1347 509 411 230
is_linear=0
shrinkage=0.176106


Tree=88
num_leaves=64
num_cat=0
split_feature=1 0 0 2 4 0 11 0 8 8 6 0 8 8 2 8 2 8 4 8 8 8 2 4 6 8 0 6 2 8 6 12 2 6 6 4 4 8 0 3 2 4 8 2 2 4 6 2 8 0 2 2 8 0 4 4 8 8 4 4 8 4 4
split_gain=6.03941 36.4743 45.7576 48.3328 44.1075 37.5368 67.6981 33.9521 64.8575 95.1303 33.7602 71.105 80.9046 48.1741 34.6855 33.2818 30.9789 28.4401 35.3908 27.5318 30.5735 36.0217 46.7348 27.3589 27.1223 26.385 26.1502 39.2671 25.1072 41.6101 25.8994 24.8525 24.2861 27.7549 43.3766 24.1834 23.474 23.0007 22.4488 21.728 21.3852 44.5302 21.5091 21.3116 20.9372 20.8803 20.273 19.7216 19.5898 19.5372 30.3081 19.3723 29.8689 19.1822 27.3357 19.56 18.5623 32.1639 18.3271 18.0885 17.6404 16.9709 16.9133
threshold=6.5000000000000009 5.5000000000000009 6.5000000000000009 1005.5000000000001 1416.5000000000002 4.5000000000000009 0.85888850177866971 2.5000000000000004 0.8806295869237083 0.86628032038578417 150.50000000000003 7.5000000000000009 0.85154788907268331 0.84154593889460827 1324.5000000000002 0.85154788907268331 1350.5000000000002 0.80652984726770349 768.00000000000011 0.8806295869237083 0.84496713270957635 0.85154788907268331 1200.5000000000002 920.50000000000011 243.50000000000003 0.84496713270957635 8.5000000000000018 311.50000000000006 1125.5000000000002 0.90127320420397428 179.50000000000003 0.80854474376661079 1040.5000000000002 145.50000000000003 142.50000000000003 1305.0000000000002 690.50000000000011 0.78730933661789715 7.5000000000000009 9.5000000000000018 1430.5000000000002 1497.5000000000002 0.848122963620355 1529.5000000000002 1905.5000000000002 1746.0000000000002 232.50000000000003 1800.5000000000002 0.78730933661789715 3.5000000000000004 1215.5000000000002 1914.5000000000002 0.80652984726770349 3.5000000000000004 301.50000000000006 290.50000000000006 0.83526014591826703 0.79865757073970556 774.50000000000011 2567.0000000000005 0.90127320420397428 229.50000000000003 271.50000000000006
decision_type=2 2 2 2 2 2 2 2 2 2 2 2 2 2 2 2 2 2 2 2 2 2 2 2 2 2 2 2 2 2 2 2 2 2 2 2 2 2 2 2 2 2 2 2 2 2 2 2 2 2 2 2 2 2 2 2 2 2 2 2 2 2 2
left_child=-1 5 51 4 38 7 19 32 9 17 37 12 13 56 -14 25 -11 23 36 20 -7 22 -22 31 35 -13 -17 -28 -10 30 53 -9 33 34 39 -20 -19 -5 48 -2 41 42 -39 -32 -15 -27 -16 -29 -4 50 -31 -3 -53 -30 55 -55 57 -12 -46 -43 -50 -23 -44
right_child=1 2 3 10 -6 6 -8 8 28 16 11 15 14 44 46 26 -18 18 24 -21 21 61 -24 -25 -26 45 27 47 29 49 43 -33 -34 -35 -36 -37 -38 40 -40 -41 -42 59 62 -45 58 -47 -48 -49 60 -51 -52 52 -54 54 -56 -57 -58 -59 -60 -61 -62 -63 -64
leaf_value=0.00029305140998254765 -0.0079010657630416443 0.0093231622909766883 -0.034088509265471134 -0.03952857223305524 -0.019812607437432368 -0.018093216127452873 0.0079173815962823493 0.017267966028876851 0.015625911175674481 0.024283424732323006 -0.062848687093905523 -0.0022362400882959444 -0.020935313445033601 0.05135671257543805 -0.08291846298472505 0.029542502094218357 0.08332738166577966 0.013985135034419371 -0.020150259757340059 0.020869140958334066 0.0022449692908087125 0.071730150738353454 -0.10154497481150351 -0.12792123430953289 0.036033173033894347 -0.029879945551285161 0.0068466553933995145 -0.029692801457017231 -0.051957783051409252 -0.20139321832342683 -0.27362360077017817 -0.022449130571059343 -0.011438521717560343 0.036351207602487765 -0.23733819226363265 0.0087441601631278263 0.05417000780600853 0.036244363154712453 0.017322220846491949 0.032409744123171484 -0.0029044525256689251 -0.042398469327258381 -0.024199772503008896 -0.017137428149463559 -0.07908627325307413 -0.11426441862535795 -0.15026045579879119 -0.16924857851104042 0.066205058669372208 -0.0261963210983274 0.064162795181932603 0.087610267486130669 0.020640075413355403 -0.05430707511809648 0.0093216806283801332 -0.27129703954012563 -0.092541455168356532 0.025785347241397805 0.06582655521991905 0.083367705861790972 -0.042150671769541348 -0.034515906928057831 0.015684212932680682
leaf_weight=457718.02269830741 2346.3124261889607 7956.4709786726162 75.58950687199831 434.75312454998493 735.52262491732836 2067.8167990967631 2246.2171927755699 703.81411004066467 466.5053608706221 489.43344868719578 306.65797159075737 1675.0482404306531 196.8907997328788 357.3205086402595 407.75965352728963 1271.7874909713864 630.76150312274694 4766.8145987782627 2289.475352242589 312.70198902115226 173.19338855519891 48.384488549083471 603.0109049975872 63.015276376157999 470.46900127828121 879.52840133011341 560.25580954924226 60.584005430340767 1104.7921163700521 14.086414197459815 26.565832212567329 1598.0136839188635 13542.637828530744 699.17685651406646 24.243508353829384 1478.4485438726842 497.9220767095685 1413.3195154443383 1739.9984368607402 503.72389767691493 9798.009118380025 526.09409976936877 402.72409314103425 16.157877005636692 84.33975201100111 101.42897999286652 210.0686174556613 65.205222606658936 766.906096290797 174.34562206454575 247.8933688160032 239.11488302052021 1516.1595531646162 174.25006875768304 460.20846883580089 13.912333421409128 174.02595742791891 216.7032670006156 39.857571646571159 38.030906017869711 49.611070238053799 1283.1098247971386 1819.7142075970769
leaf_count=3869912 24464 70459 751 2839 8656 14160 28561 3866 8674 6710 1504 10516 1846 2453 2420 8986 5880 45398 20528 2618 2017 387 3792 462 4366 6048 4880 403 8098 189 243 11858 90057 6312 128 12860 4369 13472 30323 4368 66515 4272 5009 129 414 612 1081 347 12571 2497 3073 1309 10176 1720 4840 161 1108 1350 237 306 1056 9582 19638
internal_value=5.48853e-05 -0.00142512 0.00279344 -0.00127465 0.0183135 -0.00506561 -0.0170414 -0.00260697 0.00331117 0.00847287 -0.00440989 -0.0148357 -0.0426275 -0.0131355 -0.0853028 -0.00282692 0.05753 0.00384246 0.00814298 -0.0295326 -0.0333071 -0.0482332 -0.0783865 -0.0134392 -0.00383477 -0.0156686 0.0145941 -0.0131171 -0.0215306 -0.0292959 -0.0411473 -0.0103051 -0.00803095 0.004883 -0.00277173 -0.00881274 0.0177857 0.000363188 0.0289676 -0.000776413 0.00160216 0.0121158 0.0192587 -0.176622 0.0297068 -0.0386051 -0.105816 -0.102034 0.0516813 0.0194841 0.0498841 0.0130174 0.0297632 -0.0378459 -0.0137999 -0.0703509 -0.0427164 -0.0261488 -0.0325807 -0.0339198 0.0596214 -0.0306551 0.00845691
internal_weight=531375 73656.9 34119.5 24407.7 3367.63 39537.4 6734.43 32803 15686.9 12988.2 21040.1 6607.46 1993.62 1178.91 814.719 4613.84 1120.19 11868 9503.13 4488.22 4175.52 2107.7 776.204 2364.84 4238.39 2656.01 1957.83 686.045 2698.72 2232.21 1795.89 2301.83 17116.1 3573.46 2874.28 3767.92 5264.74 14432.6 2632.11 2850.04 13997.9 4199.88 3635.76 42.7237 481.518 980.957 617.828 125.789 892.107 436.325 261.98 9711.75 1755.27 1753.16 648.371 188.162 697.387 523.361 124.197 564.125 816.517 1331.49 2222.44
internal_count=4493836 623924 291557 209613 53357 332367 61117 271250 145921 116297 156256 44205 12413 7066 5347 31792 12590 103707 87521 32556 29938 15778 5809 16186 37754 17176 14616 5630 29624 20950 15191 15724 125329 35272 28960 33388 49767 112051 44701 28832 109212 42697 38119 372 3104 6660 3501 750 14378 5759 3262 81944 11485 14819 6721 1881 3962 2854 651 4578 13627 9969 24647
is_linear=0
shrinkage=0.176106


Tree=89
num_leaves=64
num_cat=0
split_feature=6 10 8 11 8 10 10 7 3 11 10 4 6 3 4 3 6 3 10 8 3 8 6 8 10 7 4 6 11 4 8 8 11 4 7 11 11 4 11 11 4 8 6 1 4 6 4 8 10 1 3 13 4 6 4 7 1 11 7 8 6 1 8
split_gain=4.86037 10.6613 14.3489 18.6074 21.6172 16.3549 14.326 15.4396 12.1325 21.2576 33.2523 28.1002 12.9027 12.7764 20.2072 11.2532 28.6799 35.1403 22.9023 20.7028 19.6787 31.0975 18.957 29.9769 33.8475 22.1412 22.8512 19.9478 29.6237 21.2046 19.1015 18.6468 23.2535 22.2765 23.0551 21.3853 18.6138 29.187 23.4176 19.4749 19.5472 19.5391 18.6714 22.5305 17.8583 17.6834 16.4831 15.9295 20.3816 22.4936 15.9168 15.5201 15.3286 14.9253 14.519 13.8763 14.5006 13.4759 31.6848 48.7139 13.2958 13.2379 12.923
threshold=75.500000000000014 0.78845615533001057 0.79865757073970556 0.73675623704766469 0.83526014591826703 0.77564160435723117 0.77773195734762213 5.5000000000000009 18.500000000000004 0.72915593889461039 0.77564160435723117 190.50000000000003 158.50000000000003 17.500000000000004 95.500000000000014 8.5000000000000018 101.50000000000001 7.5000000000000009 0.82137667740611919 0.78730933661789715 11.500000000000002 0.85154788907268331 138.50000000000003 0.84154593889460827 0.81499633825503093 64.500000000000014 963.50000000000011 156.50000000000003 0.78980745669305885 646.50000000000011 0.80652984726770349 0.78730933661789715 0.82556031982765776 303.50000000000006 13.500000000000002 0.74317300411747722 0.89034410043928547 783.50000000000011 0.90208673459456123 0.75539334955393367 328.50000000000006 0.84496713270957635 145.50000000000003 2.5000000000000004 2534.5000000000005 82.500000000000014 2714.0000000000005 0.8806295869237083 0.87548534829699032 1.5000000000000002 9.5000000000000018 0.8488345610256558 1746.0000000000002 238.50000000000003 343.00000000000006 116.50000000000001 4.5000000000000009 0.75539334955393367 277.50000000000006 0.86628032038578417 174.50000000000003 1.5000000000000002 0.848122963620355
decision_type=2 2 2 2 2 2 2 2 2 2 2 2 2 2 2 2 2 2 2 2 2 2 2 2 2 2 2 2 2 2 2 2 2 2 2 2 2 2 2 2 2 2 2 2 2 2 2 2 2 2 2 2 2 2 2 2 2 2 2 2 2 2 2
left_child=-1 2 8 4 5 -4 -7 -8 13 10 12 -11 -10 -2 -15 16 17 18 19 -3 21 22 25 27 51 26 -17 28 -24 30 -30 33 35 34 -29 -33 39 38 -38 61 -41 -42 43 -39 -18 -28 -47 52 49 -49 -36 -25 -19 -37 -40 -31 -57 58 -23 -60 -44 -26 -53
right_child=1 15 3 -5 -6 6 7 -9 9 11 -12 -13 -14 14 -16 20 44 47 -20 -21 -22 57 23 24 36 -27 45 31 29 55 -32 32 -34 -35 50 53 37 42 54 40 41 -43 60 -45 -46 46 -48 48 -50 -51 -52 62 -54 -55 -56 56 -58 -59 59 -61 -62 -63 -64
leaf_value=0.00063564443571583265 -0.0019204628013404332 -0.17944690415894918 -0.015163754262771612 0.0048410348853405736 0.049917977072925349 0.091950468137765237 -0.048365217957804921 0.044450977316745688 0.050164188051135455 -0.026738578362205504 -0.12215367041857633 0.037181049135054704 -0.0059853102331675493 0.072668369799119226 -0.028248006123605115 -0.021186292965159736 0.006363207376371212 -0.03216301851010888 0.0066345389426808775 -0.016771103609010633 -0.00035313113452619776 -0.010876879731949427 -0.084645669664597273 0.027378036785253922 -0.056727469040172451 0.0072234554461524476 -0.054556733923067341 -0.077483434489072356 -0.23996709248408704 0.054892130643099765 -0.025441828359508499 0.02688677166737689 0.016861104367635441 -0.00347775027652702 -0.039296432009494786 -0.024211938104220291 0.11851691439437664 -0.28736249262046765 -0.099072334257229402 -0.0020680752904450529 -0.051531055256233901 -0.026875660552461548 0.011432052257881992 -0.047508614294646111 -0.032417807302556098 0.018530969306724671 -0.12374785620716239 -0.12655554101878116 0.056599333773184921 0.0030180231643731864 0.048541914399564692 -0.08271265005620286 0.00083129811368628256 -0.00095849782281222417 0.024569039033483571 -0.13262899254499441 0.078238793323065006 0.001211886945330953 -0.26934078655378196 0.022429051289987834 -0.04739005077952483 0.016140018853245501 -0.0020155975680202034
leaf_weight=241160.84127826337 7796.9549815021455 24.76506220549345 456.34076744318008 10595.507608413696 651.50946559011936 99.615942284464836 84.256660550832748 163.32627642899752 142.28357956558466 265.21747227013111 72.841611094772816 1089.6412154883146 1175.6895874366164 65.443182572722435 1030.9062688797712 2455.2686741333455 22503.817937966436 2233.7829567268491 5413.9286728352308 1195.487405044958 185090.68964805361 585.28173543512821 223.17297558486462 650.51249858364463 91.874495320022106 4317.23909945786 125.31288885697722 321.17375656962395 13.194321937859057 182.41507357731462 527.66213013976812 556.34493224322796 2302.5744930058718 1155.0926436856389 181.77326197549701 1424.0267293825746 80.670861817896366 17.93513822928071 32.250436507165432 730.33020472899079 1307.305005595088 4197.7577332407236 246.00818668678403 37.627959635108709 374.38371386379004 1086.6186125874519 25.853566028177738 50.109532063826919 176.66987960599363 243.26007414795458 98.729362070560455 73.343700647354126 542.8055180683732 2146.2951603010297 339.82006666436791 27.708023943006992 15.927669681608675 21829.630795704201 38.574755825102329 32.868632100522518 231.15453675761819 488.14102414995432 382.60865527391434
leaf_count=2233388 42347 163 2486 69114 3748 519 367 777 660 1383 333 5821 5468 291 4509 21280 248938 21848 74922 11086 1305022 3412 1293 5120 461 35407 972 2079 96 1515 4882 3063 24888 6989 1276 9641 1004 196 374 7118 8987 35130 2921 470 3704 7855 158 733 3232 3748 654 390 4514 15823 4961 191 117 226414 242 213 3039 2600 3484
internal_value=5.14154e-05 -0.000434223 0.00314595 0.00740547 0.0260794 0.00675115 0.035555 0.0128641 -0.00126419 0.00896875 -0.00632521 0.0246686 7.6385e-05 -0.00442346 -0.0222241 -0.000752554 0.00230419 -0.00562472 0.00172218 -0.0200726 -0.00118109 -0.00433561 -0.0084718 -0.011631 -0.0189085 -0.00133984 -0.0113505 -0.00456663 -0.0281766 -0.0117439 -0.0306752 -0.00171105 0.00268253 -0.0177902 -0.0452671 -0.00522876 -0.022997 -0.000374236 0.0325015 -0.0262681 -0.0291393 -0.0327307 -0.028314 -0.124931 0.00572859 0.00815983 0.0152244 -0.0206374 0.00934373 -0.019114 -0.0083797 0.00991637 -0.0257128 -0.0102332 0.013852 0.0335519 -0.0556592 0.000464124 -0.0243916 -0.135108 -0.0170635 0.0045978 -0.0149964
internal_weight=531280 290119 23689.5 12050.6 1455.05 803.54 347.199 247.583 11639 2745.67 1390.81 1354.86 1317.97 8893.3 1096.35 266430 32759 9880.81 6634.18 1220.25 233671 48580.1 26093.7 18083.4 8907.34 8010.29 3693.05 9176.09 990.08 766.907 540.856 8186.01 6429.24 1756.77 601.676 4126.67 7800.88 985.467 452.741 6815.41 6235.39 5505.06 532.726 55.5631 22878.2 1237.79 1112.47 3246.63 470.039 293.37 280.503 1106.46 2776.59 3570.32 372.071 226.051 43.6357 22486.4 656.725 71.4434 477.163 580.016 455.952
internal_count=4493836 2260448 137823 77011 7897 4149 1663 1144 60812 13665 6461 7204 6128 47147 4800 2122625 372888 120246 86171 11249 1749737 444715 214434 148762 76255 65672 30265 72507 8094 6801 4978 64413 53415 10998 4009 28527 67261 12965 6339 54296 51235 44117 6626 666 252642 8985 8013 34075 7713 4481 1930 8994 26362 25464 5335 1823 308 230281 3867 455 5960 3061 3874
is_linear=0
shrinkage=0.176106


Tree=90
num_leaves=64
num_cat=0
split_feature=5 0 8 0 12 6 6 8 7 8 10 2 2 7 7 7 10 6 2 6 7 5 1 1 6 5 10 6 7 7 6 7 5 1 6 6 1 1 10 7 7 7 1 2 10 2 2 10 5 5 1 10 7 1 1 10 10 2 7 10 8 2 10
split_gain=6.28617 14.1506 28.2813 22.7582 21.7103 29.6842 50.92 27.531 19.8272 16.724 19.7088 18.889 22.1579 22.0956 24.0289 20.6185 24.1059 16.3432 18.9908 15.8769 14.9796 14.6797 14.5617 16.5401 15.4653 13.9276 16.5329 13.9084 13.4535 13.6247 15.363 13.418 13.1839 22.6614 18.9267 21.6143 12.3092 12.2524 13.8221 11.8388 21.8051 17.9781 14.0306 11.8319 11.7567 11.6336 12.0486 12.5688 15.9434 11.5167 16.5054 11.4584 11.2007 11.4941 19.698 11.5758 14.6757 11.1386 14.0895 15.4893 13.7306 12.5596 16.4621
threshold=63.500000000000007 8.5000000000000018 0.82113268084446045 7.5000000000000009 0.80854474376661079 46.500000000000007 29.500000000000004 0.83526014591826703 48.500000000000007 0.8806295869237083 0.89208167542963979 1820.5000000000002 825.50000000000011 173.50000000000003 171.50000000000003 233.50000000000003 0.85156208459704175 104.50000000000001 740.50000000000011 271.50000000000006 127.50000000000001 40.500000000000007 4.5000000000000009 2.5000000000000004 35.500000000000007 59.500000000000007 0.86751522806253079 33.500000000000007 133.50000000000003 68.500000000000014 58.500000000000007 233.50000000000003 55.500000000000007 4.5000000000000009 16.500000000000004 6.5000000000000009 6.5000000000000009 3.5000000000000004 0.81635379536605501 49.500000000000007 158.50000000000003 45.500000000000007 1.5000000000000002 1820.5000000000002 0.85417600067627553 1305.5000000000002 720.50000000000011 0.87272533060623958 36.500000000000007 50.500000000000007 4.5000000000000009 0.91278690735642409 152.50000000000003 5.5000000000000009 3.5000000000000004 0.84751455920893759 0.78039792282923359 720.50000000000011 3.5000000000000004 0.81145975209652665 0.85824804301739877 840.50000000000011 0.86198324875157106
decision_type=2 2 2 2 2 2 2 2 2 2 2 2 2 2 2 2 2 2 2 2 2 2 2 2 2 2 2 2 2 2 2 2 2 2 2 2 2 2 2 2 2 2 2 2 2 2 2 2 2 2 2 2 2 2 2 2 2 2 2 2 2 2 2
left_child=1 3 44 57 5 6 7 -4 22 11 -11 12 13 14 17 16 52 18 -5 25 -10 37 23 -8 -24 26 -18 -20 29 -14 -31 -30 -12 51 35 -35 -23 45 -39 41 -41 42 -9 -22 -3 46 -6 -48 -49 50 -42 -34 53 54 55 56 -13 58 60 -60 -1 62 -59
right_child=-2 2 4 9 21 -7 8 39 20 10 32 15 28 -15 -16 -17 19 -19 27 -21 43 36 24 -25 -26 -27 -28 -29 31 30 -32 -33 33 34 -36 -37 -38 38 -40 40 49 -43 -44 -45 -46 -47 47 48 -50 -51 -52 -53 -54 -55 -56 -57 -58 61 59 -61 -62 -63 -64
leaf_value=-0.35653147576562289 0.00027684032825571854 0.0099271107773261022 -0.13440275754994541 -0.037366391806862187 0.054515102589340267 -0.0093000247202724116 -0.03423284304842935 0.13693397341111813 0.00053257777832162352 0.026728323052901539 0.014325489925195721 0.074417639150279574 0.013704022260001699 0.025250212500917624 -0.35020967337556658 -0.14907447446337968 -0.088989427428135162 0.025089594836504418 -0.2996824649373574 -0.14129192981876196 -0.08000142018657655 -0.00023212077662796722 0.024624850643683732 -0.23862907610465361 -0.15086092524771311 0.015268729121747164 -0.004139986886949081 -0.10360000427720659 0.055767111712425418 0.0058084386425682538 -0.054107416141149209 0.01301214477791076 -0.040766675836613635 -0.11928044802268035 -0.050118561951725822 -0.42291598488377474 -0.032603270517735705 -0.19833727728596928 0.0048248464509036016 0.057363553282048611 -0.031448669396371837 -0.28011870042038589 -0.051535640384915447 -0.29825916482828374 0.10338242519113913 -0.02084506859262706 -0.11245567177305525 -0.15402344392502351 -0.483199885259469 -0.0046072549818960244 -0.25537748598690102 0.073863706892144623 0.09917421243008441 0.03011354423653366 -0.044936561447706608 0.12025169672284051 -0.011579174877704188 -0.0037266027870781495 0.072634547914416425 0.006792479791197523 -0.034236626621980661 -0.0020303965548690048 -0.031336510373822686
leaf_weight=6.2965448219329145 464843.23042219318 1325.9128542412072 62.450784515589476 202.60163584537804 8.0247664600610715 810.02433794178069 14.666679445654152 13.549947306513785 56.981689091771841 2135.7768402975053 259.70703143440187 76.817863151431084 2162.4277115091681 183.25299901515245 8.0757099054753763 34.320598393678665 174.85832623392344 83.482916716486216 14.31843778118491 47.031675398349762 26.851759914308786 2693.147629879415 21.786367349326611 75.404153255745769 54.628065191209316 127.27361867949367 120.16240642592311 51.825722560286522 408.81157396361232 347.63248834758997 214.68822271376848 513.71402901038527 56.879303937777877 26.053611252456903 78.869679080322385 10.085471911355851 421.29370388854295 11.475241489708422 109.39460447616875 152.01324565149844 27.763307044282556 9.7998735755681974 127.70815121941268 10.801861137151716 43.104373309761286 37.036245853640139 33.321810219436884 10.822888953611256 7.8898368552327147 94.357765026390553 16.144605986773968 51.559197871014476 36.823370546102524 287.49504844099283 311.82077381946146 29.344633996486664 309.52385795302689 1789.7854503616691 115.37433208152652 2800.2191350432113 11.749140527099369 45968.055421061814 1070.2117090020329
leaf_count=68 3856166 11622 470 3032 188 7621 202 171 503 20426 5690 336 15498 2490 104 161 949 918 205 287 331 35989 195 551 423 864 1179 448 3698 3101 1487 3900 816 449 1046 191 5126 111 1538 2009 290 126 1307 105 515 654 321 213 172 1002 128 1127 183 1538 1532 167 1629 16720 1401 47516 226 408946 17410
internal_value=4.78792e-05 -0.00155492 -0.0095119 -0.000724328 -0.0157558 -0.0327943 -0.0576744 -0.024962 -0.120787 0.00779833 0.0194621 0.00248246 0.00863376 -0.0245367 -0.0498586 -0.0140907 -0.0110451 -0.0429723 -0.0641149 -0.0442334 -0.0564228 -0.00770313 -0.157374 -0.205346 -0.100829 -0.0334239 -0.0544301 -0.146047 0.0135772 0.00735368 -0.0170668 0.0319587 -0.0126581 -0.0440205 -0.098478 -0.204017 -0.004611 -0.0518857 -0.0144631 -0.00947575 0.0113312 -0.0494592 -0.033457 -0.142614 0.0128696 -0.0984713 -0.14634 -0.177316 -0.292814 -0.0392781 -0.113786 0.0137366 0.00376354 0.000302124 -0.0114787 0.0136192 0.00551991 -0.00210168 0.00843779 0.00939795 -0.146693 -0.0027349 -0.0140582
internal_weight=531247 66403.3 6276.36 60126.9 4907.34 1574.93 764.908 503.788 261.121 8365.23 2618.93 5746.3 4190.83 543.557 360.304 1555.47 1521.15 352.229 268.746 469.326 94.6353 3332.41 166.485 90.0708 76.4144 422.294 295.021 66.1442 3647.27 2724.75 562.321 922.526 483.154 223.447 115.009 36.1391 3114.44 217.965 120.87 441.337 290.279 151.058 141.258 37.6536 1369.02 97.0955 60.0593 52.0345 18.7127 138.266 43.9079 108.439 1051.83 1015 727.507 415.686 386.342 51761.7 2933.64 2915.59 18.0457 48828.1 2860
internal_count=4493787 637621 71883 565738 59746 15434 7813 5503 2310 73451 29745 43706 34881 7197 4707 8825 8664 4603 3685 3279 939 44312 1371 753 618 2992 2128 653 27684 20086 4588 7598 9319 3629 1686 640 41115 3197 1649 5033 3429 1604 1478 436 12137 1548 894 706 385 1420 418 1943 5385 5202 3664 2132 1965 492287 49211 48917 294 443076 34130
is_linear=0
shrinkage=0.176106


Tree=91
num_leaves=64
num_cat=0
split_feature=5 8 0 9 0 2 2 2 5 2 5 5 7 8 6 8 13 9 5 2 7 6 0 0 9 2 2 7 8 8 2 5 7 2 6 5 6 2 0 7 5 5 6 0 2 6 2 13 5 0 9 6 6 6 7 9 9 9 2 0 6 0 7
split_gain=5.79576 22.6639 20.4935 26.3109 14.5136 15.0096 13.9502 27.4467 18.685 22.3394 14.1185 13.9848 12.6457 11.022 13.721 12.2509 10.8348 10.709 24.7415 11.1988 10.6263 17.1862 10.3731 15.0938 9.91879 15.9034 11.5311 15.0858 15.0324 13.2794 17.8487 27.5117 15.8923 15.8008 12.0323 13.8119 15.2453 11.0877 10.7832 11.9102 10.4409 12.4575 10.7118 9.98546 24.0727 14.1224 15.5165 13.9757 23.2344 16.6355 12.4835 11.9511 9.70405 9.70215 9.38571 9.3754 9.32856 9.20035 12.4244 9.14275 9.0774 13.7743 11.6812
threshold=270.50000000000006 0.8806295869237083 2.5000000000000004 0.83470148464705207 1.5000000000000002 1119.5000000000002 2205.5000000000005 2025.5000000000002 288.50000000000006 2220.5000000000005 330.50000000000006 350.50000000000006 74.500000000000014 0.8563935865996698 34.500000000000007 0.82113268084446045 0.84614648536586468 0.89127477498379648 304.50000000000006 1745.5000000000002 35.500000000000007 34.500000000000007 3.5000000000000004 5.5000000000000009 0.81900813221307578 2015.5000000000002 905.50000000000011 304.50000000000006 0.84496713270957635 0.82113268084446045 1220.5000000000002 314.50000000000006 84.500000000000014 1655.5000000000002 204.50000000000003 325.50000000000006 226.50000000000003 1235.5000000000002 6.5000000000000009 111.50000000000001 364.50000000000006 357.50000000000006 79.500000000000014 6.5000000000000009 1940.5000000000002 114.50000000000001 950.50000000000011 0.8488345610256558 285.50000000000006 8.5000000000000018 0.80891849360395851 68.500000000000014 198.50000000000003 66.500000000000014 16.500000000000004 0.91029400112928582 0.8254476284454727 0.86080317720381305 735.50000000000011 6.5000000000000009 107.50000000000001 5.5000000000000009 5.5000000000000009
decision_type=2 2 2 2 2 2 2 2 2 2 2 2 2 2 2 2 2 2 2 2 2 2 2 2 2 2 2 2 2 2 2 2 2 2 2 2 2 2 2 2 2 2 2 2 2 2 2 2 2 2 2 2 2 2 2 2 2 2 2 2 2 2 2
left_child=-1 6 3 -3 -5 16 7 24 9 22 20 -12 -4 15 -15 -9 -6 19 -19 -14 -10 55 -8 -24 43 26 27 28 56 30 31 38 37 -31 -35 36 -36 -32 39 -28 41 42 -30 -2 45 46 -45 48 -47 52 -51 -46 -50 -21 -17 -22 -26 58 -58 -59 -11 -62 -63
right_child=1 2 12 4 5 -7 8 13 10 60 11 -13 17 14 -16 54 -18 18 -20 53 21 -23 23 -25 25 -27 29 -29 40 33 32 -33 -34 34 35 -37 -38 -39 -40 -41 -42 -43 -44 44 51 47 -48 -49 49 50 -52 -53 -54 -55 -56 -57 57 59 -60 -61 61 62 -64
leaf_value=-9.099697387170849e-05 0.0016359814633649407 0.098181421316132875 0.013112129784529251 0.013477228621613524 -0.054304888158848548 -0.032920475556827589 -0.25564038413766949 0.064211373709872441 0.017818789830629393 -0.00045273694334124873 -0.24055335195142377 -0.03879534643419788 0.083057349260989843 0.095803673796794692 0.018471938411696406 -0.055112223308711863 -0.23647709608241996 -0.4411422257126254 0.05922504720280334 0.07650383781394654 -0.24994384417479329 -0.0041234213048480552 0.070229028331679003 -0.14679327583066074 0.11906782828635915 -0.064596929515243651 -0.15668049004272033 0.063821020086810287 -0.033243973579231506 0.0071714880879235002 0.038658327630136574 0.089164087507293779 0.066579979152056962 -0.0049968076208968901 -0.26669898799000485 -0.014961489151742698 -0.068319246256114574 -0.047486254100273594 -0.046957625581631759 -0.0057998594468356085 0.014912654463212865 -0.10781529580723116 -0.01014496145095521 0.078944254999025756 0.014633934196237442 -0.14581692264583745 0.024088326063686962 0.036435772692965024 0.031486321463176044 -0.051876245906926403 0.043868995459797611 -0.094032733461377929 -0.010063620257382538 -0.077389342144024625 0.015391027560697107 -0.060428823197874452 -0.045427959683476689 0.056646045263723792 0.022837228842989794 -0.0059606539541638805 -0.010347037574513778 -0.073445459808330033 -0.26332978426407633
leaf_weight=504401.61672480404 5272.3910851292312 52.673432111740112 215.77394414693117 83.549828788265586 16.552026454359293 69.246466014534235 17.41675703600049 156.27402163855731 496.27655308507383 150.26020590960979 13.476528551429508 50.887854747474194 340.29316739737988 137.34444322250783 147.65979585051537 61.6165229100734 26.077425081282854 4.2264471240341654 11.150388952344654 23.869769893586636 15.203224331140516 115.68891161307693 12.579279929399489 47.352395165711641 24.771921910345554 123.67423890903592 78.018718965351582 85.051483847200871 947.07127717509866 7830.431917598471 66.17677153646946 33.571941502392292 88.747181504964828 2893.829892989248 15.899930335581301 113.10139637440443 49.15913662314415 154.56760769337416 121.93029019236565 20.486303500831127 300.63596347719431 48.80255052447319 1817.4538874179125 205.10095528513193 48.083021104335785 33.793703865259886 725.92413558810949 401.35444482788444 475.0763295814395 227.49944112822413 51.86066373065114 90.401842400431633 275.37265738472342 27.16340059787035 1180.4322329480201 17.316870708018541 165.68207824230194 178.19856915995479 165.05919294059277 121.77819643542171 54.077029842883348 27.106579437851906 15.965510018169878
leaf_count=4280542 34568 396 2449 1064 175 506 190 1105 5943 1464 127 750 4882 2530 1235 764 282 106 243 241 146 1139 159 444 159 833 445 874 10255 61243 379 240 509 21364 108 800 335 875 643 107 3477 441 16398 1893 251 288 4122 2721 2923 1458 398 461 1655 233 9657 476 1561 1504 1279 1065 577 162 168
internal_value=4.31793e-05 0.00256489 0.0305147 -0.0122839 -0.0420578 -0.0835318 0.00162787 0.00245891 -0.01842 -0.0534017 -0.00239319 -0.0810392 0.0475728 0.0241738 0.0557383 0.0177404 -0.165744 0.0658557 -0.0783049 0.0715204 0.00546114 -0.0359184 -0.136008 -0.101242 0.000886793 -0.00169928 -0.00119154 -0.00952442 -0.0111793 0.00160973 -0.024752 -0.0593486 0.00364221 0.00297225 -0.0077315 -0.0521506 -0.116802 -0.021661 -0.0819668 -0.125302 -0.0162818 -0.0196152 -0.0180582 0.00600276 0.0150869 0.0192131 0.0361729 0.00843464 -0.00213169 0.00258341 -0.034102 -0.0563028 0.0162398 -0.00540881 0.0118934 -0.149028 0.0130602 0.00889663 -0.0113596 0.0312303 -0.0275762 -0.069528 -0.14383
internal_weight=531240 26838.5 870.576 248.099 195.426 111.876 25967.9 24934.3 1033.61 324.758 708.85 64.3644 622.477 1683.33 285.004 1398.32 42.6295 406.703 15.3768 391.326 644.486 148.209 77.3484 59.9317 23251 15444.1 15320.4 3854.51 3769.45 11465.9 563.499 254.007 309.492 10902.4 3071.99 178.16 65.0591 220.744 220.435 98.505 3113.96 2813.33 2764.53 7806.86 2534.47 2395.98 931.025 1464.96 1063.6 1029.81 279.36 138.485 750.449 51.0332 1242.05 32.5201 655.49 630.718 330.741 299.977 247.409 97.1491 43.0721
internal_count=4493787 213245 10577 2423 2027 963 202668 190923 11745 3164 8581 877 8154 15291 3765 11526 457 5705 349 5356 7704 1761 793 603 175632 124894 124061 37013 36139 87048 3198 1435 1763 83850 22607 1243 443 1254 1195 552 30571 27094 26653 50738 16170 15458 6015 9443 6722 6434 1856 712 4578 474 10421 622 5568 5409 2840 2569 2371 907 330
is_linear=0
shrinkage=0.176106


Tree=92
num_leaves=64
num_cat=0
split_feature=8 8 0 11 10 0 10 0 6 10 6 8 0 4 5 2 4 2 5 10 0 10 0 10 5 2 2 10 8 6 0 11 6 8 2 4 10 4 0 2 2 6 6 0 5 5 4 0 2 2 10 2 2 2 0 2 10 2 10 4 2 4 11
split_gain=5.54384 15.6703 48.0509 33.269 26.9208 33.2757 53.6123 56.7225 44.0743 31.1885 31.3583 31.1103 29.779 41.2313 28.7881 27.4634 23.875 42.0631 31.9327 23.643 35.9784 63.6641 50.2921 45.0582 43.1275 40.2762 64.0707 23.2838 23.1799 22.5011 21.7914 21.3355 28.9183 23.2731 33.5892 22.7958 34.6308 27.3812 28.9293 31.0689 21.8186 20.4533 18.9544 48.9994 42.7911 31.6339 30.7156 29.362 29.3565 52.0908 30.8299 24.7055 53.0579 54.9517 22.6028 22.5521 21.6903 20.0024 19.7718 19.1847 18.825 18.4606 18.0777
threshold=0.84154593889460827 0.85154788907268331 3.5000000000000004 0.83307599371753061 0.86501369002994422 5.5000000000000009 0.86422021755895906 7.5000000000000009 96.500000000000014 0.88271248409958758 107.50000000000001 0.848122963620355 4.5000000000000009 903.50000000000011 235.50000000000003 910.50000000000011 543.50000000000011 725.50000000000011 93.500000000000014 0.87272533060623958 6.5000000000000009 0.88031900387626039 5.5000000000000009 0.89756083927861441 319.50000000000006 835.50000000000011 745.50000000000011 0.89756083927861441 0.84496713270957635 152.50000000000003 4.5000000000000009 0.79533127841086004 134.50000000000003 0.84496713270957635 955.50000000000011 214.50000000000003 0.85297677249019188 129.50000000000003 2.5000000000000004 1449.5000000000002 1530.5000000000002 110.50000000000001 159.50000000000003 7.5000000000000009 130.50000000000003 149.50000000000003 590.50000000000011 6.5000000000000009 1330.5000000000002 745.50000000000011 0.78076274335130846 610.50000000000011 730.50000000000011 1330.5000000000002 4.5000000000000009 629.50000000000011 0.86422021755895906 1845.5000000000002 0.85417600067627553 580.50000000000011 740.50000000000011 759.50000000000011 0.84750369585714791
decision_type=2 2 2 2 2 2 2 2 2 2 2 2 2 2 2 2 2 2 2 2 2 2 2 2 2 2 2 2 2 2 2 2 2 2 2 2 2 2 2 2 2 2 2 2 2 2 2 2 2 2 2 2 2 2 2 2 2 2 2 2 2 2 2
left_child=-1 2 27 19 5 11 8 -8 14 15 -11 28 -13 -14 16 60 17 18 -7 42 22 29 -21 -23 25 26 -24 31 41 -22 -30 32 -2 34 -34 36 37 38 39 -33 -39 -5 43 45 46 47 51 48 49 55 -50 -45 -53 -54 -52 -4 58 -47 -46 -51 -6 -49 -18
right_child=1 -3 3 4 9 6 7 -9 -10 10 -12 12 13 -15 -16 -17 62 -19 -20 20 21 23 24 -25 -26 -27 -28 -29 30 -31 -32 35 33 -35 -36 -37 -38 40 -40 -41 -42 -43 -44 44 56 57 -48 61 50 59 54 52 53 -55 -56 -57 -58 -59 -60 -61 -62 -63 -64
leaf_value=-0.0007254495432403007 0.014008281986581357 -0.00028615470028774809 0.024260115489305852 0.067302831343070371 0.020049451652470063 -0.025331014230416869 -0.052656059421301089 0.0060298363411512099 -0.0058140329224115198 0.02472954590712623 -0.0068803250390646331 0.025689154278412119 -0.032653533072896875 0.02793728596898705 -0.017383385709190808 0.02712854439359768 0.067104466858664058 0.016577455460710259 -0.17899389372290397 -0.0061546501073428675 -0.10817205591027831 0.034811527906126905 0.0093049215052250986 -0.047733035394326141 0.066411788563974908 -0.062950305365993248 -0.31909296337820042 0.021992234490668831 0.02106906686025074 -0.02640726661233685 0.0616534170813006 -0.19648292130672407 0.1163991537905706 -0.0015983226724854667 -0.05501627560115626 -0.0076804210241161047 -0.019916887205472092 0.067602553028804566 0.071677698020139985 -0.016603441233625352 0.015537914383865647 -0.050385642134526676 0.0084123189321136955 0.11495418066166667 -0.028894178576825032 0.02152982517716695 0.045427570046547239 0.022032658289792704 -0.067758533342606536 0.052619820055067025 0.016276669965390109 -0.090918009776040962 0.047594510505586683 -0.016074146487372137 -0.023822824862019656 -0.055027207185898562 0.0068806328681965704 -0.0063214393268427897 -0.10083859856393647 0.0041179297458917973 -0.024282220194498435 -0.038597130578850065 0.026854229358013799
leaf_weight=186980.44053475745 4267.5016033612192 245752.5802293336 151.32035130262375 63.655949719250202 597.89405708760023 167.75559614598751 1106.8184499647468 948.51523511484265 5381.4082140866667 1481.4335045199841 2837.8019345216453 1294.5529084391892 962.28171589039266 545.9049124699086 672.4065010920167 6532.5619520526379 419.47249845787883 2102.981732673943 55.923975806683302 1169.1875504627824 139.13703463971615 1354.8663650117815 29.325276900082827 241.67499484121799 70.007015131413937 582.55593007802963 49.569728769361973 1122.5164125803858 771.0129113085568 417.86497587710619 877.07837829552591 43.943169232457876 38.300379052758217 2850.9419857747853 476.83716966956854 23873.716564172879 655.97091798111796 512.88764998689294 60.5757524240762 92.38943088427186 486.32833053916693 163.2509022206068 12529.896907418966 52.251727506518364 2835.3365910388529 4302.1516056917608 446.83661279827356 1670.9365232661366 381.92286095023155 600.06092655658722 581.98220964893699 214.85668635368347 572.72009068354964 1580.9335117787123 1737.3747114166617 420.23031784594059 526.93461509421468 982.33775569498539 123.63411018252373 437.20123625546694 590.42676696553826 171.75805455446243 1977.4712584577501
leaf_count=1330023 26209 2357690 2296 719 9721 2602 11493 10893 43328 20209 29378 16638 9924 6402 6469 61086 3289 17995 682 8574 877 8603 282 1444 407 3366 381 12351 10690 2445 10708 483 188 18532 2115 195973 6245 5467 635 728 3570 1423 81788 870 16574 30023 3250 10801 1875 6670 4518 2323 5682 8352 9955 4794 3420 6263 667 4063 7675 1099 19852
internal_value=4.64454e-05 0.000465812 0.0023437 0.00520176 0.00953482 0.00512722 0.000492246 -0.0255731 0.0054631 0.015945 0.00396139 0.0178427 0.00609588 -0.010722 0.0167097 0.0226489 0.0215629 0.00885501 -0.0637495 0.0014768 -0.0111538 0.00443162 -0.028813 0.0223164 -0.0650308 -0.0789424 -0.197027 -0.00295481 0.0354017 -0.0468318 0.0426672 -0.00379426 0.00438169 -0.00782287 -0.0422716 -0.0062203 0.0126009 0.0304341 -0.0295881 -0.0745828 0.0422622 -0.0173696 0.00316564 -0.000529547 -0.0129297 0.00635886 0.00300498 -0.00222448 -0.010179 0.00865384 -0.0213954 -0.00482559 -0.00746806 0.00085723 -0.0137609 -0.0340356 -0.026038 0.0163525 -0.0319002 0.0321765 -0.0019771 0.0163813 0.0338981
internal_weight=531140 344160 98407.4 63925.5 29550.6 17510.5 12832.8 2055.33 10777.4 12040.1 4319.24 4677.74 2802.74 1508.19 5396.01 7720.88 4723.61 2326.66 223.68 34374.9 4054.19 2153.54 1900.65 1596.54 731.458 661.451 78.895 34481.9 1875 557.002 1648.09 33359.4 7633.58 3366.08 515.138 25725.8 1852.1 1196.12 196.908 136.333 999.216 226.907 30320.7 17790.8 6353.5 11437.3 2867.6 6152.79 4310.09 1608.81 2701.28 2420.76 2368.51 2153.65 2319.36 571.551 3485.91 5284.49 2958.97 1037.26 1188.32 1842.69 2396.94
internal_count=4493047 3163024 805334 532838 301176 173107 116603 22386 94217 128069 49587 56504 32964 16326 50889 78482 44420 21279 3284 231662 26379 13369 13010 10047 4436 4029 663 272496 23540 3322 21398 260145 47044 20835 2303 213101 17128 10883 1846 1211 9037 2142 205283 123495 41138 82357 20477 46071 34171 17823 16348 17227 16357 14034 14473 7090 20661 36286 17241 10733 17396 11900 23141
is_linear=0
shrinkage=0.176106


Tree=93
num_leaves=64
num_cat=0
split_feature=7 11 7 0 0 9 0 10 11 12 7 11 1 4 10 9 5 5 10 5 4 11 11 1 4 5 7 1 1 10 10 1 1 11 10 12 7 0 10 10 10 4 12 4 10 0 7 10 7 5 11 1 12 11 7 0 5 1 10 0 0 0 10
split_gain=6.36647 8.13621 8.23439 20.8436 32.1215 31.7002 34.0581 48.5653 46.4094 36.2197 25.6634 23.7084 23.6471 26.4133 30.7052 21.9219 27.3556 21.8611 20.2016 20.03 22.3578 19.1121 32.8167 21.4667 23.636 25.4219 18.7871 39.7692 38.3397 51.1283 25.8607 62.687 41.459 20.1855 31.2404 20.0721 18.0604 29.6505 17.5455 20.1825 17.523 17.0917 16.1514 17.108 16.0829 41.6167 39.0969 22.5421 21.565 24.715 19.0333 17.7327 26.0226 20.8799 20.0728 28.8997 17.5538 16.08 64.8482 118.366 134.104 93.0898 133.946
threshold=102.50000000000001 0.96066218546996163 264.50000000000006 1.5000000000000002 6.5000000000000009 0.8762973453133257 7.5000000000000009 0.81459672985624421 0.78035785605879082 0.83534825092633291 259.50000000000006 0.79242675446424393 2.5000000000000004 1752.5000000000002 0.86422021755895906 0.82603058359836112 195.50000000000003 344.50000000000006 0.8964694903234508 244.50000000000003 1742.0000000000002 0.89246234404292468 0.89071764406049803 4.5000000000000009 1010.0000000000001 153.50000000000003 185.50000000000003 1.5000000000000002 2.5000000000000004 0.86422021755895906 0.82495611632445209 6.5000000000000009 5.5000000000000009 0.7725685619704018 0.86751522806253079 0.83534825092633291 233.50000000000003 8.5000000000000018 0.88047417976671827 0.87548534829699032 0.86422021755895906 1595.0000000000002 0.80854474376661079 403.50000000000006 0.87324711660086407 8.5000000000000018 222.50000000000003 0.86751522806253079 148.50000000000003 154.50000000000003 0.91124015211294218 4.5000000000000009 0.88422383259072179 0.80436713218806843 143.50000000000003 7.5000000000000009 178.50000000000003 2.5000000000000004 0.82495611632445209 3.5000000000000004 5.5000000000000009 2.5000000000000004 0.83896900224600712
decision_type=2 2 2 2 2 2 2 2 2 2 2 2 2 2 2 2 2 2 2 2 2 2 2 2 2 2 2 2 2 2 2 2 2 2 2 2 2 2 2 2 2 2 2 2 2 2 2 2 2 2 2 2 2 2 2 2 2 2 2 2 2 2 2
left_child=-1 2 3 18 21 6 8 -8 42 11 12 36 38 14 -14 17 -17 -13 26 20 -11 22 57 24 25 -23 -2 -28 29 35 32 33 -30 -32 -35 -29 -9 -38 39 -10 -33 -34 -6 -44 45 51 47 56 49 -49 -46 -7 53 -53 55 -54 -47 58 59 -5 -61 62 -60
right_child=1 -3 -4 4 5 44 7 9 10 19 -12 15 13 -15 -16 16 -18 -19 -20 -21 -22 23 -24 -25 -26 -27 27 28 30 -31 31 40 41 34 -36 -37 37 -39 -40 -41 -42 -43 43 -45 50 46 -48 48 -50 -51 -52 52 54 -55 -56 -57 -58 -59 61 60 -62 -63 -64
leaf_value=0.00050239628252912087 -0.0015817756909943877 0.028716231543531645 0.001086962855573371 0.049171343310197457 0.048828696353868016 -0.0010193080305700125 -0.020533404568174096 0.024067672860181258 -0.0060960864936788171 0.0080201132314920778 -0.0526887406011892 -0.017261903094987003 0.020730818673343775 0.048187378599424832 -0.0022264848120082683 -0.0073551380976655777 0.027525121826161538 -0.081337306055079522 0.022532882276488024 0.031632664666062488 -0.12275602503550294 -0.0026060786363985996 -0.044438757804754578 0.0091498829278737967 -0.024234683571886698 0.046587816893596604 0.058922769650788388 -0.10661601264172445 -0.0078811953779249003 0.054865625556950161 -0.057939779403822847 -0.093520929761147162 0.086722558649189943 0.057066722981834184 0.00098514254492849712 -0.025948636185386974 -0.054931146000302307 0.03686771564611141 0.020934463426861987 -0.059982681137700826 -0.012557341018209952 -0.12197248568816639 -0.015248029744126519 0.030265913484555214 -0.024434669215013624 -0.067621365603879713 0.045496635044422258 0.0039777680511640457 0.074935003580859194 -0.11863777504524727 -0.0042010808843708745 -0.066508367787973227 0.04678377383321683 0.039063023441314917 0.023380062248024348 -0.079762067226816669 -0.01454049696338223 -0.0073521359378234171 -0.10344078323910127 -0.031912436584654445 0.045438387057273481 0.00041355056664131541 -0.013963299630877498
leaf_weight=339811.91184565891 9754.8541910201311 289.82798097748309 51638.710495661944 1994.0191220343113 1046.5595276206732 2876.1702401898801 3212.9028386920691 1333.2936451733112 2840.5206294041127 8658.5877290004864 227.95396361127496 2620.4202989526093 3713.7842608895153 594.16362413205206 3518.8414679020643 4664.9300206117332 819.88964993879199 176.24206310883164 1741.4154211990535 1205.1912463791668 40.734447740018368 6549.9140262342989 679.23508861474693 6077.3191252015531 1548.8396154996008 342.84116591326892 510.66217647492886 212.44364155828953 281.21765054389834 137.15251898765564 93.721300236880779 217.8841515854001 390.57105383276939 571.21005745232105 668.66632122546434 174.02943933755159 262.43255180120468 186.78824886679649 687.56041913665831 233.25895619392395 133.82518592849374 12.562060989439486 327.71182526648045 1172.6075211316347 2617.8136721476912 652.89847989194095 205.4541892670095 221.34162764064968 88.996333045884967 66.239683054387569 3209.6913461415097 60.885806418955326 77.585305288434029 1270.5036587044597 262.35920317843556 200.88412926718593 274.43277754448354 42398.919954895973 692.36915241926908 2059.1503584086895 1049.3652393817902 9334.9278876036406 2070.5144071243703
leaf_count=2841637 84183 9758 434417 13185 4498 24298 18406 6449 18290 89313 1567 14889 25794 4906 29473 30184 6235 1031 20347 12141 355 93124 7356 82192 20604 4152 4187 1373 2138 1591 441 1120 3222 5040 6916 1405 1075 900 5368 1974 1255 122 2147 7255 28215 7093 2058 3213 1317 1013 54039 297 961 10182 3969 2035 2553 308433 3409 14548 7680 82706 13013
internal_value=4.49523e-05 -0.000767807 -0.000812555 -0.00151657 -0.00226196 0.00121171 0.00373688 -0.0004382 0.0104754 0.00279509 0.00582781 -0.00464548 0.00697891 0.0124938 0.00956155 -0.00861104 -0.00214112 -0.0212999 0.00470793 0.0103555 0.00740776 -0.00456681 -0.00594838 0.00116908 -0.00457651 -0.000159206 0.002349 0.0136136 0.0056166 -0.0375092 0.0151461 0.00342276 0.0440166 0.0208651 0.0268219 -0.0702914 0.0137783 -0.0167607 -0.00449676 -0.0101854 -0.0627143 0.0802194 0.0320373 0.0203244 -0.00663305 -0.000433474 -0.0259063 -0.0371571 -0.000820926 -0.0242647 -0.0132904 0.00766352 0.0210024 0.0342351 -0.0115734 -0.0445047 -0.0519127 -0.00550972 -0.000968143 0.0156819 -0.00580053 -0.0079907 -0.0363861
internal_weight=531068 191256 190966 139327 124427 49629.6 37544.4 23181.4 14363 19968.5 11816.1 10064 11588.1 7826.79 7232.63 8281.48 5484.82 2796.66 14900.2 9904.51 8699.32 74797.4 60278.5 14518.9 8441.59 6892.76 13158.8 3403.95 2893.28 523.626 2369.66 1685.31 684.351 1333.6 1239.88 386.473 1782.51 449.221 3761.34 3073.78 351.709 403.133 2546.88 1500.32 12085.3 6257.75 1509.36 1303.91 376.578 287.581 5827.51 4748.39 1872.22 1331.39 540.829 278.469 927.331 59599.3 17200.3 5102.53 3108.52 12097.8 2762.88
internal_count=4493047 1651410 1641652 1207235 1073895 423493 282250 180978 101272 162572 87372 60763 85805 60173 55267 52339 36419 15920 133340 101809 89668 650402 450330 200072 117880 97276 112993 28810 24623 4369 20254 14772 5482 12397 11956 2778 8424 1975 25632 20264 2375 3344 13900 9402 141243 58989 17247 15189 5543 4226 82254 41742 17444 10479 6965 2996 9646 442974 134541 35413 22228 99128 16422
is_linear=0
shrinkage=0.176106


Tree=94
num_leaves=64
num_cat=0
split_feature=7 8 11 11 11 11 10 6 5 2 2 5 9 9 10 6 5 6 5 11 6 5 5 5 10 2 5 11 6 5 6 6 8 6 10 6 5 7 11 2 2 2 11 5 3 6 9 8 10 6 2 2 6 2 5 2 7 10 7 2 8 11 8
split_gain=5.63298 13.0897 20.5753 8.15765 12.6036 8.47196 8.03704 7.75605 7.53429 11.1619 7.47735 15.4977 7.98326 7.15256 7.073 7.06563 6.84877 6.46375 6.41243 9.03304 10.5187 6.29883 12.672 13.5721 10.0356 10.0136 12.5648 9.51945 9.37213 8.127 7.87288 7.22498 6.20009 12.9267 18.3842 24.6883 18.1493 22.9806 21.0424 22.8949 25.2032 16.9358 19.6996 16.9171 21.1773 29.217 21.2448 34.2201 35.5257 26.3409 19.9452 19.4765 16.2072 15.714 15.1216 14.6266 53.5263 26.6086 24.4201 43.2976 27.3047 35.0306 25.4135
threshold=3.5000000000000004 0.84496713270957635 0.86603349554209874 0.87891006842619757 0.88412851507485712 0.84659642541924107 0.87548534829699032 136.50000000000003 114.50000000000001 1950.5000000000002 1135.5000000000002 94.500000000000014 0.84079282354959461 0.84079282354959461 0.65793969102792638 202.50000000000003 84.500000000000014 309.50000000000006 55.500000000000007 0.89208990838159918 293.50000000000006 156.50000000000003 114.50000000000001 112.50000000000001 0.79583641290958373 740.50000000000011 71.500000000000014 0.72915593889461039 147.50000000000003 72.500000000000014 154.50000000000003 91.500000000000014 0.84154593889460827 202.50000000000003 0.87272533060623958 25.500000000000004 171.50000000000003 19.500000000000004 0.85568896407163619 1900.5000000000002 1235.5000000000002 1255.5000000000002 0.77878147503720951 95.500000000000014 6.5000000000000009 154.50000000000003 0.77622320405825573 0.80652984726770349 0.83896900224600712 67.500000000000014 1119.5000000000002 640.50000000000011 194.50000000000003 630.50000000000011 180.50000000000003 950.50000000000011 181.50000000000003 0.77915493520808232 198.50000000000003 1640.5000000000002 0.83526014591826703 0.78345104005813437 0.82113268084446045
decision_type=2 2 2 2 2 2 2 2 2 2 2 2 2 2 2 2 2 2 2 2 2 2 2 2 2 2 2 2 2 2 2 2 2 2 2 2 2 2 2 2 2 2 2 2 2 2 2 2 2 2 2 2 2 2 2 2 2 2 2 2 2 2 2
left_child=1 2 14 5 7 6 8 -5 17 13 12 16 -7 -10 15 -1 -12 -3 19 -4 -21 22 23 25 27 26 -16 -24 29 31 -30 -27 33 34 43 -36 37 -35 39 40 -39 42 -42 52 45 -45 47 50 49 -49 -46 -47 53 -2 -38 56 57 -55 59 60 61 -57 -61
right_child=32 3 18 4 -6 10 -8 -9 9 -11 11 -13 -14 -15 21 -17 -18 -19 -20 20 -22 -23 24 -25 -26 28 -28 -29 30 -31 -32 -33 -34 36 35 -37 54 38 -40 -41 41 -43 -44 44 46 51 -48 48 -50 -51 -52 -53 -54 55 -56 58 -58 -59 -60 62 -62 -63 -64
leaf_value=-0.018220765319842784 0.011975031684144844 -0.0015015505207724728 -0.12295946761142794 0.10610896226706047 -0.0044879687339921207 -0.074808260414232677 0.071670637649825356 -0.013917053292135158 -0.0028250401704502377 0.056698643545158106 -0.049984740651554747 -0.17503478082613705 0.052628141064604339 -0.091415009711248274 -0.19178848065284096 0.10148592600312765 0.084023466508843028 0.10948524542847891 0.074727984097526831 0.072336034347135397 -0.12621256714514148 -0.058477841079400517 0.084879217318919439 -0.13391026491801672 0.078436373810207516 -0.0082538104825686399 0.013139201391171099 -0.045693195004733934 -0.096391440212012472 0.056126765703141054 0.00081710839905813179 0.048399285900021599 0.00037203441867050992 -0.0010473912706673676 0.0022505242025923165 -0.011974178112847639 0.090802711250397655 -0.00049360716352196818 -0.032957425755026602 0.0093193049853041599 -0.12806366396495442 -0.016233407234255773 -0.024945185915367842 -0.0078993011336345367 0.087888726230450867 -0.034717957482967875 0.0048502863029394102 0.0052555300831118607 0.0058165609762625354 -0.038987590981829141 0.013362488880384091 -0.19819796443700557 0.016709776675794145 0.018571511163039879 0.014503449016648922 -0.0039160640407413716 0.014990790258543179 -0.016927502489831565 -0.008689498980217222 -0.00012909225857550208 -0.0083588274766012906 0.012925707617402599 -0.012193606191095536
leaf_weight=22.464994594454765 2557.0973048955202 268.22736916132271 12.34159094840288 60.237078024074435 303.22349034994841 23.657033713534474 38.73223689571023 23.100211251527071 40.905082367360592 28.938168406486511 163.02951423078775 31.150890849530697 42.877826675772667 91.465533051639795 17.895958475768566 47.892919719219208 12.75292184203863 17.325088661164045 207.99369198828936 53.647125456482172 9.7844561710953695 45.269835203886032 26.194347633048892 22.094504084438086 132.26998118683696 216.77652924507856 19.271367743611336 51.092666130512953 26.379640810191631 188.06506568938494 1260.7577955499291 102.97810691222548 342906.86580496002 26289.169027673081 6642.4758536610752 8793.3820663932711 98.100763410329819 4192.46919009462 1129.1418290007859 2020.3822700679302 91.57614279538393 6217.3180639147758 154.20819646120071 3289.9659558720887 140.92642019689083 49.765097975730896 47881.213754916564 550.87957642227411 1628.5117691475898 1721.6124609857798 531.03496990166605 41.406387470662594 1535.1167019121349 710.87763457745314 450.48692078515887 5154.8797135129571 2500.3023124560714 8308.2699890956283 10301.336260158569 14554.098303603008 3451.9725262671709 14905.04574855417 8623.3240602742881
leaf_count=102 35503 1868 84 559 4310 312 273 207 268 186 1270 253 468 667 136 227 107 126 2061 585 115 274 122 148 800 1391 177 299 154 1195 6716 640 3152854 162976 73709 78516 876 31621 9642 10116 524 32938 1131 35106 894 414 319000 2741 7879 8370 2610 332 9832 6670 3186 30726 22403 73951 63497 86154 24477 127983 50570
internal_value=-2.34399e-05 0.00691054 0.0141438 -0.00864143 0.0121827 -0.0192464 -0.00528441 0.072839 -0.0119546 -0.0423791 -0.0440384 -0.0605506 0.00731705 -0.064039 0.00833595 0.0632641 -0.0402625 0.00523226 0.0587494 0.014889 0.0417095 0.00650355 0.00792894 0.0032898 0.0489773 0.00494437 -0.0855329 -0.0014392 0.00681784 0.0270772 -0.00117516 0.00999152 -7.08844e-05 -0.000894009 -0.000110573 -0.0058529 -0.00366733 -0.00410263 -0.00992076 -0.00786871 -0.0111277 -0.0180258 -0.0633658 0.000579549 0.00288424 -0.0106245 0.003755 -0.00771321 -0.0140359 -0.0282625 0.0289924 -0.108964 -0.00119289 -0.0015796 0.0281476 -0.00208552 -0.00780894 -0.0141295 -0.000928656 0.000783664 0.00610827 0.00859781 -0.00461778
internal_weight=531032 3608.79 2463.17 1145.62 386.561 759.062 485.593 83.3373 446.861 161.309 273.468 206.933 66.5349 132.371 2179.4 70.3579 175.782 285.552 283.767 75.7732 63.4316 2109.05 2063.78 1854.22 209.557 1832.12 37.1673 77.287 1794.96 507.82 1287.14 319.755 527423 184516 143873 15435.9 40642.9 40094.3 13805.1 12676 10655.6 6463.1 245.784 128438 55835.3 3381.14 52454.2 4572.97 3901 2272.49 671.961 91.1715 72602.3 71067.2 548.588 68510.1 11519.4 9019.15 56990.7 46689.3 23511.9 20059.9 23177.4
internal_count=4493301 26100 15226 10874 5076 5798 3388 766 3115 1121 2410 1630 780 935 12381 329 1377 1994 2845 784 700 12052 11778 10557 1221 10409 313 421 10096 3226 6870 2031 4467201 1314347 1061337 152225 253010 248948 85972 76330 66214 34593 1655 909112 377346 35852 341494 22494 18990 11111 3504 746 531766 521934 4062 486431 103024 80621 383407 319910 183186 158709 136724
is_linear=0
shrinkage=0.176106


Tree=95
num_leaves=64
num_cat=0
split_feature=8 0 8 8 3 11 0 1 11 0 5 9 0 1 1 0 5 13 11 3 3 7 11 5 11 9 7 3 1 11 5 11 7 1 7 5 6 0 8 5 5 6 9 9 8 9 0 8 3 8 3 8 8 1 9 9 6 7 0 8 8 11 9
split_gain=5.19485 50.3329 53.1305 53.0811 50.3849 46.5106 40.6409 31.6033 28.3808 23.8961 23.4941 21.124 20.2415 23.0002 28.7253 22.0215 19.896 29.6605 41.1643 28.0514 19.7739 19.6304 20.6442 18.9207 25.3122 18.8842 18.7174 45.2699 33.7473 18.7028 20.9604 20.4183 18.3478 16.5009 16.1426 16.0273 16.0123 15.1432 43.0488 39.4621 47.6911 43.5999 35.657 87.9489 53.951 53.1367 60.5597 44.2356 40.5219 38.5681 36.7434 35.0362 78.0395 34.578 49.4693 50.835 46.2695 39.9527 33.2572 48.259 58.4822 48.1835 43.073
threshold=0.79865757073970556 5.5000000000000009 0.78730933661789715 0.78730933661789715 19.500000000000004 0.8284018033050542 6.5000000000000009 5.5000000000000009 0.85810375586684573 8.5000000000000018 67.500000000000014 0.76001425473962181 2.5000000000000004 2.5000000000000004 5.5000000000000009 1.5000000000000002 78.500000000000014 0.84614648536586468 0.73675623704766469 13.500000000000002 11.500000000000002 36.500000000000007 0.77878147503720951 133.50000000000003 0.72012961028567279 0.78652607420230658 198.50000000000003 9.5000000000000018 6.5000000000000009 0.69484611672111685 61.500000000000007 0.79972182243062984 366.50000000000006 3.5000000000000004 251.50000000000003 181.50000000000003 286.50000000000006 5.5000000000000009 0.90127320420397428 129.50000000000003 137.50000000000003 206.50000000000003 0.85335723161619847 0.85288101297807239 0.90127320420397428 0.85392096578175769 6.5000000000000009 0.85370962442027898 14.500000000000002 0.83526014591826703 16.500000000000004 0.82113268084446045 0.83028932750521267 5.5000000000000009 0.90433043409895042 0.86498848163671316 102.50000000000001 107.50000000000001 3.5000000000000004 0.83526014591826703 0.8806295869237083 0.83081238304045801 0.83470148464705207
decision_type=2 2 2 2 2 2 2 2 2 2 2 2 2 2 2 2 2 2 2 2 2 2 2 2 2 2 2 2 2 2 2 2 2 2 2 2 2 2 2 2 2 2 2 2 2 2 2 2 2 2 2 2 2 2 2 2 2 2 2 2 2 2 2
left_child=1 3 4 8 5 16 7 33 11 -4 12 -1 13 15 -15 -5 -3 -18 19 -19 -10 -20 -23 -13 -25 -12 -11 -28 -29 -6 31 -31 -22 -7 -35 -26 -16 38 51 -40 41 -41 43 44 -39 46 50 53 -45 -48 -44 -2 -53 -47 55 56 -55 -57 -54 61 -61 -60 -62
right_child=37 2 9 10 29 6 -8 -9 20 26 25 23 -14 14 36 -17 17 18 21 -21 32 22 -24 24 35 -27 27 28 -30 30 -32 -33 -34 34 -36 -37 -38 42 39 40 -42 -43 45 48 -46 47 49 -49 -50 -51 -52 52 58 54 -56 57 -58 -59 59 60 62 -63 -64
leaf_value=-0.067444740821230656 0.0072659406065461131 -0.0051850602529831839 0.016819960056178355 -0.029711637846027705 -0.0044504890686362644 -0.016810052164424251 0.024280648078377258 0.034122519418853137 -0.040408137064096072 0.0043775393632575158 0.055811131706597183 0.0061867932366633802 -0.012843991020306134 -0.0078221426502105475 -0.050879353649233072 -0.098822958987655876 -0.0085087828031571479 -0.12357298331983779 -0.00061967234888177518 -0.043208439194704996 -0.0091736159270538638 0.011664567724490777 -0.055809057007319259 -0.073372825049719315 -0.0024710289321344149 -0.0093797722375326652 0.081340953871711405 -0.040263611093334872 -0.19058600724439492 0.090689826609138768 0.050632614327040644 -0.061919710984824058 0.093448320294714352 -0.044216714875357534 -0.13601665613823388 -0.16427462110299904 -0.20075682919912835 -7.5623317472244597e-05 -0.0060849236554440123 -0.072828927662522427 -0.019395986861612206 -0.25950445875519218 -0.11950065156470074 0.051211302518067353 0.040146991021346431 -0.0095670985467836978 -0.14342740659681272 0.00086079902961801831 0.012966266228653796 -0.0077849977735236888 -0.025213646666445915 -0.025720754910393006 -0.00039754596935496437 -0.0018811475055930834 -0.023608288493357724 0.031458394305717868 -0.06301806835390035 0.0021497497817959893 0.0051406879510168656 0.00062083612774368384 -0.022118338101227146 0.038554766211083599 0.017548793488166636
leaf_weight=128.43016059696674 29835.002637164667 4109.1605915650725 9613.5972405187786 273.17245243489742 398.60623519867659 361.78514208272099 2174.8380630351603 236.34759813174605 796.06282038614154 1980.0241398587823 139.32719753682613 13663.817505933344 2725.6950731500983 1062.8679186217487 540.26310547441244 300.03878355771303 2290.2711002025753 243.65868347510695 684.03772287070751 301.23689633235335 984.02176604792476 180.14410085976124 641.14155180007219 202.7351311892271 1036.5748014375567 12639.420514855534 81.736916666850448 286.78013527020812 55.238591499626637 36.702796652913094 880.76534069702029 104.90321164391935 57.171570383012295 180.75515612587333 88.490701179951429 19.340334981679916 23.050294682383537 121143.19468253199 10230.170730149373 240.49376829341054 811.27123726159334 46.267741128802299 324.1356003433466 1432.6601453758776 1043.1176684647799 34030.676480716094 67.95390409976244 48470.794432256371 2146.4700540080667 1501.2744726743549 212.03082902729511 3381.6151647400111 133437.50593261607 2595.0655767060816 1935.3802850591019 2963.6909696161747 450.57718171365559 2810.2475245650858 2948.806489802897 55388.678396494128 922.52088439743966 2450.7804324645549 10648.832544532605
leaf_count=592 213811 23291 66232 1695 1847 2920 18320 1995 7930 17940 872 81294 19661 5722 3005 1465 12530 1235 3603 1304 8416 997 3586 959 6252 76417 1260 2288 322 211 5289 573 567 1045 647 104 99 849330 134481 2185 8007 393 2951 15641 9770 293055 495 544689 13754 12398 1257 24868 1126011 23410 23222 29954 3617 28334 21093 548602 9562 29182 140744
internal_value=-1.62564e-05 -0.00156652 0.00446583 -0.00591399 -0.00337709 -0.00724533 0.0114262 -0.0208046 0.00114919 0.0128932 -0.0126517 0.00367151 -0.0229855 -0.0355538 -0.0248617 -0.0658869 -0.0139678 -0.0222825 -0.037669 -0.0791447 -0.0195138 -0.0226557 -0.0410091 0.00428357 -0.0163777 -0.00866899 -0.00281154 -0.0364029 -0.0645418 0.0279065 0.0405219 -0.0223649 -0.00353868 -0.0413771 -0.0743878 -0.00543465 -0.0570122 0.000179462 0.00111748 -0.00949019 -0.0412164 -0.102948 -0.000882486 0.00106481 0.000267761 -0.00345063 -0.0311174 -0.00282602 0.0282751 -0.0136589 -0.0822142 0.00162024 0.000814996 -0.0068162 0.00188816 0.00748313 -0.0109258 0.0171935 0.00125103 0.00429114 0.00299965 0.0203068 0.0143863
internal_weight=530991 59522.2 24930.2 34592 12912.8 11491.9 3042.22 867.379 16888.2 12017.4 17703.8 15050.9 4925.09 2199.39 1626.18 573.211 8449.65 4340.49 2050.22 544.896 1837.26 1505.32 821.286 14922.5 1258.65 12778.7 2403.78 423.756 342.019 1420.98 1022.37 141.606 1041.19 631.031 269.246 1055.92 563.313 471469 250342 11328.2 1098.03 286.762 221127 125765 122186 95361.8 2105.39 93256.4 3579.13 1569.23 536.166 239014 209179 44785.6 10755 8819.58 3045.64 5773.94 205797 72359.6 66960 5399.59 11571.4
internal_count=4493301 382485 167435 215050 79393 71473 24927 6607 106114 88042 108936 89201 31647 11986 8826 3160 46546 23255 10725 2539 16913 8186 4583 88609 7315 77289 21810 3870 2610 7920 6073 784 8983 4612 1692 6356 3104 4110816 2258939 145066 10585 2578 1851877 888495 859100 963382 17101 946281 29395 12893 4208 2113873 1900062 401592 108537 85315 27027 58288 1875194 749183 698908 50275 150306
is_linear=0
shrinkage=0.176106


Tree=96
num_leaves=64
num_cat=0
split_feature=4 3 2 3 11 2 10 11 4 6 2 11 11 10 10 2 10 8 2 11 8 4 11 2 4 4 11 11 2 2 4 2 2 1 1 4 8 1 6 2 11 2 10 2 2 11 6 4 10 8 11 10 2 11 1 11 2 2 8 2 6 11 1
split_gain=8.66861 9.04268 14.4676 10.394 13.1298 10.0904 9.5432 9.25725 8.74032 8.38753 10.4397 21.6699 20.4961 20.4531 16.3221 15.6386 22.5124 27.3755 15.0898 14.1623 13.4369 12.972 13.0348 20.54 27.0377 18.0299 18.6637 17.7085 17.7517 17.4959 15.7277 14.2753 13.8055 12.5449 11.323 9.79776 9.59952 9.54465 11.6249 9.44978 16.6795 9.43841 9.18333 10.38 11.4975 9.14656 8.93046 8.88769 30.3253 11.9845 8.60352 11.0616 8.28845 8.41303 9.14751 8.26246 8.05532 14.3374 21.8498 13.096 34.8264 17.9252 11.6576
threshold=190.50000000000003 22.500000000000004 2305.5000000000005 21.500000000000004 0.94496391952150816 2151.0000000000005 0.86335829600486258 0.85023539950630389 159.50000000000003 6.5000000000000009 1930.5000000000002 0.84521891626411871 0.80052400229327048 0.86198324875157106 0.85417600067627553 1525.5000000000002 0.86335829600486258 0.90127320420397428 2005.5000000000002 0.86845618719696449 0.85824804301739877 192.50000000000003 0.84601841792547638 1330.5000000000002 774.50000000000011 334.50000000000006 0.82460786992758583 0.84474001479165062 805.50000000000011 825.50000000000011 992.50000000000011 1355.5000000000002 1155.5000000000002 1.5000000000000002 5.5000000000000009 550.50000000000011 0.79865757073970556 4.5000000000000009 2.5000000000000004 855.50000000000011 0.72915593889461039 1945.5000000000002 0.82137667740611919 1315.5000000000002 805.50000000000011 0.8634362895856863 3.5000000000000004 246.50000000000003 0.81459672985624421 0.79865757073970556 0.85499847116947503 0.84807002284021105 1630.5000000000002 0.90855054798096002 6.5000000000000009 0.96066218546996163 840.50000000000011 1405.5000000000002 0.90127320420397428 735.50000000000011 12.500000000000002 0.94962961734604301 3.5000000000000004
decision_type=2 2 2 2 2 2 2 2 2 2 2 2 2 2 2 2 2 2 2 2 2 2 2 2 2 2 2 2 2 2 2 2 2 2 2 2 2 2 2 2 2 2 2 2 2 2 2 2 2 2 2 2 2 2 2 2 2 2 2 2 2 2 2
left_child=1 3 -3 5 8 56 7 -7 -5 10 15 12 20 14 -13 21 17 45 35 -15 37 -2 23 24 27 26 31 42 -29 -30 39 -25 34 -16 -32 -14 46 38 -12 -26 -41 -35 47 44 -44 50 -33 48 -23 -49 51 -17 -47 -54 -55 -21 59 58 -58 -1 61 -61 -60
right_child=9 2 -4 4 -6 6 -8 -9 -10 -11 11 13 18 19 33 16 -18 -19 -20 55 -22 22 -24 25 30 -27 -28 28 29 -31 32 36 -34 41 -36 -37 -38 -39 -40 40 -42 -43 43 -45 -46 52 -48 49 -50 -51 -52 -53 53 54 -56 -57 57 -59 62 60 -62 -63 -64
leaf_value=0.0029055161774935259 0.09546515320725335 -0.23073878628725505 -0.013120731345991274 0.00046510701518319403 0.088550477535996611 -0.053402631281625965 0.00073730786701908292 -0.22982537781734688 0.042116611722280727 -0.00037480389401250064 0.12522547539971077 -0.02299240843852246 -0.025065573409564248 0.085471248273461087 -0.18027621364459234 0.013901803220760815 -0.0041274941146230964 0.077180077721459392 0.065963077632059539 -0.0037188716782519358 -0.096906541681606367 -0.048136408989382047 0.0071220823629036187 -0.12122197948889438 -0.034212106023748849 -0.0034183515417014849 0.013813017743844108 0.095367016202845337 -0.21975641412278463 -0.049471489304207229 0.080056251450000337 0.048490016337682046 -0.056927404577035358 -0.1547768657239901 -0.043038423372663358 0.078868060650703495 0.01158549341910284 0.025454708316335284 -0.02837943482275565 -0.032212005823143167 -0.1588927382601274 -0.04729866492171992 0.024526255250742236 0.071798032394528657 -0.013720654190406197 -0.05784188620314331 -0.065265350534561839 -0.0013162374357470713 0.073454174052681093 0.025078559828381711 0.057800779151903958 0.051455341170485669 -0.011629528377947408 0.076973542483326343 -0.082729129805276289 -0.16382808199240048 0.010731292063639446 0.00050012794724319269 -0.023649041998850717 -0.079434918559698683 -0.0052761718811958989 0.090718996589138345 0.0023774153750367195
leaf_weight=2956.2196635864675 45.007811237126589 13.267140155658124 33.143683880567551 457.83110632561147 83.597564778290689 23.176423013210297 38.05938334390521 15.32226077467203 237.20082389190793 467427.49870701227 16.087483964860439 572.01323492638767 124.69418795406818 56.703506108373404 31.848047558218241 2909.7433238048106 1781.1499243825674 241.18814539909363 281.76077502593398 687.3453466873616 48.863080196082592 87.112654622644186 5274.5384793942794 95.761680893599987 118.95273735001683 643.89519634097815 134.35252496600151 18.8951634503901 24.632613331079483 77.861071571707726 70.597519397735596 22.861101157963276 81.511037990450859 29.3186199888587 34.502069633454084 36.324028588831425 74.182238526642323 245.77674692124128 304.52529325336218 57.833432123064995 72.821694523096085 186.73861687630415 302.57685819640756 54.652468748390675 1254.0077264159918 83.782313320785761 335.64245111122727 1316.2394698299468 235.83308221027255 897.12052389979362 169.16577462479472 265.44947919994593 264.57259237021208 71.532218854874372 13.17131522670388 10.143541710451244 11424.353617860004 24288.274907553568 913.64213322103024 301.52103829756379 1646.977640490979 20.507207579910755 1283.6144609637558
leaf_count=46516 488 116 245 4251 3415 140 251 136 1986 3890447 86 4980 728 410 307 14979 19122 2121 2031 7813 271 673 72960 560 1048 3626 923 333 153 427 584 125 550 186 313 215 454 1406 1725 335 472 1522 3153 401 8650 828 1723 9650 2099 9195 1098 1598 1974 866 152 298 114359 194648 13811 3294 18156 481 17814
internal_value=-1.13444e-05 0.00236363 -0.0753297 0.00244616 0.0226111 0.00208027 -0.0617971 -0.123618 0.01468 -0.000224554 0.00332906 -0.00699687 0.0124934 -0.0200972 -0.0393499 0.0049156 0.0123529 0.0196575 0.0413865 0.000833439 -0.00830012 0.00110894 0.000732669 -0.00487313 0.000551524 -0.0244062 -0.0447955 0.00481895 -0.061481 -0.0903966 -0.0412104 -0.0596961 -0.00253659 -0.0770931 0.0396468 -0.00161923 -0.0460793 -0.00065594 -0.020672 -0.0701236 -0.102819 -0.0618833 0.00675939 -0.00363745 -0.00628602 0.0159847 -0.0580114 0.0133642 0.0406559 0.00938212 0.019103 0.0170413 -0.00809716 0.00383531 0.0521399 -0.00604733 0.00219444 0.00306491 0.00763808 -0.00450564 -0.0156326 -0.0685993 -0.00844466
internal_weight=530927 43736.7 46.4108 43690.3 778.629 42911.7 76.5581 38.4987 695.032 487191 19763.3 2632.14 1058.03 1574.11 819.919 17131.1 5799.76 4018.61 442.779 754.192 615.253 11331.4 11286.4 6011.85 4705.15 1306.7 662.8 4268.93 121.389 102.494 436.218 528.447 186.611 247.905 105.1 161.018 432.686 566.39 320.613 249.608 130.655 216.057 4147.54 1611.24 1556.58 3777.42 358.504 2536.31 322.946 2213.36 3344.36 3175.19 433.058 349.276 84.7035 697.489 42835.1 37909.9 13621.6 4925.23 1969.01 322.028 2197.26
internal_count=4493677 419619 361 419258 9652 409606 527 276 6237 4074058 183611 21978 6462 15516 6995 161633 42738 23616 2974 8521 3488 118895 118407 45447 38036 7411 3785 34734 913 580 3302 2862 1447 2015 897 943 2302 3217 1811 1855 807 1708 33821 12204 11803 21495 1848 21617 2772 18845 17675 16577 3820 2992 1018 8111 409079 340632 145984 68447 21931 3775 31625
is_linear=0
shrinkage=0.176106


Tree=97
num_leaves=64
num_cat=0
split_feature=4 6 11 9 0 7 7 7 4 2 2 11 7 8 9 9 9 2 1 11 0 2 9 2 7 7 0 11 11 4 2 11 8 2 2 2 9 1 4 11 2 6 2 0 2 1 0 2 0 2 0 11 8 11 9 0 2 9 0 2 8 0 4
split_gain=5.93562 6.40796 12.1686 8.50751 9.32501 10.854 15.105 15.5483 7.56167 6.0333 9.33365 16.893 16.4835 15.0788 12.8452 13.197 12.1533 12.0409 11.3246 14.5731 10.9388 10.4389 9.97863 9.9327 9.83973 16.2519 13.6996 21.0297 14.1934 11.837 10.7558 30.3395 12.2341 10.023 22.8549 16.4361 11.5656 11.1442 9.96879 19.298 12.1143 12.1444 9.79871 17.6705 10.5306 9.53524 12.0667 9.68256 9.52984 9.26394 19.435 12.4526 24.3584 14.6587 13.8259 13.1108 10.9489 10.4492 19.414 10.0721 12.0363 11.2666 18.5251
threshold=190.50000000000003 2.5000000000000004 0.94765148566238488 0.77622320405825573 4.5000000000000009 277.50000000000006 175.50000000000003 110.50000000000001 134.50000000000003 840.50000000000011 1405.5000000000002 0.94251037420586836 302.50000000000006 0.90127320420397428 0.89691561587611812 0.86753701908127434 0.78316546599407266 1120.5000000000002 3.5000000000000004 0.92900998963339942 8.5000000000000018 910.50000000000011 0.77622320405825573 1305.5000000000002 75.500000000000014 35.500000000000007 6.5000000000000009 0.90048843653080191 0.93226796274090529 149.00000000000003 1530.5000000000002 0.9081118007279243 0.84154593889460827 1600.5000000000002 1779.5000000000002 1810.5000000000002 0.90827501979947367 5.5000000000000009 159.50000000000003 0.87976988099814979 1435.5000000000002 92.500000000000014 1800.5000000000002 7.5000000000000009 1805.5000000000002 1.5000000000000002 3.5000000000000004 935.50000000000011 8.5000000000000018 705.50000000000011 5.5000000000000009 0.88518271275280636 0.83526014591826703 0.88563642721483948 0.8947458345950704 5.5000000000000009 524.50000000000011 0.78316546599407266 4.5000000000000009 825.50000000000011 0.86628032038578417 6.5000000000000009 159.50000000000003
decision_type=2 2 2 2 2 2 2 2 2 2 2 2 2 2 2 2 2 2 2 2 2 2 2 2 2 2 2 2 2 2 2 2 2 2 2 2 2 2 2 2 2 2 2 2 2 2 2 2 2 2 2 2 2 2 2 2 2 2 2 2 2 2 2
left_child=1 2 3 -1 5 6 7 -5 -4 49 13 16 -13 22 15 17 20 -15 45 -20 -12 -17 23 -11 25 33 -27 29 -29 -28 31 -26 -33 38 -35 37 -37 -36 40 -40 41 -18 -32 -44 -45 -16 47 -47 -48 50 56 54 -53 55 57 -54 -3 58 -51 60 61 -59 -63
right_child=-2 9 8 4 -6 -7 -8 -9 -10 10 11 12 -14 14 18 21 24 -19 19 -21 -22 -23 -24 -25 30 26 27 28 -30 -31 42 32 -34 34 35 36 -38 -39 39 -41 -42 -43 43 44 -46 46 48 -49 -50 51 -52 52 53 -55 -56 -57 -58 59 -60 -61 -62 62 -64
leaf_value=-0.17029526116298455 -0.00018272797356029652 -0.11467407366827523 -0.094689516527857592 -0.076126041814745526 0.042875223239087587 0.1117849844593876 -0.1799456005645883 0.096267711213302173 -0.37180080533572135 -0.050165229743381549 0.012874054050455434 0.024875404626417567 -0.1049595470330326 -0.027045038063340909 0.017397222424297216 0.020076925690693141 -0.037423659667503148 0.097219966832996108 -0.009036739719072583 0.038560604990811626 0.074435306592975925 -0.041208079770282673 0.0099207201550297625 0.035620799030503657 0.018818134867850247 0.0037745328592946031 0.065763203609452259 -0.038733724666488972 0.07414776291768127 0.024876185711310426 -0.016239924915606795 -0.012721724159748303 -0.087037281466327374 0.0143047736637714 -0.061527421568748498 -0.0012401352289381409 -0.045848358294096919 0.0075688099574954745 -0.04190402209917974 0.013713055885603944 -0.010948741056872735 0.041269421370254238 0.0085231618899036261 0.13309106079891192 -0.038682641559264513 0.019292915268206038 0.011220594327972991 -0.088970624793107619 -0.082246802151427781 0.011699130540682086 0.027784563249939401 -0.072702809007366878 -0.036842005169397438 -0.0072827518365692475 0.083692934469206684 -0.32582187439278049 -0.0055035024632359483 0.023869292644394222 -0.14660731717226586 -0.024346720078670701 -0.057208934208054014 0.015876950047792521 -0.070328549770939344
leaf_weight=10.700214860960839 487250.1380539434 29.184203338809311 8.7890816889703256 50.079970025457442 67.755472168326378 12.921805612742899 24.434669097885489 24.001414008438587 4.6801458895206443 162.42145197093487 844.25212775170803 1145.3941862834617 31.150964099913836 47.161147762089968 189.43615616392344 100.25863482058048 76.718621328473091 49.634392820298672 363.65278358012438 441.94390893168747 100.13390820473433 614.62273069657385 11065.034925509244 56.391690358519554 1191.7578104287386 2360.7635989040136 317.63105220720172 205.30720944330096 41.534026820212603 711.4669031649828 3303.7856713458896 154.48648838698864 123.7205056399107 2837.1125268600881 249.73570473864675 6618.67455082573 185.30266490764916 101.94233052060008 668.39319630712271 272.31297401711345 1367.1511058993638 293.50609895214438 1476.6948970481753 11.402532815933226 377.92638720013201 31.91205388866365 193.58816165663302 129.93581473082304 40.995361872017384 53.19980950653553 756.3518760483712 251.93320980481803 11.413388639688494 872.31615013629198 58.107175981625915 8.4917383939027768 1199.5947805140167 796.63353376463056 43.810059867799282 405.15288276597857 82.577258622273803 219.65359574183822 119.30089773237705
leaf_count=63 4074058 646 208 474 576 103 178 212 79 1067 4075 28210 521 601 3311 1192 523 431 3198 9422 529 6865 112509 277 8922 18950 2215 2037 592 4521 24615 2153 1687 19631 1606 45176 2501 717 4433 2820 10659 2520 11650 59 3012 330 3651 1744 778 330 15233 2995 140 15040 687 113 18339 6499 288 3319 1235 2016 1136
internal_value=-6.45227e-06 0.00196052 -0.0292274 -0.0177544 -0.00864566 -0.0399709 -0.0598759 -0.0202727 -0.190977 0.00210645 0.00284672 0.000836908 0.0214378 0.00658235 -0.00674395 -0.0243503 -0.000177581 0.036675 0.00352628 0.0170748 0.0194014 -0.0326132 0.00918427 -0.0280568 -0.000983346 0.00134358 0.0117208 0.0264232 -0.01974 0.037496 -0.00669838 0.00659405 -0.0457703 -0.00163482 0.000929309 -0.00437387 -0.00245502 -0.0414982 -0.0112024 -0.0258041 -0.00329626 0.0249625 -0.0104779 -0.000276259 -0.0336518 -0.0151036 -0.0306342 -0.067624 -0.00511359 -0.00370916 0.00557458 -0.010015 -0.0243467 -0.0106926 -0.00079473 -0.160124 -0.00809637 -0.00364845 -0.0597927 -0.000293258 0.00770675 0.0124273 -0.0144646
internal_weight=530916 43666.3 203.363 189.894 179.193 111.438 98.5161 74.0814 13.4692 43463 38555.2 25068.3 1176.55 13487 2203.14 811.677 23891.7 96.7955 1391.46 805.597 944.386 714.881 11283.8 218.813 22947.3 16307.6 3636.7 1275.94 246.841 1029.1 6639.77 1469.96 278.207 12670.8 9992.77 7155.66 6803.98 351.678 2678.08 940.706 1737.38 370.225 5169.81 1866.02 389.329 585.868 396.431 161.848 234.584 4907.72 1985.13 2922.59 1144.15 892.221 1778.44 19.9051 1228.78 1720.33 97.0099 1623.32 1218.17 1135.59 338.954
internal_count=4493677 419619 1893 1606 1543 967 864 686 287 417726 349710 204334 28731 145376 31523 9089 175603 1032 22434 12620 4604 8057 113853 1344 170999 118901 28315 9365 2629 6736 52098 12762 3840 90586 69631 50000 47677 2323 20955 7253 13702 3043 39336 14721 3071 9814 6503 2074 4429 68016 34218 33798 18288 15293 15510 253 18985 14823 618 14205 10886 9651 3152
is_linear=0
shrinkage=0.176106


Tree=98
num_leaves=64
num_cat=0
split_feature=6 4 10 6 1 7 7 9 2 7 2 2 11 8 7 4 8 2 10 2 2 7 8 8 9 1 9 6 6 2 6 2 8 4 6 4 9 6 2 11 2 1 1 10 7 9 9 2 7 10 6 9 4 2 4 2 2 6 8 8 1 2 6
split_gain=5.00598 9.73219 9.10147 8.09194 10.4151 7.01117 7.91264 6.67406 6.46463 8.35185 8.59451 6.25382 10.6236 7.53025 7.26527 6.21943 5.42472 10.0771 8.37461 5.48999 6.03116 9.79167 5.37139 11.4935 19.7858 18.4203 19.9323 31.1991 38.4897 26.7096 37.8398 20.8785 19.4603 24.7946 21.2403 17.9021 31.1572 25.4733 29.5406 17.4257 17.6552 17.3671 37.0235 42.6128 41.2 39.1351 59.1765 31.4645 29.5446 34.087 27.3084 27.1788 26.6286 28.0301 25.734 24.6655 31.0309 30.9847 21.5954 46.8547 41.6257 25.6936 21.8722
threshold=3.5000000000000004 690.50000000000011 0.89576376616031173 2.5000000000000004 4.5000000000000009 50.500000000000007 310.50000000000006 0.91808213375570891 1510.5000000000002 254.50000000000003 1730.5000000000002 1230.5000000000002 0.86467027660895368 0.85370962442027898 14.500000000000002 209.50000000000003 0.8563935865996698 1429.5000000000002 0.85319414781819847 755.50000000000011 1030.5000000000002 96.500000000000014 0.84154593889460827 0.85154788907268331 0.90827501979947367 4.5000000000000009 0.81204943875531377 328.50000000000006 341.50000000000006 1345.5000000000002 331.50000000000006 1110.5000000000002 0.8563935865996698 1090.5000000000002 164.50000000000003 888.50000000000011 0.89252151232798049 183.50000000000003 930.50000000000011 0.76680242760860262 621.50000000000011 4.5000000000000009 3.5000000000000004 0.77564160435723117 106.50000000000001 0.86753701908127434 0.86800918598010002 1250.5000000000002 287.50000000000006 0.87396825112711551 228.50000000000003 0.8205528234104148 369.50000000000006 815.50000000000011 1847.0000000000002 1855.5000000000002 925.50000000000011 174.50000000000003 0.84496713270957635 0.848122963620355 5.5000000000000009 705.50000000000011 246.50000000000003
decision_type=2 2 2 2 2 2 2 2 2 2 2 2 2 2 2 2 2 2 2 2 2 2 2 2 2 2 2 2 2 2 2 2 2 2 2 2 2 2 2 2 2 2 2 2 2 2 2 2 2 2 2 2 2 2 2 2 2 2 2 2 2 2 2
left_child=1 2 7 4 -4 11 -7 8 16 15 -11 -3 13 -13 -15 -10 -1 18 -18 -20 21 -21 -2 24 41 -25 29 32 31 -27 -31 -29 35 -34 39 36 -28 -38 -39 -35 -41 42 -24 44 -44 -45 55 52 49 50 -49 -52 53 -43 -51 56 -47 -58 -54 -60 61 -61 -62
right_child=22 5 3 -5 -6 6 -8 -9 9 10 -12 12 -14 14 -16 -17 17 -19 19 20 -22 -23 23 25 -26 26 27 28 -30 30 -32 -33 33 34 -36 -37 37 38 -40 40 -42 47 43 45 -46 46 -48 48 -50 54 51 -53 58 -55 -56 -57 57 -59 59 60 62 -63 -64
leaf_value=0.0082600197358280274 -0.0007200918226687895 0.02072170591830624 -0.01931461616733518 -0.014745844379660788 -0.26322127598033629 0.0039668534792123922 -0.1138251711928699 0.044135295510250153 0.0074895664834021677 0.031379264540423259 -0.053353146353254596 0.059450216660655662 -0.18478366355203948 -0.17366864713922239 -0.025487226593310111 0.036671999499546575 -0.049359845438146248 -0.15262365103061673 0.082386192685125079 -0.11531265769359494 0.032526844306339696 0.023876114914736554 0.0024180514363330392 0.0011085978942843308 0.014348495697684423 0.01663576764027596 0.0034538225127070843 -0.016618576143188856 -0.014508880829912255 -0.0075202598299870535 0.026973816442057864 -0.12548565313917859 -0.0024833795468719336 -0.034198580561018335 -0.011681316331499414 -0.01071143790715386 -0.022764911211402349 -0.40980017824579551 -0.077796324626900629 -0.045728178050121214 0.011930204549104137 -0.014580901088849785 -0.017411675598674969 -0.0053438045535415734 0.052000214802631048 0.0078620750660706746 -0.0077286639217742778 -0.00014311867531322935 0.034084025197218731 0.027001807114498545 0.0098683656683470934 0.049134862459080005 -0.020683287436501909 0.029796997175874147 -0.0057603883190381214 -0.0089071967287846273 -0.1255418170224068 -0.056726241060020256 0.015149301638934883 -0.034716290411094308 -0.014354232489137007 0.014842076985954923 -0.04497067574390496
leaf_weight=900.54312015324831 184987.62577774748 24.632466563954949 11.42769616097212 84.131253406405449 10.344605067744849 257.44600619003177 18.991127591580153 199.08628430310637 356.00844875909388 63.451318323612213 89.481201320886612 16.457121729850769 22.131242964416742 16.260334856808186 27.815320380032063 622.59267762675881 108.75169736891985 16.596389282494783 29.490489988587797 29.55812156945467 74.587049096822739 33.37179210036993 40088.089772045612 142307.37751483638 3906.8279978847131 3977.9280529785901 7553.4156156610698 79.103956557810307 913.36255010962486 5657.1441384665668 1194.5730278715491 176.60635077953339 56091.313219836913 273.17845836281776 1698.2898859865963 14319.733460187912 1043.834035102278 10.916961774230002 34.826643511652946 167.65700311027467 9343.3954156944528 635.17279663681984 429.88410663977265 11383.026446398348 692.29214393720031 141.68845019116998 1930.8040382489562 14328.972900003195 1304.7531381733716 3675.1694168839604 3267.2842549905181 656.53670908138156 2294.1869150679559 1446.9804287664592 932.14306510984898 269.98208446800709 312.54590937122703 578.52666578441858 3362.9031423144042 382.98668923042715 2994.2741869129241 2122.5530751813203 954.29196421802044
leaf_count=7683 1315838 312 181 1611 156 2177 150 3119 2444 338 487 116 256 85 155 4055 1027 204 545 270 796 307 326982 1380953 52546 42612 66256 794 7161 35982 7554 1088 568185 1490 14020 115391 11966 99 314 2245 91357 8043 2471 76727 4286 1493 17891 97571 7973 30436 21235 5061 18557 16788 5890 1776 2066 4156 35411 4458 34548 18213 9524
internal_value=8.5597e-05 0.00724329 0.0110667 -0.0395098 -0.135201 -0.0189557 -0.00412541 0.0131893 0.0105387 0.0200745 -0.0181979 -0.0571643 -0.080373 -0.0421997 -0.0801541 0.0260556 0.0014935 -0.0193494 -0.0113284 0.0134368 -0.00134933 -0.0415007 4.47439e-05 0.000457316 0.00206804 -0.000187994 -0.00198752 -0.00283129 -0.0314164 0.00515759 -0.00150634 -0.0918076 -0.00246218 -0.000957096 0.00649869 -0.00689129 -0.000562049 -0.0284018 -0.157031 0.00965427 0.0109138 0.00155865 -0.000423593 -0.00766153 0.0254099 -0.0102006 -0.0272978 0.00444361 0.00830912 0.00683801 0.00342144 0.0164385 -0.00213761 0.0162593 0.0203734 -0.0563012 -0.0686909 -0.0808635 -0.0053004 -0.00170549 -0.0104877 0.00726679 -0.0217536
internal_weight=530935 3013.16 2629.42 105.904 21.7723 383.734 276.437 2523.52 2324.43 1131.53 152.933 107.296 82.664 60.5328 44.0757 978.601 1192.9 292.356 275.759 167.007 137.517 62.9299 527922 342935 98091.9 244843 102535 91705.6 1169.07 10829.6 6851.72 255.71 90536.6 67573.8 11482.5 22962.7 8642.99 1089.58 45.7436 9784.23 9511.05 94185 55826.8 15738.7 1122.18 14616.6 3233.55 38358.2 24164.9 22860.1 18252.8 3923.82 14193.3 2082.15 4607.31 1302.74 1032.76 891.073 12111.2 9817.01 6454.11 2505.54 3948.57
internal_count=4493881 26474 23223 1948 337 3251 2327 21275 18156 7324 825 924 612 356 240 6499 10832 3149 2945 1918 1373 577 4467407 3151569 804102 2347467 966514 880366 9043 86148 43536 1882 871323 677297 109112 194026 78635 12379 413 95092 93602 751556 437848 110866 6757 104109 27382 313708 168166 160193 123867 26296 145542 24831 36326 9491 7715 6222 120711 102154 66743 22671 44072
is_linear=0
shrinkage=0.176106


Tree=99
num_leaves=64
num_cat=0
split_feature=4 5 4 5 4 2 7 4 11 8 5 11 4 4 5 1 8 0 4 11 2 0 11 11 4 5 11 8 11 2 7 2 2 2 8 4 4 2 7 4 5 11 2 0 4 4 11 4 2 2 11 4 11 7 8 0 5 4 0 2 2 11 7
split_gain=4.70648 15.1424 12.9664 12.1811 32.1432 18.213 19.8338 32.6266 26.5688 24.8488 23.6799 28.0877 22.9424 17.8124 40.2453 27.3341 26.4885 22.9599 24.8377 26.3788 22.568 20.8355 34.3869 28.6618 23.7467 23.7239 21.3629 20.3093 24.6907 20.6145 19.7093 19.0887 25.7733 18.8918 16.9224 30.43 19.5284 16.089 16.043 15.6167 15.374 17.5308 15.2342 13.2758 14.3253 12.9163 12.6846 12.4945 12.2318 33.7733 20.5587 26.3291 33.7535 19.9456 12.857 21.1082 18.0453 14.2328 11.7746 11.6114 39.7361 19.3287 15.9809
threshold=190.50000000000003 49.500000000000007 77.500000000000014 75.500000000000014 366.50000000000006 840.50000000000011 70.500000000000014 457.50000000000006 0.90407798541836371 0.90127320420397428 73.500000000000014 0.9077686197422723 386.50000000000006 402.50000000000006 82.500000000000014 6.5000000000000009 0.85370962442027898 7.5000000000000009 410.50000000000006 0.91918242576137332 1530.5000000000002 4.5000000000000009 0.76386775835991216 0.95219441726794674 290.50000000000006 81.500000000000014 0.65809831459764956 0.78730933661789715 0.71472257633703651 1420.5000000000002 337.50000000000006 1930.5000000000002 1300.5000000000002 2040.5000000000002 0.82113268084446045 398.00000000000006 366.50000000000006 1410.5000000000002 107.50000000000001 213.50000000000003 92.500000000000014 0.7603205610219278 900.50000000000011 1.5000000000000002 407.50000000000006 382.00000000000006 0.79831616458399723 398.00000000000006 2010.5000000000002 1820.5000000000002 0.89246234404292468 343.00000000000006 0.89514618823245151 129.50000000000003 0.90127320420397428 3.5000000000000004 64.500000000000014 229.50000000000003 5.5000000000000009 1830.5000000000002 1845.5000000000002 0.88208885160104689 124.50000000000001
decision_type=2 2 2 2 2 2 2 2 2 2 2 2 2 2 2 2 2 2 2 2 2 2 2 2 2 2 2 2 2 2 2 2 2 2 2 2 2 2 2 2 2 2 2 2 2 2 2 2 2 2 2 2 2 2 2 2 2 2 2 2 2 2 2
left_child=1 -1 -3 4 48 -6 8 9 -7 -8 -10 -12 -11 16 15 17 21 18 19 -15 -18 24 25 30 39 26 -23 29 -29 -27 -24 32 -26 -33 36 37 -34 -36 -39 -5 41 -30 -28 44 -17 59 -38 -48 49 -2 -51 -52 -53 54 -50 56 57 -56 -54 -22 61 62 -61
right_child=3 2 -4 13 5 6 7 -9 10 12 11 -13 -14 14 -16 43 20 -19 -20 -21 45 22 23 -25 31 27 42 28 40 -31 -32 33 34 -35 35 -37 46 38 -40 -41 -42 -43 -44 -45 -46 -47 47 -49 53 50 51 52 58 -55 55 -57 -58 -59 -60 60 -62 -63 -64
leaf_value=-0.0025446060878608128 -0.00039448537274711451 -0.14322814076943721 0.004386988431741244 -0.010991231741485738 0.022767082181499303 -0.0241164265021955 -0.047338515187147101 -0.33788975654757719 -0.029058950861957797 0.13357436042116788 0.076276018537371773 0.00014487591629239169 -0.051393282737168991 -0.032883022457578931 0.00013784263080443215 -0.26831149710176638 0.0032741684728031556 0.011395644541782718 -0.0065834839161295023 -0.18531403868228127 0.030163186955377203 -0.071869145149128316 -0.00054726551569021808 -0.1121341491218726 -0.0053533050594445908 -0.089051022827694934 -0.057981957917621736 0.096648351583990211 -0.025866466577437245 -0.02830171856950553 0.030031238566778765 -0.037085255334058757 0.012751929195169025 0.00020401031024923819 0.038568022239621497 -0.10111609467858618 0.087216328459358186 0.013105998463498296 -0.01437993287323624 0.018188651533816103 0.021762651349383221 -0.10974799503410662 0.01324555221251608 -0.037640493527334243 -0.076701462982180502 -0.00019079583195309681 0.014660341798547596 0.068885058817323971 0.0016769852002240728 -0.0069721059611950881 -0.01977991792087664 -0.3119066558453637 -0.1025819358321329 0.047037156823956275 -0.024361354560552034 0.062223361930852795 0.029679414522794479 -0.1858002775856463 -0.0094802200844202825 -0.20403616945974895 0.020694747674914412 -0.0082846100905010021 -0.059311018995781777
leaf_weight=15718.657918354496 65346.629041259177 18.46704719401896 27891.897990566678 640.55368768051267 332.68762318138033 2060.3093207720667 872.17594879865646 11.423912189900873 296.04962609149516 47.548523955047131 255.37900794669986 365.24740113690495 36.964396255090833 1168.3252672348171 337615.31998612545 15.164862815290688 5958.9072102252394 1189.3690261589363 2445.8531475765631 36.303461538627744 2682.4052853435278 121.29579604789615 16752.939396336675 70.167191525921226 5124.6266453433782 334.51866918057203 103.33976897969842 55.19977992773056 576.39107849448919 359.31743001006544 680.26107276976109 745.11209782585502 2431.4132445957512 969.76913421973586 389.63613929599524 85.925008572638035 171.4807587787509 1406.6411061473191 1238.4202092178166 5079.0800033546984 173.38981280475855 89.234486259520054 942.32329227775335 730.82048081606627 59.892425589263439 925.14461120776832 393.5225600451231 198.1459457911551 10804.341078095138 9712.0323113389313 2146.1063445936888 18.8122803196311 100.4084003418684 326.95791810005903 47.454882284626365 279.33796772733331 114.60504003614187 26.335729468613863 72.583020646125078 39.641769498586655 1814.2221811749041 102.20897854864597 58.703751087188721
leaf_count=163838 630790 161 255761 4000 8155 16529 7814 88 2879 400 2895 4893 735 10084 2760740 135 76329 12245 25508 619 23108 520 126157 1407 44897 1725 751 246 3001 1575 6661 4911 14174 6715 3453 664 958 11150 8963 35403 1000 531 4586 7005 536 8175 2473 1651 75958 59428 21497 148 1002 2568 788 4892 1327 352 731 260 16528 1056 352
internal_value=7.48722e-05 0.00182719 0.00428932 -8.20334e-05 -0.0018917 -0.016803 -0.0201399 -0.0420364 -0.0130192 -0.0385036 0.0119228 0.0314718 0.0526729 0.000346405 -0.000108744 -0.0148547 0.00342711 -0.00985448 -0.016778 -0.0374768 0.0108254 0.0012376 -0.0026847 0.000193828 0.00544752 -0.0209728 -0.00190896 -0.0349816 -0.0174389 -0.0575907 0.000645939 0.00132859 0.00392594 -0.0159981 0.0114558 0.00223229 0.0204659 0.00515851 0.000237059 0.0149207 -0.0249448 -0.0371117 0.00620635 -0.0448842 -0.115415 0.0188287 0.0450428 0.0328198 -0.00117496 -0.00197421 -0.010541 -0.025367 -0.0878808 0.00415823 0.00291448 0.0314998 -0.0140547 -0.0819786 -0.0635187 0.0225748 0.0124718 -0.0619128 -0.117648
internal_weight=530877 43629 27910.4 487248 93273.4 4277.79 3945.1 968.113 2976.99 956.689 916.676 620.626 84.5129 393975 343261 5645.73 50713.9 4839.85 3650.48 1204.63 11581.2 39132.7 20258.4 17503.4 18874.3 2755.01 1166.96 1588.05 894.215 693.836 17433.2 13154.7 11439.8 1714.88 6315.18 3120.62 3194.56 3034.7 2645.06 5719.63 839.015 665.626 1045.66 805.878 75.0573 5622.33 763.149 591.669 88995.6 77396.6 12049.9 2337.91 191.804 11599 11272.1 467.734 188.396 73.7906 172.991 4697.18 2014.78 200.554 98.3455
internal_count=4493881 419760 255922 4074121 843869 44388 36233 9037 27196 8949 10667 7788 1135 3230252 2816872 56132 413380 48456 36211 10703 125808 287572 148160 134225 139412 13935 5857 8078 4778 3300 132818 100009 88383 11626 43486 24230 19256 23566 20113 39403 4532 3532 5337 7676 671 49479 5082 4124 799481 713596 82806 23378 1881 85885 83317 7359 2467 1140 1733 41304 18196 1668 612
is_linear=0
shrinkage=0.176106


end of trees

feature_importances:
Month=783
CRSDepTime=738
Origin_freq=632
UniqueCarrier_freq=625
Dest_freq=537
DayOfWeek=517
dest_hourly_volume=489
CRSElapsedTime=440
origin_hourly_volume=426
route_freq=411
Distance=406
dep_hour_raw=219
dep_hour_bin_freq=57
distance_bin_freq=20

parameters:
[boosting: gbdt]
[objective: binary]
[metric: binary_logloss]
[tree_learner: serial]
[device_type: cpu]
[data_sample_strategy: bagging]
[data: ]
[valid: ]
[num_iterations: 100]
[learning_rate: 0.176106]
[num_leaves: 64]
[num_threads: 0]
[seed: 42]
[deterministic: 0]
[force_col_wise: 0]
[force_row_wise: 0]
[histogram_pool_size: -1]
[max_depth: 12]
[min_data_in_leaf: 87]
[min_sum_hessian_in_leaf: 0.001]
[bagging_fraction: 0.94952]
[pos_bagging_fraction: 1]
[neg_bagging_fraction: 1]
[bagging_freq: 2]
[bagging_seed: 400]
[bagging_by_query: 0]
[feature_fraction: 0.747023]
[feature_fraction_bynode: 1]
[feature_fraction_seed: 30056]
[extra_trees: 0]
[extra_seed: 12879]
[early_stopping_round: 0]
[early_stopping_min_delta: 0]
[first_metric_only: 0]
[max_delta_step: 0]
[lambda_l1: 0]
[lambda_l2: 0]
[linear_lambda: 0]
[min_gain_to_split: 0]
[drop_rate: 0.1]
[max_drop: 50]
[skip_drop: 0.5]
[xgboost_dart_mode: 0]
[uniform_drop: 0]
[drop_seed: 17869]
[top_rate: 0.2]
[other_rate: 0.1]
[min_data_per_group: 100]
[max_cat_threshold: 32]
[cat_l2: 10]
[cat_smooth: 10]
[max_cat_to_onehot: 4]
[top_k: 20]
[monotone_constraints: ]
[monotone_constraints_method: basic]
[monotone_penalty: 0]
[feature_contri: ]
[forcedsplits_filename: ]
[refit_decay_rate: 0.9]
[cegb_tradeoff: 1]
[cegb_penalty_split: 0]
[cegb_penalty_feature_lazy: ]
[cegb_penalty_feature_coupled: ]
[path_smooth: 0]
[interaction_constraints: ]
[verbosity: -1]
[saved_feature_importance_type: 0]
[use_quantized_grad: 0]
[num_grad_quant_bins: 4]
[quant_train_renew_leaf: 0]
[stochastic_rounding: 1]
[linear_tree: 0]
[max_bin: 255]
[max_bin_by_feature: ]
[min_data_in_bin: 3]
[bin_construct_sample_cnt: 200000]
[data_random_seed: 175]
[is_enable_sparse: 1]
[enable_bundle: 1]
[use_missing: 1]
[zero_as_missing: 0]
[feature_pre_filter: 0]
[pre_partition: 0]
[two_round: 0]
[header: 0]
[label_column: ]
[weight_column: ]
[group_column: ]
[ignore_column: ]
[categorical_feature: ]
[forcedbins_filename: ]
[precise_float_parser: 0]
[parser_config_file: ]
[objective_seed: 16083]
[num_class: 1]
[is_unbalance: 0]
[scale_pos_weight: 1]
[sigmoid: 1]
[boost_from_average: 1]
[reg_sqrt: 0]
[alpha: 0.9]
[fair_c: 1]
[poisson_max_delta_step: 0.7]
[tweedie_variance_power: 1.5]
[lambdarank_truncation_level: 30]
[lambdarank_norm: 1]
[label_gain: ]
[lambdarank_position_bias_regularization: 0]
[eval_at: ]
[multi_error_top_k: 1]
[auc_mu_weights: ]
[num_machines: 1]
[local_listen_port: 12400]
[time_out: 120]
[machine_list_filename: ]
[machines: ]
[gpu_platform_id: -1]
[gpu_device_id: -1]
[gpu_use_dp: 0]
[num_gpu: 1]

end of parameters

pandas_categorical:[]
